# WaveFront *.obj file (generated by Autodesk ATF)

mtllib femur motor back mount.mtl

g Body1

v -0.050885 -0.111076 -0.033900
v -0.050917 -0.110683 -0.033900
v -0.051011 -0.110300 -0.033900
v -0.051166 -0.109938 -0.033900
v -0.051377 -0.109604 -0.033900
v -0.051638 -0.109309 -0.033900
v -0.051944 -0.109060 -0.033900
v -0.052285 -0.108863 -0.033900
v -0.052654 -0.108723 -0.033900
v -0.053040 -0.108644 -0.033900
v -0.053434 -0.108628 -0.033900
v -0.053826 -0.108675 -0.033900
v -0.054205 -0.108785 -0.033900
v -0.054561 -0.108954 -0.033900
v -0.054886 -0.109178 -0.033900
v -0.055170 -0.109451 -0.033900
v -0.055407 -0.109767 -0.033900
v -0.055590 -0.110116 -0.033900
v -0.055715 -0.110490 -0.033900
v -0.055778 -0.110879 -0.033900
v -0.055778 -0.111274 -0.033900
v -0.055715 -0.111663 -0.033900
v -0.055590 -0.112037 -0.033900
v -0.055407 -0.112386 -0.033900
v -0.055170 -0.112701 -0.033900
v -0.054886 -0.112975 -0.033900
v -0.054561 -0.113199 -0.033900
v -0.054205 -0.113368 -0.033900
v -0.053826 -0.113477 -0.033900
v -0.053434 -0.113525 -0.033900
v -0.053040 -0.113509 -0.033900
v -0.052654 -0.113430 -0.033900
v -0.052285 -0.113290 -0.033900
v -0.051944 -0.113093 -0.033900
v -0.051638 -0.112844 -0.033900
v -0.051377 -0.112549 -0.033900
v -0.051166 -0.112215 -0.033900
v -0.051011 -0.111852 -0.033900
v -0.050917 -0.111470 -0.033900
v -0.055345 -0.111076 -0.033500
v -0.055313 -0.110718 -0.033500
v -0.055217 -0.110370 -0.033500
v -0.055061 -0.110046 -0.033500
v -0.054849 -0.109754 -0.033500
v -0.054589 -0.109506 -0.033500
v -0.054288 -0.109307 -0.033500
v -0.053957 -0.109166 -0.033500
v -0.053606 -0.109085 -0.033500
v -0.053246 -0.109069 -0.033500
v -0.052889 -0.109118 -0.033500
v -0.052546 -0.109229 -0.033500
v -0.052229 -0.109400 -0.033500
v -0.051947 -0.109624 -0.033500
v -0.051710 -0.109895 -0.033500
v -0.051526 -0.110205 -0.033500
v -0.051399 -0.110542 -0.033500
v -0.051335 -0.110896 -0.033500
v -0.051335 -0.111257 -0.033500
v -0.051399 -0.111611 -0.033500
v -0.051526 -0.111948 -0.033500
v -0.051710 -0.112257 -0.033500
v -0.051947 -0.112529 -0.033500
v -0.052229 -0.112753 -0.033500
v -0.052546 -0.112924 -0.033500
v -0.052889 -0.113035 -0.033500
v -0.053246 -0.113084 -0.033500
v -0.053606 -0.113068 -0.033500
v -0.053957 -0.112987 -0.033500
v -0.054288 -0.112846 -0.033500
v -0.054589 -0.112647 -0.033500
v -0.054849 -0.112398 -0.033500
v -0.055061 -0.112107 -0.033500
v -0.055217 -0.111782 -0.033500
v -0.055313 -0.111435 -0.033500
v -0.057086 -0.111076 -0.050500
v -0.057054 -0.111566 -0.050500
v -0.056958 -0.112047 -0.050500
v -0.056800 -0.112512 -0.050500
v -0.056583 -0.112951 -0.050500
v -0.056311 -0.113359 -0.050500
v -0.055987 -0.113728 -0.050500
v -0.055619 -0.114052 -0.050500
v -0.055211 -0.114324 -0.050500
v -0.054771 -0.114541 -0.050500
v -0.054306 -0.114699 -0.050500
v -0.053825 -0.114794 -0.050500
v -0.053336 -0.114826 -0.050500
v -0.052846 -0.114794 -0.050500
v -0.052365 -0.114699 -0.050500
v -0.051901 -0.114541 -0.050500
v -0.051461 -0.114324 -0.050500
v -0.051053 -0.114052 -0.050500
v -0.050684 -0.113728 -0.050500
v -0.050361 -0.113359 -0.050500
v -0.050088 -0.112951 -0.050500
v -0.049871 -0.112512 -0.050500
v -0.049714 -0.112047 -0.050500
v -0.049618 -0.111566 -0.050500
v -0.049586 -0.111076 -0.050500
v -0.049618 -0.110587 -0.050500
v -0.049714 -0.110106 -0.050500
v -0.049871 -0.109641 -0.050500
v -0.050088 -0.109201 -0.050500
v -0.050361 -0.108794 -0.050500
v -0.050684 -0.108425 -0.050500
v -0.051053 -0.108101 -0.050500
v -0.051461 -0.107829 -0.050500
v -0.051901 -0.107612 -0.050500
v -0.052365 -0.107454 -0.050500
v -0.052846 -0.107359 -0.050500
v -0.053336 -0.107326 -0.050500
v -0.053825 -0.107359 -0.050500
v -0.054306 -0.107454 -0.050500
v -0.054771 -0.107612 -0.050500
v -0.055211 -0.107829 -0.050500
v -0.055619 -0.108101 -0.050500
v -0.055987 -0.108425 -0.050500
v -0.056311 -0.108794 -0.050500
v -0.056583 -0.109201 -0.050500
v -0.056800 -0.109641 -0.050500
v -0.056958 -0.110106 -0.050500
v -0.057054 -0.110587 -0.050500
v -0.057586 -0.111076 -0.050000
v -0.057554 -0.110554 -0.050000
v -0.057457 -0.110040 -0.050000
v -0.057299 -0.109541 -0.050000
v -0.057080 -0.109066 -0.050000
v -0.056805 -0.108621 -0.050000
v -0.056477 -0.108213 -0.050000
v -0.056101 -0.107849 -0.050000
v -0.055683 -0.107534 -0.050000
v -0.055230 -0.107272 -0.050000
v -0.054748 -0.107068 -0.050000
v -0.054245 -0.106925 -0.050000
v -0.053728 -0.106845 -0.050000
v -0.053205 -0.106828 -0.050000
v -0.052684 -0.106877 -0.050000
v -0.052173 -0.106989 -0.050000
v -0.051679 -0.107163 -0.050000
v -0.051211 -0.107396 -0.050000
v -0.050775 -0.107685 -0.050000
v -0.050377 -0.108025 -0.050000
v -0.050025 -0.108412 -0.050000
v -0.049722 -0.108839 -0.050000
v -0.049475 -0.109300 -0.050000
v -0.049286 -0.109788 -0.050000
v -0.049158 -0.110296 -0.050000
v -0.049094 -0.110815 -0.050000
v -0.049094 -0.111338 -0.050000
v -0.049158 -0.111857 -0.050000
v -0.049286 -0.112365 -0.050000
v -0.049475 -0.112853 -0.050000
v -0.049722 -0.113314 -0.050000
v -0.050025 -0.113741 -0.050000
v -0.050377 -0.114128 -0.050000
v -0.050775 -0.114468 -0.050000
v -0.051211 -0.114757 -0.050000
v -0.051679 -0.114990 -0.050000
v -0.052173 -0.115164 -0.050000
v -0.052684 -0.115276 -0.050000
v -0.053205 -0.115324 -0.050000
v -0.053728 -0.115308 -0.050000
v -0.054245 -0.115228 -0.050000
v -0.054748 -0.115085 -0.050000
v -0.055230 -0.114881 -0.050000
v -0.055683 -0.114619 -0.050000
v -0.056101 -0.114304 -0.050000
v -0.056477 -0.113940 -0.050000
v -0.056805 -0.113532 -0.050000
v -0.057080 -0.113087 -0.050000
v -0.057299 -0.112612 -0.050000
v -0.057457 -0.112113 -0.050000
v -0.057554 -0.111599 -0.050000
v -0.049456 -0.111076 -0.050483
v -0.049336 -0.111076 -0.050433
v -0.049232 -0.111076 -0.050354
v -0.049153 -0.111076 -0.050250
v -0.049103 -0.111076 -0.050129
v -0.057208 -0.111315 -0.050483
v -0.057328 -0.111323 -0.050433
v -0.057432 -0.111329 -0.050354
v -0.057511 -0.111334 -0.050250
v -0.057561 -0.111337 -0.050129
v -0.057561 -0.110816 -0.050129
v -0.057511 -0.110819 -0.050250
v -0.057432 -0.110824 -0.050354
v -0.057328 -0.110830 -0.050433
v -0.057208 -0.110838 -0.050483
v -0.057149 -0.111789 -0.050483
v -0.057268 -0.111811 -0.050433
v -0.057369 -0.111830 -0.050354
v -0.057448 -0.111845 -0.050250
v -0.057497 -0.111854 -0.050129
v -0.057033 -0.112252 -0.050483
v -0.057148 -0.112289 -0.050433
v -0.057246 -0.112320 -0.050354
v -0.057322 -0.112345 -0.050250
v -0.057370 -0.112360 -0.050129
v -0.056860 -0.112698 -0.050483
v -0.056970 -0.112748 -0.050433
v -0.057064 -0.112792 -0.050354
v -0.057136 -0.112825 -0.050250
v -0.057181 -0.112846 -0.050129
v -0.056634 -0.113119 -0.050483
v -0.056737 -0.113182 -0.050433
v -0.056825 -0.113237 -0.050354
v -0.056892 -0.113279 -0.050250
v -0.056935 -0.113305 -0.050129
v -0.056358 -0.113509 -0.050483
v -0.056452 -0.113584 -0.050433
v -0.056533 -0.113649 -0.050354
v -0.056595 -0.113699 -0.050250
v -0.056634 -0.113730 -0.050129
v -0.056036 -0.113862 -0.050483
v -0.056120 -0.113948 -0.050433
v -0.056192 -0.114022 -0.050354
v -0.056248 -0.114079 -0.050250
v -0.056283 -0.114115 -0.050129
v -0.055674 -0.114172 -0.050483
v -0.055746 -0.114269 -0.050433
v -0.055809 -0.114351 -0.050354
v -0.055857 -0.114415 -0.050250
v -0.055887 -0.114454 -0.050129
v -0.054848 -0.114649 -0.050483
v -0.054895 -0.114760 -0.050433
v -0.054935 -0.114855 -0.050354
v -0.054966 -0.114929 -0.050250
v -0.054986 -0.114975 -0.050129
v -0.055452 -0.114742 -0.050129
v -0.055427 -0.114699 -0.050250
v -0.055388 -0.114630 -0.050354
v -0.055336 -0.114541 -0.050433
v -0.055276 -0.114436 -0.050483
v -0.054397 -0.114808 -0.050483
v -0.054430 -0.114924 -0.050433
v -0.054459 -0.115023 -0.050354
v -0.054481 -0.115100 -0.050250
v -0.054494 -0.115148 -0.050129
v -0.053931 -0.114910 -0.050483
v -0.053949 -0.115029 -0.050433
v -0.053965 -0.115131 -0.050354
v -0.053977 -0.115210 -0.050250
v -0.053985 -0.115259 -0.050129
v -0.053455 -0.114954 -0.050483
v -0.053459 -0.115075 -0.050433
v -0.053462 -0.115178 -0.050354
v -0.053465 -0.115257 -0.050250
v -0.053466 -0.115307 -0.050129
v -0.052978 -0.114939 -0.050483
v -0.052967 -0.115059 -0.050433
v -0.052957 -0.115162 -0.050354
v -0.052950 -0.115242 -0.050250
v -0.052945 -0.115291 -0.050129
v -0.052506 -0.114866 -0.050483
v -0.052480 -0.114984 -0.050433
v -0.052458 -0.115085 -0.050354
v -0.052441 -0.115163 -0.050250
v -0.052430 -0.115211 -0.050129
v -0.052046 -0.114735 -0.050483
v -0.052006 -0.114849 -0.050433
v -0.051972 -0.114947 -0.050354
v -0.051946 -0.115022 -0.050250
v -0.051929 -0.115069 -0.050129
v -0.051607 -0.114549 -0.050483
v -0.051553 -0.114657 -0.050433
v -0.051507 -0.114750 -0.050354
v -0.051471 -0.114821 -0.050250
v -0.051449 -0.114866 -0.050129
v -0.051193 -0.114310 -0.050483
v -0.051126 -0.114411 -0.050433
v -0.051069 -0.114497 -0.050354
v -0.051025 -0.114563 -0.050250
v -0.050998 -0.114605 -0.050129
v -0.050812 -0.114022 -0.050483
v -0.050733 -0.114114 -0.050433
v -0.050666 -0.114193 -0.050354
v -0.050614 -0.114253 -0.050250
v -0.050582 -0.114291 -0.050129
v -0.050469 -0.113690 -0.050483
v -0.050380 -0.113771 -0.050433
v -0.050303 -0.113841 -0.050354
v -0.050245 -0.113895 -0.050250
v -0.050208 -0.113928 -0.050129
v -0.050169 -0.113318 -0.050483
v -0.050071 -0.113388 -0.050433
v -0.049986 -0.113447 -0.050354
v -0.049922 -0.113493 -0.050250
v -0.049881 -0.113522 -0.050129
v -0.049918 -0.112912 -0.050483
v -0.049812 -0.112969 -0.050433
v -0.049721 -0.113018 -0.050354
v -0.049651 -0.113055 -0.050250
v -0.049607 -0.113079 -0.050129
v -0.049718 -0.112478 -0.050483
v -0.049606 -0.112521 -0.050433
v -0.049509 -0.112559 -0.050354
v -0.049435 -0.112588 -0.050250
v -0.049389 -0.112606 -0.050129
v -0.049574 -0.112023 -0.050483
v -0.049457 -0.112052 -0.050433
v -0.049356 -0.112077 -0.050354
v -0.049279 -0.112097 -0.050250
v -0.049231 -0.112109 -0.050129
v -0.049486 -0.111553 -0.050483
v -0.049366 -0.111568 -0.050433
v -0.049263 -0.111581 -0.050354
v -0.049184 -0.111590 -0.050250
v -0.049135 -0.111597 -0.050129
v -0.049486 -0.110600 -0.050483
v -0.049366 -0.110585 -0.050433
v -0.049263 -0.110572 -0.050354
v -0.049184 -0.110562 -0.050250
v -0.049135 -0.110556 -0.050129
v -0.049574 -0.110130 -0.050483
v -0.049457 -0.110101 -0.050433
v -0.049356 -0.110076 -0.050354
v -0.049279 -0.110056 -0.050250
v -0.049231 -0.110044 -0.050129
v -0.049718 -0.109675 -0.050483
v -0.049606 -0.109631 -0.050433
v -0.049509 -0.109594 -0.050354
v -0.049435 -0.109565 -0.050250
v -0.049389 -0.109547 -0.050129
v -0.049918 -0.109241 -0.050483
v -0.049812 -0.109184 -0.050433
v -0.049721 -0.109135 -0.050354
v -0.049651 -0.109097 -0.050250
v -0.049607 -0.109074 -0.050129
v -0.050169 -0.108835 -0.050483
v -0.050071 -0.108765 -0.050433
v -0.049986 -0.108706 -0.050354
v -0.049922 -0.108660 -0.050250
v -0.049881 -0.108631 -0.050129
v -0.050469 -0.108463 -0.050483
v -0.050380 -0.108382 -0.050433
v -0.050303 -0.108312 -0.050354
v -0.050245 -0.108258 -0.050250
v -0.050208 -0.108225 -0.050129
v -0.050812 -0.108130 -0.050483
v -0.050733 -0.108039 -0.050433
v -0.050666 -0.107960 -0.050354
v -0.050614 -0.107900 -0.050250
v -0.050582 -0.107862 -0.050129
v -0.051193 -0.107843 -0.050483
v -0.051126 -0.107742 -0.050433
v -0.051069 -0.107656 -0.050354
v -0.051025 -0.107589 -0.050250
v -0.050998 -0.107548 -0.050129
v -0.051607 -0.107604 -0.050483
v -0.051553 -0.107496 -0.050433
v -0.051507 -0.107403 -0.050354
v -0.051471 -0.107332 -0.050250
v -0.051449 -0.107287 -0.050129
v -0.052046 -0.107418 -0.050483
v -0.052006 -0.107304 -0.050433
v -0.051972 -0.107206 -0.050354
v -0.051946 -0.107131 -0.050250
v -0.051929 -0.107084 -0.050129
v -0.052506 -0.107287 -0.050483
v -0.052480 -0.107169 -0.050433
v -0.052458 -0.107068 -0.050354
v -0.052441 -0.106990 -0.050250
v -0.052430 -0.106941 -0.050129
v -0.052978 -0.107214 -0.050483
v -0.052967 -0.107094 -0.050433
v -0.052957 -0.106990 -0.050354
v -0.052950 -0.106911 -0.050250
v -0.052945 -0.106862 -0.050129
v -0.053455 -0.107199 -0.050483
v -0.053459 -0.107078 -0.050433
v -0.053462 -0.106975 -0.050354
v -0.053465 -0.106895 -0.050250
v -0.053466 -0.106845 -0.050129
v -0.053931 -0.107243 -0.050483
v -0.053949 -0.107124 -0.050433
v -0.053965 -0.107021 -0.050354
v -0.053977 -0.106943 -0.050250
v -0.053985 -0.106894 -0.050129
v -0.054397 -0.107345 -0.050483
v -0.054430 -0.107229 -0.050433
v -0.054459 -0.107130 -0.050354
v -0.054481 -0.107053 -0.050250
v -0.054494 -0.107005 -0.050129
v -0.054848 -0.107504 -0.050483
v -0.054895 -0.107393 -0.050433
v -0.054935 -0.107297 -0.050354
v -0.054966 -0.107224 -0.050250
v -0.054986 -0.107178 -0.050129
v -0.055674 -0.107981 -0.050483
v -0.055746 -0.107884 -0.050433
v -0.055809 -0.107802 -0.050354
v -0.055857 -0.107738 -0.050250
v -0.055887 -0.107698 -0.050129
v -0.055452 -0.107411 -0.050129
v -0.055427 -0.107454 -0.050250
v -0.055388 -0.107523 -0.050354
v -0.055336 -0.107612 -0.050433
v -0.055276 -0.107717 -0.050483
v -0.056036 -0.108291 -0.050483
v -0.056120 -0.108205 -0.050433
v -0.056192 -0.108130 -0.050354
v -0.056248 -0.108073 -0.050250
v -0.056283 -0.108038 -0.050129
v -0.056358 -0.108644 -0.050483
v -0.056452 -0.108569 -0.050433
v -0.056533 -0.108504 -0.050354
v -0.056595 -0.108454 -0.050250
v -0.056634 -0.108423 -0.050129
v -0.056634 -0.109034 -0.050483
v -0.056737 -0.108971 -0.050433
v -0.056825 -0.108916 -0.050354
v -0.056892 -0.108874 -0.050250
v -0.056935 -0.108848 -0.050129
v -0.056860 -0.109455 -0.050483
v -0.056970 -0.109405 -0.050433
v -0.057064 -0.109361 -0.050354
v -0.057136 -0.109328 -0.050250
v -0.057181 -0.109307 -0.050129
v -0.057033 -0.109900 -0.050483
v -0.057148 -0.109864 -0.050433
v -0.057246 -0.109832 -0.050354
v -0.057322 -0.109808 -0.050250
v -0.057370 -0.109793 -0.050129
v -0.057149 -0.110364 -0.050483
v -0.057268 -0.110341 -0.050433
v -0.057369 -0.110322 -0.050354
v -0.057448 -0.110308 -0.050250
v -0.057497 -0.110299 -0.050129
v -0.051336 -0.109922 -0.050500
v -0.053336 -0.108767 -0.050500
v -0.055336 -0.109922 -0.050500
v -0.055336 -0.112231 -0.050500
v -0.053336 -0.113386 -0.050500
v -0.051336 -0.112231 -0.050500
v -0.057586 -0.111076 -0.045500
v -0.057554 -0.110554 -0.045500
v -0.057457 -0.110040 -0.045500
v -0.057299 -0.109541 -0.045500
v -0.057080 -0.109066 -0.045500
v -0.056805 -0.108621 -0.045500
v -0.056477 -0.108213 -0.045500
v -0.056101 -0.107849 -0.045500
v -0.055683 -0.107534 -0.045500
v -0.055230 -0.107272 -0.045500
v -0.054748 -0.107068 -0.045500
v -0.054245 -0.106925 -0.045500
v -0.053728 -0.106845 -0.045500
v -0.053205 -0.106828 -0.045500
v -0.052684 -0.106877 -0.045500
v -0.052173 -0.106989 -0.045500
v -0.051679 -0.107163 -0.045500
v -0.051211 -0.107396 -0.045500
v -0.050775 -0.107685 -0.045500
v -0.050377 -0.108025 -0.045500
v -0.050025 -0.108412 -0.045500
v -0.049722 -0.108839 -0.045500
v -0.049475 -0.109300 -0.045500
v -0.049286 -0.109788 -0.045500
v -0.049158 -0.110296 -0.045500
v -0.049094 -0.110815 -0.045500
v -0.049094 -0.111338 -0.045500
v -0.049158 -0.111857 -0.045500
v -0.049286 -0.112365 -0.045500
v -0.049475 -0.112853 -0.045500
v -0.049722 -0.113314 -0.045500
v -0.050025 -0.113741 -0.045500
v -0.050377 -0.114128 -0.045500
v -0.050775 -0.114468 -0.045500
v -0.051211 -0.114757 -0.045500
v -0.051679 -0.114990 -0.045500
v -0.052173 -0.115164 -0.045500
v -0.052684 -0.115276 -0.045500
v -0.053205 -0.115324 -0.045500
v -0.053728 -0.115308 -0.045500
v -0.054245 -0.115228 -0.045500
v -0.054748 -0.115085 -0.045500
v -0.055230 -0.114881 -0.045500
v -0.055683 -0.114619 -0.045500
v -0.056101 -0.114304 -0.045500
v -0.056477 -0.113940 -0.045500
v -0.056805 -0.113532 -0.045500
v -0.057080 -0.113087 -0.045500
v -0.057299 -0.112612 -0.045500
v -0.057457 -0.112113 -0.045500
v -0.057554 -0.111599 -0.045500
v -0.053336 -0.111076 -0.047825
v -0.053336 -0.108767 -0.048000
v -0.051336 -0.109922 -0.048000
v -0.051336 -0.112231 -0.048000
v -0.053336 -0.113386 -0.048000
v -0.055336 -0.112231 -0.048000
v -0.055336 -0.109922 -0.048000
v -0.050885 -0.111076 -0.045500
v -0.050917 -0.110683 -0.045500
v -0.051011 -0.110300 -0.045500
v -0.051166 -0.109938 -0.045500
v -0.051377 -0.109604 -0.045500
v -0.051638 -0.109309 -0.045500
v -0.051944 -0.109060 -0.045500
v -0.052285 -0.108863 -0.045500
v -0.052654 -0.108723 -0.045500
v -0.053040 -0.108644 -0.045500
v -0.053434 -0.108628 -0.045500
v -0.053826 -0.108675 -0.045500
v -0.054205 -0.108785 -0.045500
v -0.054561 -0.108954 -0.045500
v -0.054886 -0.109178 -0.045500
v -0.055170 -0.109451 -0.045500
v -0.055407 -0.109767 -0.045500
v -0.055590 -0.110116 -0.045500
v -0.055715 -0.110490 -0.045500
v -0.055778 -0.110879 -0.045500
v -0.055778 -0.111274 -0.045500
v -0.055715 -0.111663 -0.045500
v -0.055590 -0.112037 -0.045500
v -0.055407 -0.112386 -0.045500
v -0.055170 -0.112701 -0.045500
v -0.054886 -0.112975 -0.045500
v -0.054561 -0.113199 -0.045500
v -0.054205 -0.113368 -0.045500
v -0.053826 -0.113477 -0.045500
v -0.053434 -0.113525 -0.045500
v -0.053040 -0.113509 -0.045500
v -0.052654 -0.113430 -0.045500
v -0.052285 -0.113290 -0.045500
v -0.051944 -0.113093 -0.045500
v -0.051638 -0.112844 -0.045500
v -0.051377 -0.112549 -0.045500
v -0.051166 -0.112215 -0.045500
v -0.051011 -0.111852 -0.045500
v -0.050917 -0.111470 -0.045500
v -0.050885 -0.111076 -0.039700
v -0.050917 -0.111470 -0.039700
v -0.051011 -0.111852 -0.039700
v -0.051166 -0.112215 -0.039700
v -0.051377 -0.112549 -0.039700
v -0.051638 -0.112844 -0.039700
v -0.051944 -0.113093 -0.039700
v -0.052285 -0.113290 -0.039700
v -0.052654 -0.113430 -0.039700
v -0.053040 -0.113509 -0.039700
v -0.053434 -0.113525 -0.039700
v -0.053826 -0.113477 -0.039700
v -0.054205 -0.113368 -0.039700
v -0.054561 -0.113199 -0.039700
v -0.054886 -0.112975 -0.039700
v -0.055170 -0.112701 -0.039700
v -0.055407 -0.112386 -0.039700
v -0.055590 -0.112037 -0.039700
v -0.055715 -0.111663 -0.039700
v -0.055778 -0.111274 -0.039700
v -0.055778 -0.110879 -0.039700
v -0.055715 -0.110490 -0.039700
v -0.055590 -0.110116 -0.039700
v -0.055407 -0.109767 -0.039700
v -0.055170 -0.109451 -0.039700
v -0.054886 -0.109178 -0.039700
v -0.054561 -0.108954 -0.039700
v -0.054205 -0.108785 -0.039700
v -0.053826 -0.108675 -0.039700
v -0.053434 -0.108628 -0.039700
v -0.053040 -0.108644 -0.039700
v -0.052654 -0.108723 -0.039700
v -0.052285 -0.108863 -0.039700
v -0.051944 -0.109060 -0.039700
v -0.051638 -0.109309 -0.039700
v -0.051377 -0.109604 -0.039700
v -0.051166 -0.109938 -0.039700
v -0.051011 -0.110300 -0.039700
v -0.050917 -0.110683 -0.039700
vt 0.023076 -0.664609 0.000000
vt -0.036513 -0.680519 0.000000
vt 0.023076 -0.700534 0.000000
vt 0.023076 0.700534 0.000000
vt -0.036513 0.720550 0.000000
vt -0.036513 0.680519 0.000000
vt 0.023076 0.664609 0.000000
vt -0.036513 0.640489 0.000000
vt 0.023076 0.628685 0.000000
vt -0.036513 0.600458 0.000000
vt 0.023076 0.592760 0.000000
vt -0.036513 0.560427 0.000000
vt 0.023076 0.556835 0.000000
vt -0.036513 0.520397 0.000000
vt 0.023076 0.520910 0.000000
vt 0.023076 0.484985 0.000000
vt -0.036513 0.480366 0.000000
vt 0.023076 0.449060 0.000000
vt -0.036513 0.440336 0.000000
vt 0.023076 0.413136 0.000000
vt -0.036513 0.400305 0.000000
vt 0.023076 0.377211 0.000000
vt -0.036513 0.360275 0.000000
vt 0.023076 0.341286 0.000000
vt -0.036513 0.320244 0.000000
vt 0.023076 0.305361 0.000000
vt -0.036513 0.280214 0.000000
vt 0.023076 0.269436 0.000000
vt -0.036513 0.240183 0.000000
vt 0.023076 0.233511 0.000000
vt -0.036513 0.200153 0.000000
vt 0.023076 0.197587 0.000000
vt -0.036513 0.160122 0.000000
vt 0.023076 0.161662 0.000000
vt 0.023076 0.125737 0.000000
vt -0.036513 0.120092 0.000000
vt 0.023076 0.089812 0.000000
vt -0.036513 0.080061 0.000000
vt 0.023076 0.053887 0.000000
vt -0.036513 0.040031 0.000000
vt 0.023076 0.017962 0.000000
vt -0.036513 0.000000 0.000000
vt 0.023076 -0.017962 0.000000
vt -0.036513 -0.040031 0.000000
vt 0.023076 -0.053887 0.000000
vt -0.036513 -0.080061 0.000000
vt 0.023076 -0.089812 0.000000
vt -0.036513 -0.120092 0.000000
vt 0.023076 -0.125737 0.000000
vt -0.036513 -0.160122 0.000000
vt 0.023076 -0.161662 0.000000
vt 0.023076 -0.197587 0.000000
vt -0.036513 -0.200153 0.000000
vt 0.023076 -0.233511 0.000000
vt -0.036513 -0.240183 0.000000
vt 0.023076 -0.269436 0.000000
vt -0.036513 -0.280214 0.000000
vt 0.023076 -0.305361 0.000000
vt -0.036513 -0.320244 0.000000
vt 0.023076 -0.341286 0.000000
vt -0.036513 -0.360275 0.000000
vt 0.023076 -0.377211 0.000000
vt -0.036513 -0.400305 0.000000
vt 0.023076 -0.413136 0.000000
vt -0.036513 -0.440336 0.000000
vt 0.023076 -0.449060 0.000000
vt -0.036513 -0.480366 0.000000
vt 0.023076 -0.484985 0.000000
vt -0.036513 -0.520397 0.000000
vt 0.023076 -0.520910 0.000000
vt 0.023076 -0.556835 0.000000
vt -0.036513 -0.560427 0.000000
vt 0.023076 -0.592760 0.000000
vt -0.036513 -0.600458 0.000000
vt 0.023076 -0.628685 0.000000
vt -0.036513 -0.640489 0.000000
vt 0.078540 0.053715 0.000000
vt 0.065450 0.025278 0.000000
vt 0.078540 0.000000 0.000000
vt 0.065450 -0.025278 0.000000
vt 0.078540 -0.053715 0.000000
vt 0.065450 -0.075833 0.000000
vt 0.078540 -0.107431 0.000000
vt 0.065450 -0.126389 0.000000
vt 0.078540 -0.161146 0.000000
vt 0.065450 -0.176945 0.000000
vt 0.078540 -0.214862 0.000000
vt 0.065450 -0.227500 0.000000
vt 0.078540 -0.268577 0.000000
vt 0.065450 -0.278056 0.000000
vt 0.078540 -0.322292 0.000000
vt 0.065450 -0.328612 0.000000
vt 0.078540 -0.376008 0.000000
vt 0.065450 -0.379167 0.000000
vt 0.078540 -0.429723 0.000000
vt 0.065450 -0.429723 0.000000
vt 0.065450 -0.480279 0.000000
vt 0.052360 -0.429723 0.000000
vt 0.052360 -0.480279 0.000000
vt 0.039270 -0.429723 0.000000
vt 0.039270 -0.480279 0.000000
vt 0.026180 -0.429723 0.000000
vt 0.026180 -0.480279 0.000000
vt 0.013090 -0.429723 0.000000
vt 0.013090 -0.480279 0.000000
vt -0.000000 -0.455001 0.000000
vt -0.000000 -0.505557 0.000000
vt 0.065450 0.075833 0.000000
vt 0.078540 0.107431 0.000000
vt 0.065450 0.126389 0.000000
vt 0.078540 0.161146 0.000000
vt 0.065450 0.176945 0.000000
vt 0.078540 0.214862 0.000000
vt 0.065450 0.227500 0.000000
vt 0.078540 0.268577 0.000000
vt 0.065450 0.278056 0.000000
vt 0.078540 0.322292 0.000000
vt 0.065450 0.328612 0.000000
vt 0.078540 0.376008 0.000000
vt 0.065450 0.379167 0.000000
vt 0.078540 0.429723 0.000000
vt 0.065450 0.429723 0.000000
vt 0.065450 0.480279 0.000000
vt 0.052360 0.480279 0.000000
vt 0.052360 0.530834 0.000000
vt 0.039270 0.530834 0.000000
vt 0.039270 0.581390 0.000000
vt 0.026180 0.581390 0.000000
vt 0.026180 0.631946 0.000000
vt 0.013090 0.631946 0.000000
vt 0.013090 0.682501 0.000000
vt -0.000000 0.657224 0.000000
vt 0.000000 0.707779 0.000000
vt 0.013090 0.733057 0.000000
vt 0.000000 0.758335 0.000000
vt 0.013090 0.783613 0.000000
vt 0.000000 0.808891 0.000000
vt 0.013090 0.834168 0.000000
vt -0.000000 0.859446 0.000000
vt 0.013090 0.884724 0.000000
vt 0.000000 0.910002 0.000000
vt 0.013090 0.935280 0.000000
vt 0.000000 0.960558 0.000000
vt 0.013090 0.985835 0.000000
vt -0.000000 1.011113 0.000000
vt 0.013090 1.036391 0.000000
vt 0.000000 1.061669 0.000000
vt 0.013090 1.086947 0.000000
vt 0.000000 1.112225 0.000000
vt 0.013090 1.137502 0.000000
vt -0.000000 1.162780 0.000000
vt 0.013090 1.188058 0.000000
vt -0.000000 1.213336 0.000000
vt 0.013090 1.238614 0.000000
vt 0.000000 1.263891 0.000000
vt 0.013090 1.289169 0.000000
vt 0.000000 1.314447 0.000000
vt 0.000000 -1.263891 0.000000
vt 0.013090 -1.289169 0.000000
vt 0.013090 -1.238614 0.000000
vt -0.000000 -1.213336 0.000000
vt 0.013090 -1.188058 0.000000
vt -0.000000 -1.162780 0.000000
vt 0.013090 -1.137502 0.000000
vt 0.000000 -1.112225 0.000000
vt 0.013090 -1.086947 0.000000
vt 0.000000 -1.061669 0.000000
vt 0.013090 -1.036391 0.000000
vt -0.000000 -1.011113 0.000000
vt 0.013090 -0.985835 0.000000
vt 0.000000 -0.960558 0.000000
vt 0.013090 -0.935280 0.000000
vt 0.000000 -0.910002 0.000000
vt 0.013090 -0.884724 0.000000
vt -0.000000 -0.859446 0.000000
vt 0.013090 -0.834168 0.000000
vt 0.000000 -0.808891 0.000000
vt 0.013090 -0.783613 0.000000
vt 0.000000 -0.758335 0.000000
vt 0.013090 -0.733057 0.000000
vt 0.000000 -0.707779 0.000000
vt 0.013090 -0.682501 0.000000
vt -0.000000 -0.657224 0.000000
vt 0.013090 -0.631946 0.000000
vt 0.000000 -0.606668 0.000000
vt 0.013090 -0.581390 0.000000
vt -0.000000 -0.556112 0.000000
vt 0.013090 -0.530834 0.000000
vt 0.078540 0.483438 0.000000
vt 0.065450 0.530834 0.000000
vt 0.052360 0.581390 0.000000
vt 0.039270 0.631946 0.000000
vt 0.026180 0.682501 0.000000
vt 0.078540 0.537154 0.000000
vt 0.065450 0.581390 0.000000
vt 0.052360 0.631946 0.000000
vt 0.039270 0.682501 0.000000
vt 0.026180 0.733057 0.000000
vt 0.078540 0.590869 0.000000
vt 0.065450 0.631946 0.000000
vt 0.052360 0.682501 0.000000
vt 0.039270 0.733057 0.000000
vt 0.026180 0.783613 0.000000
vt 0.078540 0.644585 0.000000
vt 0.065450 0.682501 0.000000
vt 0.052360 0.733057 0.000000
vt 0.039270 0.783613 0.000000
vt 0.026180 0.834168 0.000000
vt 0.078540 0.698300 0.000000
vt 0.065450 0.733057 0.000000
vt 0.052360 0.783613 0.000000
vt 0.039270 0.834168 0.000000
vt 0.026180 0.884724 0.000000
vt 0.078540 0.752015 0.000000
vt 0.065450 0.783613 0.000000
vt 0.052360 0.834168 0.000000
vt 0.039270 0.884724 0.000000
vt 0.026180 0.935280 0.000000
vt 0.078540 0.805731 0.000000
vt 0.065450 0.834168 0.000000
vt 0.052360 0.884724 0.000000
vt 0.039270 0.935280 0.000000
vt 0.026180 0.985835 0.000000
vt 0.078540 0.859446 0.000000
vt 0.065450 0.884724 0.000000
vt 0.052360 0.935280 0.000000
vt 0.039270 0.985835 0.000000
vt 0.026180 1.036391 0.000000
vt 0.078540 0.913162 0.000000
vt 0.065450 0.935280 0.000000
vt 0.052360 0.985835 0.000000
vt 0.039270 1.036391 0.000000
vt 0.026180 1.086947 0.000000
vt 0.078540 0.966877 0.000000
vt 0.065450 0.985835 0.000000
vt 0.052360 1.036391 0.000000
vt 0.039270 1.086947 0.000000
vt 0.026180 1.137502 0.000000
vt 0.078540 1.020592 0.000000
vt 0.065450 1.036391 0.000000
vt 0.052360 1.086947 0.000000
vt 0.039270 1.137502 0.000000
vt 0.026180 1.188058 0.000000
vt 0.078540 1.074308 0.000000
vt 0.065450 1.086947 0.000000
vt 0.052360 1.137502 0.000000
vt 0.039270 1.188058 0.000000
vt 0.026180 1.238614 0.000000
vt 0.078540 1.128023 0.000000
vt 0.065450 1.137502 0.000000
vt 0.052360 1.188058 0.000000
vt 0.039270 1.238614 0.000000
vt 0.026180 1.289169 0.000000
vt 0.026180 -1.289169 0.000000
vt 0.078540 1.181739 0.000000
vt 0.065450 1.188058 0.000000
vt 0.052360 1.238614 0.000000
vt 0.039270 1.289169 0.000000
vt 0.039270 -1.289169 0.000000
vt 0.026180 -1.238614 0.000000
vt 0.078540 1.235454 0.000000
vt 0.065450 1.238614 0.000000
vt 0.052360 1.289169 0.000000
vt 0.052360 -1.289169 0.000000
vt 0.039270 -1.238614 0.000000
vt 0.026180 -1.188058 0.000000
vt 0.078540 1.289169 0.000000
vt 0.065450 1.289169 0.000000
vt 0.065450 -1.289169 0.000000
vt 0.052360 -1.238614 0.000000
vt 0.039270 -1.188058 0.000000
vt 0.026180 -1.137502 0.000000
vt 0.078540 -1.289169 0.000000
vt 0.065450 -1.238614 0.000000
vt 0.078540 -1.235454 0.000000
vt 0.065450 -1.188058 0.000000
vt 0.078540 -1.181739 0.000000
vt 0.065450 -1.137502 0.000000
vt 0.078540 -1.128023 0.000000
vt 0.065450 -1.086947 0.000000
vt 0.078540 -1.074308 0.000000
vt 0.065450 -1.036391 0.000000
vt 0.078540 -1.020592 0.000000
vt 0.065450 -0.985835 0.000000
vt 0.078540 -0.966877 0.000000
vt 0.065450 -0.935280 0.000000
vt 0.078540 -0.913162 0.000000
vt 0.065450 -0.884724 0.000000
vt 0.078540 -0.859446 0.000000
vt 0.065450 -0.834168 0.000000
vt 0.078540 -0.805731 0.000000
vt 0.065450 -0.783613 0.000000
vt 0.078540 -0.752015 0.000000
vt 0.065450 -0.733057 0.000000
vt 0.078540 -0.698300 0.000000
vt 0.065450 -0.682501 0.000000
vt 0.078540 -0.644585 0.000000
vt 0.065450 -0.631946 0.000000
vt 0.078540 -0.590869 0.000000
vt 0.065450 -0.581390 0.000000
vt 0.078540 -0.537154 0.000000
vt 0.065450 -0.530834 0.000000
vt 0.078540 -0.483438 0.000000
vt 0.000000 -0.050556 0.000000
vt 0.013090 -0.025278 0.000000
vt -0.000000 -0.000000 0.000000
vt 0.013090 0.025278 0.000000
vt 0.000000 0.050556 0.000000
vt 0.013090 0.075833 0.000000
vt -0.000000 0.101111 0.000000
vt 0.013090 0.126389 0.000000
vt 0.000000 0.151667 0.000000
vt 0.013090 0.176945 0.000000
vt -0.000000 0.202223 0.000000
vt 0.013090 0.227500 0.000000
vt -0.000000 0.252778 0.000000
vt 0.013090 0.278056 0.000000
vt 0.000000 0.303334 0.000000
vt 0.013090 0.328612 0.000000
vt 0.000000 0.353890 0.000000
vt 0.013090 0.379167 0.000000
vt -0.000000 0.404445 0.000000
vt 0.013090 0.429723 0.000000
vt -0.000000 0.455001 0.000000
vt 0.013090 0.480279 0.000000
vt -0.000000 0.505557 0.000000
vt 0.013090 0.530834 0.000000
vt -0.000000 0.556112 0.000000
vt 0.013090 0.581390 0.000000
vt 0.000000 0.606668 0.000000
vt 0.013090 -0.075833 0.000000
vt -0.000000 -0.101111 0.000000
vt 0.013090 -0.126389 0.000000
vt 0.000000 -0.151667 0.000000
vt 0.013090 -0.176945 0.000000
vt -0.000000 -0.202223 0.000000
vt 0.013090 -0.227500 0.000000
vt -0.000000 -0.252778 0.000000
vt 0.013090 -0.278056 0.000000
vt 0.000000 -0.303334 0.000000
vt 0.013090 -0.328612 0.000000
vt 0.000000 -0.353890 0.000000
vt 0.013090 -0.379167 0.000000
vt -0.000000 -0.404445 0.000000
vt 0.052360 0.025278 0.000000
vt 0.052360 -0.025278 0.000000
vt 0.052360 -0.075833 0.000000
vt 0.052360 -0.126389 0.000000
vt 0.052360 -0.176945 0.000000
vt 0.052360 -0.227500 0.000000
vt 0.052360 -0.278056 0.000000
vt 0.052360 -0.328612 0.000000
vt 0.052360 -0.379167 0.000000
vt 0.039270 0.025278 0.000000
vt 0.039270 -0.025278 0.000000
vt 0.039270 -0.075833 0.000000
vt 0.039270 -0.126389 0.000000
vt 0.039270 -0.176945 0.000000
vt 0.039270 -0.227500 0.000000
vt 0.039270 -0.278056 0.000000
vt 0.039270 -0.328612 0.000000
vt 0.039270 -0.379167 0.000000
vt 0.052360 0.075833 0.000000
vt 0.052360 0.126389 0.000000
vt 0.052360 0.176945 0.000000
vt 0.052360 0.227500 0.000000
vt 0.052360 0.278056 0.000000
vt 0.052360 0.328612 0.000000
vt 0.052360 0.379167 0.000000
vt 0.052360 0.429723 0.000000
vt 0.026180 0.025278 0.000000
vt 0.026180 -0.025278 0.000000
vt 0.026180 -0.075833 0.000000
vt 0.026180 -0.126389 0.000000
vt 0.026180 -0.176945 0.000000
vt 0.026180 -0.227500 0.000000
vt 0.026180 -0.278056 0.000000
vt 0.026180 -0.328612 0.000000
vt 0.026180 -0.379167 0.000000
vt 0.039270 0.075833 0.000000
vt 0.039270 0.126389 0.000000
vt 0.039270 0.176945 0.000000
vt 0.039270 0.227500 0.000000
vt 0.039270 0.278056 0.000000
vt 0.039270 0.328612 0.000000
vt 0.039270 0.379167 0.000000
vt 0.039270 0.429723 0.000000
vt 0.039270 0.480279 0.000000
vt 0.026180 0.075833 0.000000
vt 0.026180 0.126389 0.000000
vt 0.026180 0.176945 0.000000
vt 0.026180 0.227500 0.000000
vt 0.026180 0.278056 0.000000
vt 0.026180 0.328612 0.000000
vt 0.026180 0.379167 0.000000
vt 0.026180 0.429723 0.000000
vt 0.026180 0.480279 0.000000
vt 0.026180 0.530834 0.000000
vt 0.052360 -1.188058 0.000000
vt 0.052360 -1.137502 0.000000
vt 0.052360 -1.086947 0.000000
vt 0.052360 -1.036391 0.000000
vt 0.052360 -0.985835 0.000000
vt 0.052360 -0.935280 0.000000
vt 0.052360 -0.884724 0.000000
vt 0.052360 -0.834168 0.000000
vt 0.052360 -0.783613 0.000000
vt 0.052360 -0.733057 0.000000
vt 0.052360 -0.682501 0.000000
vt 0.052360 -0.631946 0.000000
vt 0.052360 -0.581390 0.000000
vt 0.052360 -0.530834 0.000000
vt 0.039270 -1.137502 0.000000
vt 0.026180 -1.086947 0.000000
vt 0.039270 -1.086947 0.000000
vt 0.039270 -1.036391 0.000000
vt 0.039270 -0.985835 0.000000
vt 0.039270 -0.935280 0.000000
vt 0.039270 -0.884724 0.000000
vt 0.039270 -0.834168 0.000000
vt 0.039270 -0.783613 0.000000
vt 0.039270 -0.733057 0.000000
vt 0.039270 -0.682501 0.000000
vt 0.039270 -0.631946 0.000000
vt 0.039270 -0.581390 0.000000
vt 0.039270 -0.530834 0.000000
vt 0.026180 -1.036391 0.000000
vt 0.026180 -0.985835 0.000000
vt 0.026180 -0.935280 0.000000
vt 0.026180 -0.884724 0.000000
vt 0.026180 -0.834168 0.000000
vt 0.026180 -0.783613 0.000000
vt 0.026180 -0.733057 0.000000
vt 0.026180 -0.682501 0.000000
vt 0.026180 -0.631946 0.000000
vt 0.026180 -0.581390 0.000000
vt 0.026180 -0.530834 0.000000
vt 0.425000 -0.230940 0.000000
vt 0.612500 -0.324760 0.000000
vt 0.625000 -0.115470 0.000000
vt 0.653286 -0.297508 0.000000
vt 0.690165 -0.265165 0.000000
vt 0.225000 -0.115470 0.000000
vt 0.237500 -0.324760 0.000000
vt 0.281494 -0.346455 0.000000
vt 0.327943 -0.362222 0.000000
vt 0.225000 0.115470 0.000000
vt 0.050000 0.000000 0.000000
vt 0.053208 -0.048947 0.000000
vt 0.062778 -0.097057 0.000000
vt 0.425000 0.230940 0.000000
vt 0.237500 0.324760 0.000000
vt 0.196714 0.297508 0.000000
vt 0.159835 0.265165 0.000000
vt 0.625000 0.115470 0.000000
vt 0.612500 0.324760 0.000000
vt 0.568506 0.346455 0.000000
vt 0.522057 0.362222 0.000000
vt 0.800000 0.000000 0.000000
vt 0.796792 0.048947 0.000000
vt 0.787222 0.097057 0.000000
vt 0.078545 -0.143506 0.000000
vt 0.100240 -0.187500 0.000000
vt 0.127492 -0.228286 0.000000
vt 0.159835 -0.265165 0.000000
vt 0.196714 -0.297508 0.000000
vt 0.376053 -0.371792 0.000000
vt 0.425000 -0.375000 0.000000
vt 0.473947 -0.371792 0.000000
vt 0.522057 -0.362222 0.000000
vt 0.568506 -0.346455 0.000000
vt 0.722508 -0.228286 0.000000
vt 0.749760 -0.187500 0.000000
vt 0.771455 -0.143506 0.000000
vt 0.787222 -0.097057 0.000000
vt 0.796792 -0.048947 0.000000
vt 0.771455 0.143506 0.000000
vt 0.749760 0.187500 0.000000
vt 0.722508 0.228286 0.000000
vt 0.690165 0.265165 0.000000
vt 0.653286 0.297508 0.000000
vt 0.473947 0.371792 0.000000
vt 0.425000 0.375000 0.000000
vt 0.376053 0.371792 0.000000
vt 0.327943 0.362222 0.000000
vt 0.281494 0.346455 0.000000
vt 0.127492 0.228286 0.000000
vt 0.100240 0.187500 0.000000
vt 0.078545 0.143506 0.000000
vt 0.062778 0.097057 0.000000
vt 0.053208 0.048947 0.000000
vt -0.250000 -0.052360 0.000000
vt 0.200000 -0.000000 0.000000
vt -0.250000 0.000000 0.000000
vt 0.200000 0.052360 0.000000
vt -0.250000 0.052360 0.000000
vt 0.200000 0.104720 0.000000
vt -0.250000 0.104720 0.000000
vt 0.200000 0.157080 0.000000
vt -0.250000 0.157080 0.000000
vt 0.200000 0.209440 0.000000
vt -0.250000 0.209440 0.000000
vt 0.200000 0.261799 0.000000
vt -0.250000 0.261799 0.000000
vt 0.200000 0.314159 0.000000
vt -0.250000 0.314159 0.000000
vt 0.200000 0.366519 0.000000
vt -0.250000 0.366519 0.000000
vt 0.200000 0.418879 0.000000
vt -0.250000 0.418879 0.000000
vt 0.200000 0.471239 0.000000
vt -0.250000 0.471239 0.000000
vt 0.200000 0.523599 0.000000
vt -0.250000 0.523599 0.000000
vt 0.200000 0.575959 0.000000
vt -0.250000 0.575959 0.000000
vt 0.200000 0.628319 0.000000
vt -0.250000 0.628319 0.000000
vt 0.200000 0.680678 0.000000
vt -0.250000 0.680678 0.000000
vt 0.200000 0.733038 0.000000
vt -0.250000 0.733038 0.000000
vt 0.200000 0.785398 0.000000
vt -0.250000 0.785398 0.000000
vt 0.200000 0.837758 0.000000
vt -0.250000 0.837758 0.000000
vt 0.200000 0.890118 0.000000
vt -0.250000 0.890118 0.000000
vt 0.200000 0.942478 0.000000
vt -0.250000 0.942478 0.000000
vt 0.200000 0.994838 0.000000
vt -0.250000 0.994838 0.000000
vt 0.200000 1.047198 0.000000
vt -0.250000 1.047198 0.000000
vt 0.200000 1.099557 0.000000
vt -0.250000 1.099557 0.000000
vt 0.200000 1.151917 0.000000
vt -0.250000 1.151917 0.000000
vt 0.200000 1.204277 0.000000
vt -0.250000 1.204277 0.000000
vt 0.200000 1.256637 0.000000
vt -0.250000 1.256637 0.000000
vt 0.200000 1.308997 0.000000
vt -0.250000 1.308997 0.000000
vt -0.250000 -1.361357 0.000000
vt 0.200000 -1.361357 0.000000
vt 0.200000 -1.308997 0.000000
vt -0.250000 -1.308997 0.000000
vt 0.200000 -1.256637 0.000000
vt -0.250000 -1.256637 0.000000
vt 0.200000 -1.204277 0.000000
vt -0.250000 -1.204277 0.000000
vt 0.200000 -1.151917 0.000000
vt -0.250000 -1.151917 0.000000
vt 0.200000 -1.099557 0.000000
vt -0.250000 -1.099557 0.000000
vt 0.200000 -1.047198 0.000000
vt -0.250000 -1.047198 0.000000
vt 0.200000 -0.994838 0.000000
vt -0.250000 -0.994838 0.000000
vt 0.200000 -0.942478 0.000000
vt -0.250000 -0.942478 0.000000
vt 0.200000 -0.890118 0.000000
vt -0.250000 -0.890118 0.000000
vt 0.200000 -0.837758 0.000000
vt -0.250000 -0.837758 0.000000
vt 0.200000 -0.785398 0.000000
vt -0.250000 -0.785398 0.000000
vt 0.200000 -0.733038 0.000000
vt -0.250000 -0.733038 0.000000
vt 0.200000 -0.680678 0.000000
vt -0.250000 -0.680678 0.000000
vt 0.200000 -0.628319 0.000000
vt -0.250000 -0.628319 0.000000
vt 0.200000 -0.575959 0.000000
vt -0.250000 -0.575959 0.000000
vt 0.200000 -0.523599 0.000000
vt -0.250000 -0.523599 0.000000
vt 0.200000 -0.471239 0.000000
vt -0.250000 -0.471239 0.000000
vt 0.200000 -0.418879 0.000000
vt -0.250000 -0.418879 0.000000
vt 0.200000 -0.366519 0.000000
vt -0.250000 -0.366519 0.000000
vt 0.200000 -0.314159 0.000000
vt -0.250000 -0.314159 0.000000
vt 0.200000 -0.261799 0.000000
vt -0.250000 -0.261799 0.000000
vt 0.200000 -0.209440 0.000000
vt -0.250000 -0.209440 0.000000
vt 0.200000 -0.157080 0.000000
vt -0.250000 -0.157080 0.000000
vt 0.200000 -0.104720 0.000000
vt -0.250000 -0.104720 0.000000
vt 0.200000 -0.052360 0.000000
vt 0.115470 0.200764 0.000000
vt 0.000000 0.000000 0.000000
vt 0.230940 -0.000000 0.000000
vt 0.000000 0.000000 0.000000
vt 0.230940 0.000000 0.000000
vt 0.115470 0.200764 0.000000
vt -0.000000 -0.000000 0.000000
vt 0.230940 0.000000 0.000000
vt -0.000000 0.000000 0.000000
vt 0.230940 0.000000 0.000000
vt 0.115470 0.200764 0.000000
vt -0.000000 0.000000 0.000000
vt 0.230940 0.000000 0.000000
vt -0.000000 0.000000 0.000000
vt 0.230940 0.000000 0.000000
vt -0.230940 -0.000000 0.000000
vt -0.000000 0.000000 0.000000
vt -0.230940 0.250000 0.000000
vt 0.000000 0.250000 0.000000
vt -0.230940 -0.000000 0.000000
vt 0.000000 0.000000 0.000000
vt -0.230940 0.250000 0.000000
vt -0.000000 0.250000 0.000000
vt -0.230940 0.000000 0.000000
vt -0.000000 0.000000 0.000000
vt -0.230940 0.250000 0.000000
vt -0.000000 0.250000 0.000000
vt -0.230940 0.000000 0.000000
vt -0.000000 0.000000 0.000000
vt -0.230940 0.250000 0.000000
vt 0.000000 0.250000 0.000000
vt -0.230940 0.000000 0.000000
vt 0.000000 -0.000000 0.000000
vt -0.230940 0.250000 0.000000
vt 0.000000 0.250000 0.000000
vt -0.230940 0.000000 0.000000
vt -0.000000 0.000000 0.000000
vt -0.230940 0.250000 0.000000
vt -0.000000 0.250000 0.000000
vt -0.559954 0.730368 0.000000
vt 0.020023 0.730368 0.000000
vt -0.559954 0.769847 0.000000
vt 0.020023 0.769847 0.000000
vt -0.559954 -0.769847 0.000000
vt 0.020023 -0.769847 0.000000
vt -0.559954 -0.730368 0.000000
vt 0.020023 -0.730368 0.000000
vt -0.559954 -0.690889 0.000000
vt 0.020023 -0.690889 0.000000
vt -0.559954 -0.651409 0.000000
vt 0.020023 -0.651409 0.000000
vt -0.559954 -0.611930 0.000000
vt 0.020023 -0.611930 0.000000
vt -0.559954 -0.572451 0.000000
vt 0.020023 -0.572451 0.000000
vt -0.559954 -0.532971 0.000000
vt 0.020023 -0.532971 0.000000
vt -0.559954 -0.493492 0.000000
vt 0.020023 -0.493492 0.000000
vt -0.559954 -0.454012 0.000000
vt 0.020023 -0.454012 0.000000
vt -0.559954 -0.414533 0.000000
vt 0.020023 -0.414533 0.000000
vt -0.559954 -0.375054 0.000000
vt 0.020023 -0.375054 0.000000
vt -0.559954 -0.335574 0.000000
vt 0.020023 -0.335574 0.000000
vt -0.559954 -0.296095 0.000000
vt 0.020023 -0.296095 0.000000
vt -0.559954 -0.256616 0.000000
vt 0.020023 -0.256616 0.000000
vt -0.559954 -0.217136 0.000000
vt 0.020023 -0.217136 0.000000
vt -0.559954 -0.177657 0.000000
vt 0.020023 -0.177657 0.000000
vt -0.559954 -0.138178 0.000000
vt 0.020023 -0.138178 0.000000
vt -0.559954 -0.098698 0.000000
vt 0.020023 -0.098698 0.000000
vt -0.559954 -0.059219 0.000000
vt 0.020023 -0.059219 0.000000
vt -0.559954 -0.019740 0.000000
vt 0.020023 -0.019740 0.000000
vt -0.559954 0.019740 0.000000
vt 0.020023 0.019740 0.000000
vt -0.559954 0.059219 0.000000
vt 0.020023 0.059219 0.000000
vt -0.559954 0.098698 0.000000
vt 0.020023 0.098698 0.000000
vt -0.559954 0.138178 0.000000
vt 0.020023 0.138178 0.000000
vt -0.559954 0.177657 0.000000
vt 0.020023 0.177657 0.000000
vt -0.559954 0.217136 0.000000
vt 0.020023 0.217136 0.000000
vt -0.559954 0.256616 0.000000
vt 0.020023 0.256616 0.000000
vt -0.559954 0.296095 0.000000
vt 0.020023 0.296095 0.000000
vt -0.559954 0.335574 0.000000
vt 0.020023 0.335574 0.000000
vt -0.559954 0.375054 0.000000
vt 0.020023 0.375054 0.000000
vt -0.559954 0.414533 0.000000
vt 0.020023 0.414533 0.000000
vt -0.559954 0.454012 0.000000
vt 0.020023 0.454012 0.000000
vt -0.559954 0.493492 0.000000
vt 0.020023 0.493492 0.000000
vt -0.559954 0.532971 0.000000
vt 0.020023 0.532971 0.000000
vt -0.559954 0.572451 0.000000
vt 0.020023 0.572451 0.000000
vt -0.559954 0.611930 0.000000
vt 0.020023 0.611930 0.000000
vt -0.559954 0.651409 0.000000
vt 0.020023 0.651409 0.000000
vt -0.559954 0.690889 0.000000
vt 0.020023 0.690889 0.000000
vt 0.600000 -0.730368 0.000000
vt 0.600000 -0.769847 0.000000
vt 0.600000 0.769847 0.000000
vt 0.600000 0.730368 0.000000
vt 0.600000 0.690889 0.000000
vt 0.600000 0.651409 0.000000
vt 0.600000 0.611930 0.000000
vt 0.600000 0.572451 0.000000
vt 0.600000 0.532971 0.000000
vt 0.600000 0.493492 0.000000
vt 0.600000 0.454012 0.000000
vt 0.600000 0.414533 0.000000
vt 0.600000 0.375054 0.000000
vt 0.600000 0.335574 0.000000
vt 0.600000 0.296095 0.000000
vt 0.600000 0.256616 0.000000
vt 0.600000 0.217136 0.000000
vt 0.600000 0.177657 0.000000
vt 0.600000 0.138178 0.000000
vt 0.600000 0.098698 0.000000
vt 0.600000 0.059219 0.000000
vt 0.600000 0.019740 0.000000
vt 0.600000 -0.019740 0.000000
vt 0.600000 -0.059219 0.000000
vt 0.600000 -0.098698 0.000000
vt 0.600000 -0.138178 0.000000
vt 0.600000 -0.177657 0.000000
vt 0.600000 -0.217136 0.000000
vt 0.600000 -0.256616 0.000000
vt 0.600000 -0.296095 0.000000
vt 0.600000 -0.335574 0.000000
vt 0.600000 -0.375054 0.000000
vt 0.600000 -0.414533 0.000000
vt 0.600000 -0.454012 0.000000
vt 0.600000 -0.493492 0.000000
vt 0.600000 -0.532971 0.000000
vt 0.600000 -0.572451 0.000000
vt 0.600000 -0.611930 0.000000
vt 0.600000 -0.651409 0.000000
vt 0.600000 -0.690889 0.000000
vt 0.200924 0.000000 0.000000
vt 0.197695 0.035876 0.000000
vt 0.197695 -0.035876 0.000000
vt 0.188112 0.070600 0.000000
vt 0.188112 -0.070600 0.000000
vt 0.172483 0.103054 0.000000
vt 0.172483 -0.103054 0.000000
vt 0.151310 0.132196 0.000000
vt 0.125274 0.157089 0.000000
vt 0.095212 0.176933 0.000000
vt 0.062089 0.191090 0.000000
vt 0.026971 0.199106 0.000000
vt -0.009014 0.200722 0.000000
vt -0.044710 0.195886 0.000000
vt -0.078968 0.184755 0.000000
vt -0.110688 0.167686 0.000000
vt -0.138851 0.145227 0.000000
vt 0.151310 -0.132196 0.000000
vt -0.162551 0.118100 0.000000
vt -0.181026 0.087178 0.000000
vt -0.193683 0.053453 0.000000
vt -0.200115 0.018011 0.000000
vt -0.200115 -0.018011 0.000000
vt -0.193683 -0.053453 0.000000
vt -0.181026 -0.087178 0.000000
vt -0.162551 -0.118100 0.000000
vt -0.138851 -0.145227 0.000000
vt 0.125274 -0.157089 0.000000
vt -0.110688 -0.167686 0.000000
vt 0.095212 -0.176933 0.000000
vt -0.078968 -0.184755 0.000000
vt 0.062089 -0.191090 0.000000
vt -0.044710 -0.195886 0.000000
vt 0.026971 -0.199106 0.000000
vt -0.009014 -0.200722 0.000000
vt 0.171779 0.052228 0.000000
vt -0.005745 0.019718 0.000000
vt 0.175000 0.000000 0.000000
vt -0.005745 -0.019718 0.000000
vt 0.171779 -0.052228 0.000000
vt -0.012071 -0.058644 0.000000
vt 0.162164 -0.103663 0.000000
vt 0.146301 -0.153528 0.000000
vt -0.024559 -0.096051 0.000000
vt 0.124430 -0.201065 0.000000
vt -0.042886 -0.130971 0.000000
vt 0.096884 -0.245554 0.000000
vt -0.066577 -0.162498 0.000000
vt 0.064079 -0.286321 0.000000
vt 0.026513 -0.322747 0.000000
vt -0.095019 -0.189817 0.000000
vt -0.015245 -0.354281 0.000000
vt -0.127475 -0.212220 0.000000
vt -0.060561 -0.380444 0.000000
vt -0.163104 -0.229126 0.000000
vt -0.108749 -0.400841 0.000000
vt -0.200984 -0.240098 0.000000
vt -0.159078 -0.415161 0.000000
vt -0.210786 -0.423187 0.000000
vt -0.240133 -0.244851 0.000000
vt -0.263088 -0.424798 0.000000
vt -0.279538 -0.243263 0.000000
vt -0.315191 -0.419970 0.000000
vt -0.318177 -0.235375 0.000000
vt -0.366307 -0.408776 0.000000
vt -0.415659 -0.391385 0.000000
vt -0.355051 -0.221391 0.000000
vt -0.462500 -0.368061 0.000000
vt -0.389204 -0.201672 0.000000
vt -0.506120 -0.339157 0.000000
vt -0.419752 -0.176731 0.000000
vt -0.545857 -0.305113 0.000000
vt -0.581109 -0.266443 0.000000
vt -0.445903 -0.147212 0.000000
vt -0.611342 -0.223734 0.000000
vt -0.466981 -0.113880 0.000000
vt -0.636098 -0.177633 0.000000
vt -0.482439 -0.077599 0.000000
vt -0.655000 -0.128840 0.000000
vt -0.667764 -0.078094 0.000000
vt -0.491877 -0.039309 0.000000
vt -0.674194 -0.026163 0.000000
vt -0.495050 0.000000 0.000000
vt -0.674194 0.026163 0.000000
vt -0.491877 0.039309 0.000000
vt -0.667764 0.078094 0.000000
vt -0.482439 0.077599 0.000000
vt -0.655000 0.128840 0.000000
vt -0.636098 0.177633 0.000000
vt -0.466981 0.113880 0.000000
vt -0.611342 0.223734 0.000000
vt -0.445903 0.147212 0.000000
vt -0.581109 0.266443 0.000000
vt -0.419752 0.176731 0.000000
vt -0.545857 0.305113 0.000000
vt -0.506120 0.339157 0.000000
vt -0.389204 0.201672 0.000000
vt -0.462500 0.368061 0.000000
vt -0.355051 0.221391 0.000000
vt -0.415659 0.391385 0.000000
vt -0.318177 0.235375 0.000000
vt -0.366307 0.408776 0.000000
vt -0.315191 0.419970 0.000000
vt -0.279538 0.243263 0.000000
vt -0.263088 0.424798 0.000000
vt -0.240133 0.244851 0.000000
vt -0.210786 0.423187 0.000000
vt -0.200984 0.240098 0.000000
vt -0.159078 0.415161 0.000000
vt -0.108749 0.400841 0.000000
vt -0.163104 0.229126 0.000000
vt -0.060561 0.380444 0.000000
vt -0.127475 0.212220 0.000000
vt -0.015245 0.354281 0.000000
vt -0.095019 0.189817 0.000000
vt 0.026513 0.322747 0.000000
vt -0.066577 0.162498 0.000000
vt 0.064079 0.286321 0.000000
vt 0.096884 0.245554 0.000000
vt -0.042886 0.130971 0.000000
vt 0.124430 0.201065 0.000000
vt -0.024559 0.096051 0.000000
vt 0.146301 0.153528 0.000000
vt -0.012071 0.058644 0.000000
vt 0.162164 0.103663 0.000000
vn 66.333998 10.780324 74.051235
vn 66.933731 6.024145 74.051235
vn 67.204275 0.000000 74.051235
vn 66.933731 -6.024145 74.051235
vn 66.333998 -10.780324 74.051235
vn 64.782426 -17.878813 74.051235
vn 63.745704 -21.281443 74.051235
vn 60.548960 -29.158842 74.051235
vn 59.506431 -31.231384 74.051235
vn 54.369401 -39.501682 74.051235
vn 53.725972 -40.372449 74.051235
vn 46.442365 -48.574905 74.051235
vn 46.554038 -48.467888 74.051235
vn 38.176380 -55.308034 74.051235
vn 37.022632 -56.086891 74.051235
vn 28.809973 -60.715732 74.051235
vn 26.412962 -61.796198 74.051235
vn 18.697403 -64.550924 74.051235
vn 14.954358 -65.519324 74.051235
vn 8.100580 -66.714281 74.051235
vn 3.015108 -67.136605 74.051235
vn -2.706043 -67.149773 74.051235
vn -9.021049 -66.596061 74.051235
vn -13.442582 -65.846121 74.051235
vn -20.767263 -63.915064 74.051235
vn -23.830964 -62.837089 74.051235
vn -31.846000 -59.179785 74.051235
vn -33.602138 -58.200610 74.051235
vn -41.901180 -52.542418 74.051235
vn -42.503033 -52.056765 74.051235
vn -50.609622 -44.216295 74.051235
vn -50.303122 -44.564678 74.051235
vn -56.800387 -35.918389 74.051235
vn -57.691429 -34.469024 74.051235
vn -61.826552 -26.341832 74.051235
vn -62.918986 -23.613890 74.051235
vn -65.251441 -16.083036 74.051235
vn -66.124275 -11.999787 74.051235
vn -66.986353 -5.407697 74.051235
vn -67.204275 0.000000 74.051235
vn -66.986353 5.407697 74.051235
vn -66.124275 11.999787 74.051235
vn -65.251441 16.083036 74.051235
vn -62.918986 23.613890 74.051235
vn -61.826552 26.341832 74.051235
vn -57.691429 34.469024 74.051235
vn -56.800387 35.918389 74.051235
vn -50.609622 44.216295 74.051235
vn -50.303122 44.564678 74.051235
vn -42.503033 52.056765 74.051235
vn -41.901180 52.542418 74.051235
vn -33.602138 58.200610 74.051235
vn -31.846000 59.179785 74.051235
vn -23.830964 62.837089 74.051235
vn -20.767263 63.915064 74.051235
vn -13.442582 65.846121 74.051235
vn -9.021049 66.596061 74.051235
vn -2.706043 67.149773 74.051235
vn 3.015108 67.136605 74.051235
vn 8.100580 66.714281 74.051235
vn 14.954358 65.519324 74.051235
vn 18.697403 64.550924 74.051235
vn 26.412962 61.796198 74.051235
vn 28.809973 60.715732 74.051235
vn 37.022632 56.086891 74.051235
vn 38.176380 55.308034 74.051235
vn 46.442365 48.574905 74.051235
vn 46.554038 48.467888 74.051235
vn 53.725972 40.372449 74.051235
vn 54.369401 39.501682 74.051235
vn 59.506431 31.231384 74.051235
vn 60.548960 29.158842 74.051235
vn 63.745704 21.281443 74.051235
vn 64.782426 17.878813 74.051235
vn -0.000000 -0.000000 -100.000000
vn -25.832815 -1.593313 -96.592583
vn -0.000000 -0.000000 -100.000000
vn -25.832815 1.593313 -96.592583
vn -0.000000 0.000000 -100.000000
vn -25.441216 4.755787 -96.592583
vn -0.000000 0.000000 -100.000000
vn -24.663954 7.846169 -96.592583
vn -0.000000 -0.000000 -100.000000
vn -23.512811 10.817610 -96.592583
vn -0.000000 0.000000 -100.000000
vn -22.005239 13.625067 -96.592583
vn -0.000000 0.000000 -100.000000
vn -20.164089 16.225982 -96.592583
vn -0.000000 -0.000000 -100.000000
vn -18.017272 18.580928 -96.592583
vn -0.000000 -0.000000 -100.000000
vn -15.597332 20.654206 -96.592583
vn -0.000000 0.000000 -100.000000
vn -12.940952 22.414387 -96.592583
vn -10.088401 23.834789 -96.592583
vn -25.000000 43.301270 -86.602540
vn -19.489294 46.045276 -86.602540
vn -35.355339 61.237244 -70.710678
vn -27.562023 65.117854 -70.710678
vn -43.301270 75.000000 -50.000000
vn -33.756447 79.752757 -50.000000
vn -48.296291 83.651630 -25.881905
vn -37.650424 88.952642 -25.881905
vn -44.573836 89.516329 0.000000
vn -33.235480 94.315443 0.000000
vn -25.441216 -4.755787 -96.592583
vn -0.000000 0.000000 -100.000000
vn -24.663954 -7.846169 -96.592583
vn -0.000000 -0.000000 -100.000000
vn -23.512811 -10.817610 -96.592583
vn -0.000000 -0.000000 -100.000000
vn -22.005239 -13.625067 -96.592583
vn -0.000000 -0.000000 -100.000000
vn -20.164089 -16.225982 -96.592583
vn -0.000000 0.000000 -100.000000
vn -18.017272 -18.580928 -96.592583
vn -0.000000 -0.000000 -100.000000
vn -15.597332 -20.654206 -96.592583
vn -0.000000 -0.000000 -100.000000
vn -12.940952 -22.414387 -96.592583
vn -10.088401 -23.834789 -96.592583
vn -19.489294 -46.045276 -86.602540
vn -13.683150 -48.091282 -86.602540
vn -19.350896 -68.011343 -70.710678
vn -10.846428 -69.873851 -70.710678
vn -13.284107 -85.577640 -50.000000
vn -2.666930 -86.561467 -50.000000
vn -2.974574 -96.546771 -25.881905
vn 8.912439 -96.180536 -25.881905
vn 3.079506 -99.952572 -0.000000
vn 15.339165 -98.816547 -0.000000
vn 20.664349 -94.356302 -25.881905
vn 27.366299 -96.182564 -0.000000
vn 32.103008 -91.101723 -25.881905
vn 38.978587 -92.090552 -0.000000
vn 43.055019 -86.466134 -25.881905
vn 50.000000 -86.602540 -0.000000
vn 53.354359 -80.519807 -25.881905
vn 60.263464 -79.801723 -0.000000
vn 62.844902 -73.352882 -25.881905
vn 69.613395 -71.791192 -0.000000
vn 71.382780 -65.074002 -25.881905
vn 77.908057 -62.692381 -0.000000
vn 78.838568 -55.808667 -25.881905
vn 85.021714 -52.643216 -0.000000
vn 85.099243 -45.697328 -25.881905
vn 90.846527 -41.796034 -0.000000
vn 90.069901 -34.893265 -25.881905
vn 95.294200 -30.315267 -0.000000
vn 93.675191 -23.560256 -25.881905
vn 98.297310 -18.374952 -0.000000
vn 95.860460 -11.870097 -25.881905
vn 99.810333 -6.156091 -0.000000
vn 96.592583 -0.000000 -25.881905
vn 99.810333 6.156091 -0.000000
vn 95.860460 11.870097 -25.881905
vn 98.297310 18.374952 -0.000000
vn 93.675191 23.560256 -25.881905
vn 95.294200 30.315267 -0.000000
vn 90.069901 34.893265 -25.881905
vn 90.846527 41.796034 -0.000000
vn 85.099243 45.697328 -25.881905
vn 85.021714 52.643216 -0.000000
vn 78.838568 55.808667 -25.881905
vn 77.908057 62.692381 -0.000000
vn 71.382780 65.074002 -25.881905
vn 69.613395 71.791192 -0.000000
vn 62.844902 73.352882 -25.881905
vn 60.263464 79.801723 -0.000000
vn 53.354359 80.519807 -25.881905
vn 50.000000 86.602540 -0.000000
vn 43.055019 86.466134 -25.881905
vn 38.978587 92.090552 -0.000000
vn 32.103008 91.101723 -25.881905
vn 27.366299 96.182564 -0.000000
vn 20.664349 94.356302 -25.881905
vn 15.339165 98.816547 -0.000000
vn 8.912439 96.180536 -25.881905
vn 3.079506 99.952572 -0.000000
vn -2.974574 96.546771 -25.881905
vn -9.226836 99.573418 0.000000
vn -14.816496 95.449455 -25.881905
vn -21.393308 97.684832 0.000000
vn -26.433815 92.905223 -25.881905
vn -0.000000 -0.000000 -100.000000
vn -7.082919 -24.893879 -96.592583
vn -7.669583 -49.408274 -86.602540
vn -2.177539 -70.677141 -70.710678
vn 7.990674 -86.233109 -50.000000
vn -0.000000 -0.000000 -100.000000
vn -3.970068 -25.575604 -96.592583
vn -1.539753 -49.976286 -86.602540
vn 6.524358 -70.409039 -70.710678
vn 18.527148 -84.597546 -50.000000
vn -0.000000 -0.000000 -100.000000
vn -0.797035 -25.869629 -96.592583
vn 4.613418 -49.786709 -86.602540
vn 15.127353 -69.073607 -70.710678
vn 28.782770 -81.679570 -50.000000
vn -0.000000 -0.000000 -100.000000
vn 2.388081 -25.771497 -96.592583
vn 10.696654 -48.842416 -86.602540
vn 23.501033 -66.691090 -70.710678
vn 38.602074 -77.523415 -50.000000
vn -0.000000 -0.000000 -100.000000
vn 5.536996 -25.282695 -96.592583
vn 16.617740 -47.157722 -86.602540
vn 31.518461 -63.297603 -70.710678
vn 47.836210 -72.192084 -50.000000
vn -0.000000 -0.000000 -100.000000
vn 8.601975 -24.410633 -96.592583
vn 22.286918 -44.758165 -86.602540
vn 39.058102 -58.944590 -70.710678
vn 56.345198 -65.766395 -50.000000
vn -0.000000 -0.000000 -100.000000
vn 11.536558 -23.168531 -96.592583
vn 27.618249 -41.680119 -86.602540
vn 46.005661 -53.698037 -70.710678
vn 64.000050 -58.343754 -50.000000
vn -0.000000 -0.000000 -100.000000
vn 14.296257 -21.575217 -96.592583
vn 32.530915 -37.970246 -86.602540
vn 52.255822 -47.637476 -70.710678
vn 70.684726 -50.036682 -50.000000
vn -0.000000 -0.000000 -100.000000
vn 16.839241 -19.654846 -96.592583
vn 36.950446 -33.684782 -86.602540
vn 57.713837 -40.854779 -70.710678
vn 76.297894 -40.971104 -50.000000
vn -0.000000 0.000000 -100.000000
vn 19.126958 -17.436526 -96.592583
vn 40.809846 -28.888692 -86.602540
vn 62.296970 -33.452766 -70.710678
vn 80.754464 -31.284446 -50.000000
vn -0.000000 0.000000 -100.000000
vn 21.124731 -14.953887 -96.592583
vn 44.050610 -23.654678 -86.602540
vn 65.935744 -25.543643 -70.710678
vn 83.986878 -21.123548 -50.000000
vn -0.000000 0.000000 -100.000000
vn 22.802273 -12.244562 -96.592583
vn 46.623611 -18.062083 -86.602540
vn 68.574999 -17.247305 -70.710678
vn 85.946137 -10.642438 -50.000000
vn -0.000000 -0.000000 -100.000000
vn 24.134157 -9.349622 -96.592583
vn 48.489847 -12.195686 -86.602540
vn 70.174727 -8.689514 -70.710678
vn 86.602540 -0.000000 -50.000000
vn -0.000000 0.000000 -100.000000
vn 25.100192 -6.312952 -96.592583
vn 49.621025 -6.144415 -86.602540
vn 70.710678 -0.000000 -70.710678
vn 85.946137 10.642438 -50.000000
vn -0.000000 -0.000000 -100.000000
vn 25.685733 -3.180583 -96.592583
vn 50.000000 -0.000000 -86.602540
vn 70.174727 8.689514 -70.710678
vn 83.986878 21.123548 -50.000000
vn -0.000000 -0.000000 -100.000000
vn 25.881905 -0.000000 -96.592583
vn 49.621025 6.144415 -86.602540
vn 68.574999 17.247305 -70.710678
vn 80.754464 31.284446 -50.000000
vn 25.685733 3.180583 -96.592583
vn -0.000000 0.000000 -100.000000
vn 25.100192 6.312952 -96.592583
vn -0.000000 -0.000000 -100.000000
vn 24.134157 9.349622 -96.592583
vn -0.000000 0.000000 -100.000000
vn 22.802273 12.244562 -96.592583
vn -0.000000 0.000000 -100.000000
vn 21.124731 14.953887 -96.592583
vn -0.000000 0.000000 -100.000000
vn 19.126958 17.436526 -96.592583
vn -0.000000 0.000000 -100.000000
vn 16.839241 19.654846 -96.592583
vn -0.000000 -0.000000 -100.000000
vn 14.296257 21.575217 -96.592583
vn -0.000000 0.000000 -100.000000
vn 11.536558 23.168531 -96.592583
vn -0.000000 0.000000 -100.000000
vn 8.601975 24.410633 -96.592583
vn -0.000000 0.000000 -100.000000
vn 5.536996 25.282695 -96.592583
vn -0.000000 0.000000 -100.000000
vn 2.388081 25.771497 -96.592583
vn -0.000000 0.000000 -100.000000
vn -0.797035 25.869629 -96.592583
vn -0.000000 0.000000 -100.000000
vn -3.970068 25.575604 -96.592583
vn -0.000000 0.000000 -100.000000
vn -7.082919 24.893879 -96.592583
vn -0.000000 0.000000 -100.000000
vn -99.242051 12.288829 0.000000
vn -96.409378 5.946327 -25.881905
vn -100.000000 0.000000 0.000000
vn -96.409378 -5.946327 -25.881905
vn -99.242051 -12.288829 0.000000
vn -94.947910 -17.748840 -25.881905
vn -96.979694 -24.391372 0.000000
vn -92.047129 -29.282300 -25.881905
vn -93.247223 -36.124167 0.000000
vn -87.751007 -40.371869 -25.881905
vn -88.101219 -47.309356 0.000000
vn -82.124669 -50.849442 -25.881905
vn -81.619691 -57.777383 0.000000
vn -75.253405 -60.556190 -25.881905
vn -73.900892 -67.369564 0.000000
vn -67.241376 -69.344967 -25.881905
vn -65.061830 -75.940492 0.000000
vn -58.210036 -77.082545 -25.881905
vn -55.236497 -83.360239 0.000000
vn -48.296291 -83.651630 -25.881905
vn -44.573836 -89.516329 0.000000
vn -37.650424 -88.952642 -25.881905
vn -33.235480 -94.315443 0.000000
vn -26.433815 -92.905223 -25.881905
vn -21.393308 -97.684832 0.000000
vn -14.816496 -95.449455 -25.881905
vn -9.226836 -99.573418 0.000000
vn -94.947910 17.748840 -25.881905
vn -96.979694 24.391372 0.000000
vn -92.047129 29.282300 -25.881905
vn -93.247223 36.124167 0.000000
vn -87.751007 40.371869 -25.881905
vn -88.101219 47.309356 0.000000
vn -82.124669 50.849442 -25.881905
vn -81.619691 57.777383 0.000000
vn -75.253405 60.556190 -25.881905
vn -73.900892 67.369564 0.000000
vn -67.241376 69.344967 -25.881905
vn -65.061830 75.940492 0.000000
vn -58.210036 77.082545 -25.881905
vn -55.236497 83.360239 0.000000
vn -49.905166 -3.078045 -86.602540
vn -49.905166 3.078045 -86.602540
vn -49.148655 9.187476 -86.602540
vn -47.647100 15.157634 -86.602540
vn -45.423264 20.898017 -86.602540
vn -42.510857 26.321608 -86.602540
vn -38.954029 31.346190 -86.602540
vn -34.806697 35.895596 -86.602540
vn -30.131732 39.900861 -86.602540
vn -70.576563 -4.353013 -70.710678
vn -70.576563 4.353013 -70.710678
vn -69.506694 12.993053 -70.710678
vn -67.383175 21.436131 -70.710678
vn -64.238195 29.554259 -70.710678
vn -60.119430 37.224375 -70.710678
vn -55.089316 44.330207 -70.710678
vn -49.224103 50.764039 -70.710678
vn -42.612704 56.428339 -70.710678
vn -49.148655 -9.187476 -86.602540
vn -47.647100 -15.157634 -86.602540
vn -45.423264 -20.898017 -86.602540
vn -42.510857 -26.321608 -86.602540
vn -38.954029 -31.346190 -86.602540
vn -34.806697 -35.895596 -86.602540
vn -30.131732 -39.900861 -86.602540
vn -25.000000 -43.301270 -86.602540
vn -86.438284 -5.331331 -50.000000
vn -86.438284 5.331331 -50.000000
vn -85.127968 15.913175 -50.000000
vn -82.527198 26.253792 -50.000000
vn -78.675400 36.196428 -50.000000
vn -73.630964 45.590363 -50.000000
vn -67.470357 54.293194 -50.000000
vn -60.286968 62.172996 -50.000000
vn -52.189690 69.110319 -50.000000
vn -69.506694 -12.993053 -70.710678
vn -67.383175 -21.436131 -70.710678
vn -64.238195 -29.554259 -70.710678
vn -60.119430 -37.224375 -70.710678
vn -55.089316 -44.330207 -70.710678
vn -49.224103 -50.764039 -70.710678
vn -42.612704 -56.428339 -70.710678
vn -35.355339 -61.237244 -70.710678
vn -27.562023 -65.117854 -70.710678
vn -85.127968 -15.913175 -50.000000
vn -82.527198 -26.253792 -50.000000
vn -78.675400 -36.196428 -50.000000
vn -73.630964 -45.590363 -50.000000
vn -67.470357 -54.293194 -50.000000
vn -60.286968 -62.172996 -50.000000
vn -52.189690 -69.110319 -50.000000
vn -43.301270 -75.000000 -50.000000
vn -33.756447 -79.752757 -50.000000
vn -23.699910 -83.296544 -50.000000
vn 48.489847 12.195686 -86.602540
vn 46.623611 18.062083 -86.602540
vn 44.050610 23.654678 -86.602540
vn 40.809846 28.888692 -86.602540
vn 36.950446 33.684782 -86.602540
vn 32.530915 37.970246 -86.602540
vn 27.618249 41.680119 -86.602540
vn 22.286918 44.758165 -86.602540
vn 16.617740 47.157722 -86.602540
vn 10.696654 48.842416 -86.602540
vn 4.613418 49.786709 -86.602540
vn -1.539753 49.976286 -86.602540
vn -7.669583 49.408274 -86.602540
vn -13.683150 48.091282 -86.602540
vn 65.935744 25.543643 -70.710678
vn 76.297894 40.971104 -50.000000
vn 62.296970 33.452766 -70.710678
vn 57.713837 40.854779 -70.710678
vn 52.255822 47.637476 -70.710678
vn 46.005661 53.698037 -70.710678
vn 39.058102 58.944590 -70.710678
vn 31.518461 63.297603 -70.710678
vn 23.501033 66.691090 -70.710678
vn 15.127353 69.073607 -70.710678
vn 6.524358 70.409039 -70.710678
vn -2.177539 70.677141 -70.710678
vn -10.846428 69.873851 -70.710678
vn -19.350896 68.011343 -70.710678
vn 70.684726 50.036682 -50.000000
vn 64.000050 58.343754 -50.000000
vn 56.345198 65.766395 -50.000000
vn 47.836210 72.192084 -50.000000
vn 38.602074 77.523415 -50.000000
vn 28.782770 81.679570 -50.000000
vn 18.527148 84.597546 -50.000000
vn 7.990674 86.233109 -50.000000
vn -2.666930 86.561467 -50.000000
vn -13.284107 85.577640 -50.000000
vn -23.699910 83.296544 -50.000000
vn -0.000000 -0.000000 -100.000000
vn -0.000000 -0.000000 -100.000000
vn -0.000000 -0.000000 -100.000000
vn -0.000000 -0.000000 -100.000000
vn -0.000000 -0.000000 -100.000000
vn -0.000000 -0.000000 -100.000000
vn -99.242051 12.288829 0.000000
vn -100.000000 0.000000 0.000000
vn -99.242051 -12.288829 0.000000
vn -96.979694 -24.391372 0.000000
vn -93.247223 -36.124167 0.000000
vn -88.101219 -47.309356 0.000000
vn -81.619691 -57.777383 0.000000
vn -73.900892 -67.369564 0.000000
vn -65.061830 -75.940492 0.000000
vn -55.236497 -83.360239 0.000000
vn -44.573836 -89.516329 0.000000
vn -33.235480 -94.315443 0.000000
vn -21.393308 -97.684832 0.000000
vn -9.226836 -99.573418 0.000000
vn 3.079506 -99.952572 -0.000000
vn 15.339165 -98.816547 -0.000000
vn 27.366299 -96.182564 -0.000000
vn 38.978587 -92.090552 -0.000000
vn 50.000000 -86.602540 -0.000000
vn 60.263464 -79.801723 -0.000000
vn 69.613395 -71.791192 -0.000000
vn 77.908057 -62.692381 -0.000000
vn 85.021714 -52.643216 -0.000000
vn 90.846527 -41.796034 -0.000000
vn 95.294200 -30.315267 -0.000000
vn 98.297310 -18.374952 -0.000000
vn 99.810333 -6.156091 -0.000000
vn 99.810333 6.156091 -0.000000
vn 98.297310 18.374952 -0.000000
vn 95.294200 30.315267 -0.000000
vn 90.846527 41.796034 -0.000000
vn 85.021714 52.643216 -0.000000
vn 77.908057 62.692381 -0.000000
vn 69.613395 71.791192 -0.000000
vn 60.263464 79.801723 -0.000000
vn 50.000000 86.602540 -0.000000
vn 38.978587 92.090552 -0.000000
vn 27.366299 96.182564 -0.000000
vn 15.339165 98.816547 -0.000000
vn 3.079506 99.952572 -0.000000
vn -9.226836 99.573418 0.000000
vn -21.393308 97.684832 0.000000
vn -33.235480 94.315443 0.000000
vn -44.573836 89.516329 0.000000
vn -55.236497 83.360239 0.000000
vn -65.061830 75.940492 0.000000
vn -73.900892 67.369564 0.000000
vn -81.619691 57.777383 0.000000
vn -88.101219 47.309356 0.000000
vn -93.247223 36.124167 0.000000
vn -96.979694 24.391372 0.000000
vn -4.357787 -7.547909 -99.619470
vn -4.357787 -7.547909 -99.619470
vn -4.357787 -7.547909 -99.619470
vn -8.715574 -0.000000 -99.619470
vn -8.715574 -0.000000 -99.619470
vn -8.715574 -0.000000 -99.619470
vn -4.357787 7.547909 -99.619470
vn -4.357787 7.547909 -99.619470
vn -4.357787 7.547909 -99.619470
vn 4.357787 7.547909 -99.619470
vn 4.357787 7.547909 -99.619470
vn 4.357787 7.547909 -99.619470
vn 8.715574 0.000000 -99.619470
vn 8.715574 0.000000 -99.619470
vn 8.715574 0.000000 -99.619470
vn 4.357787 -7.547909 -99.619470
vn 4.357787 -7.547909 -99.619470
vn 4.357787 -7.547909 -99.619470
vn -50.000000 -86.602540 0.000000
vn -50.000000 -86.602540 0.000000
vn -50.000000 -86.602540 0.000000
vn -50.000000 -86.602540 0.000000
vn -100.000000 -0.000000 0.000000
vn -100.000000 -0.000000 0.000000
vn -100.000000 -0.000000 0.000000
vn -100.000000 -0.000000 0.000000
vn -50.000000 86.602540 0.000000
vn -50.000000 86.602540 0.000000
vn -50.000000 86.602540 0.000000
vn -50.000000 86.602540 0.000000
vn 50.000000 86.602540 0.000000
vn 50.000000 86.602540 0.000000
vn 50.000000 86.602540 0.000000
vn 50.000000 86.602540 0.000000
vn 100.000000 0.000000 0.000000
vn 100.000000 0.000000 0.000000
vn 100.000000 0.000000 0.000000
vn 100.000000 0.000000 0.000000
vn 50.000000 -86.602540 0.000000
vn 50.000000 -86.602540 0.000000
vn 50.000000 -86.602540 0.000000
vn 50.000000 -86.602540 0.000000
vn 98.705026 -16.041128 -0.000000
vn 98.705026 -16.041128 -0.000000
vn 100.000000 -0.000000 -0.000000
vn 100.000000 -0.000000 -0.000000
vn 98.705026 16.041128 -0.000000
vn 98.705026 16.041128 -0.000000
vn 94.853644 31.666799 -0.000000
vn 94.853644 31.666799 -0.000000
vn 88.545603 46.472317 -0.000000
vn 88.545603 46.472317 -0.000000
vn 79.944276 60.074226 -0.000000
vn 79.944276 60.074226 -0.000000
vn 69.272435 72.120245 -0.000000
vn 69.272435 72.120245 -0.000000
vn 56.806475 82.298387 -0.000000
vn 56.806475 82.298387 -0.000000
vn 42.869256 90.345043 -0.000000
vn 42.869256 90.345043 -0.000000
vn 27.821746 96.051811 -0.000000
vn 27.821746 96.051811 -0.000000
vn 12.053668 99.270887 -0.000000
vn 12.053668 99.270887 -0.000000
vn -4.026594 99.918900 0.000000
vn -4.026594 99.918900 0.000000
vn -20.002569 97.979065 0.000000
vn -20.002569 97.979065 0.000000
vn -35.460489 93.501624 0.000000
vn -35.460489 93.501624 0.000000
vn -50.000000 86.602540 0.000000
vn -50.000000 86.602540 0.000000
vn -63.244538 77.460496 0.000000
vn -63.244538 77.460496 0.000000
vn -74.851075 66.312266 0.000000
vn -74.851075 66.312266 0.000000
vn -84.519009 53.446583 0.000000
vn -84.519009 53.446583 0.000000
vn -91.997944 39.196661 0.000000
vn -91.997944 39.196661 0.000000
vn -97.094182 23.931566 0.000000
vn -97.094182 23.931566 0.000000
vn -99.675731 8.046657 0.000000
vn -99.675731 8.046657 0.000000
vn -99.675731 -8.046657 0.000000
vn -99.675731 -8.046657 0.000000
vn -97.094182 -23.931566 0.000000
vn -97.094182 -23.931566 0.000000
vn -91.997944 -39.196661 0.000000
vn -91.997944 -39.196661 0.000000
vn -84.519009 -53.446583 0.000000
vn -84.519009 -53.446583 0.000000
vn -74.851075 -66.312266 0.000000
vn -74.851075 -66.312266 0.000000
vn -63.244538 -77.460496 0.000000
vn -63.244538 -77.460496 0.000000
vn -50.000000 -86.602540 0.000000
vn -50.000000 -86.602540 0.000000
vn -35.460489 -93.501624 0.000000
vn -35.460489 -93.501624 0.000000
vn -20.002569 -97.979065 0.000000
vn -20.002569 -97.979065 0.000000
vn -4.026594 -99.918900 0.000000
vn -4.026594 -99.918900 0.000000
vn 12.053668 -99.270887 -0.000000
vn 12.053668 -99.270887 -0.000000
vn 27.821746 -96.051811 -0.000000
vn 27.821746 -96.051811 -0.000000
vn 42.869256 -90.345043 -0.000000
vn 42.869256 -90.345043 -0.000000
vn 56.806475 -82.298387 -0.000000
vn 56.806475 -82.298387 -0.000000
vn 69.272435 -72.120245 -0.000000
vn 69.272435 -72.120245 -0.000000
vn 79.944276 -60.074226 -0.000000
vn 79.944276 -60.074226 -0.000000
vn 88.545603 -46.472317 -0.000000
vn 88.545603 -46.472317 -0.000000
vn 94.853644 -31.666799 -0.000000
vn 94.853644 -31.666799 -0.000000
vn 98.705026 16.041128 -0.000000
vn 100.000000 0.000000 -0.000000
vn 98.705026 -16.041128 -0.000000
vn 94.853644 -31.666799 -0.000000
vn 88.545603 -46.472317 -0.000000
vn 79.944276 -60.074226 -0.000000
vn 69.272435 -72.120245 -0.000000
vn 56.806475 -82.298387 -0.000000
vn 42.869256 -90.345043 -0.000000
vn 27.821746 -96.051811 -0.000000
vn 12.053668 -99.270887 -0.000000
vn -4.026594 -99.918900 0.000000
vn -20.002569 -97.979065 0.000000
vn -35.460489 -93.501624 0.000000
vn -50.000000 -86.602540 0.000000
vn -63.244538 -77.460496 0.000000
vn -74.851075 -66.312266 0.000000
vn -84.519009 -53.446583 0.000000
vn -91.997944 -39.196661 0.000000
vn -97.094182 -23.931566 0.000000
vn -99.675731 -8.046657 0.000000
vn -99.675731 8.046657 0.000000
vn -97.094182 23.931566 0.000000
vn -91.997944 39.196661 0.000000
vn -84.519009 53.446583 0.000000
vn -74.851075 66.312266 0.000000
vn -63.244538 77.460496 0.000000
vn -50.000000 86.602540 0.000000
vn -35.460489 93.501624 0.000000
vn -20.002569 97.979065 0.000000
vn -4.026594 99.918900 0.000000
vn 12.053668 99.270887 -0.000000
vn 27.821746 96.051811 -0.000000
vn 42.869256 90.345043 -0.000000
vn 56.806475 82.298387 -0.000000
vn 69.272435 72.120245 -0.000000
vn 79.944276 60.074226 -0.000000
vn 88.545603 46.472317 -0.000000
vn 94.853644 31.666799 -0.000000
vn 0.000000 0.000000 100.000000
vn 0.000000 0.000000 100.000000
vn 0.000000 0.000000 100.000000
vn 0.000000 0.000000 100.000000
vn 0.000000 0.000000 100.000000
vn 0.000000 0.000000 100.000000
vn 0.000000 0.000000 100.000000
vn 0.000000 0.000000 100.000000
vn 0.000000 0.000000 100.000000
vn 0.000000 0.000000 100.000000
vn 0.000000 0.000000 100.000000
vn 0.000000 0.000000 100.000000
vn 0.000000 0.000000 100.000000
vn 0.000000 0.000000 100.000000
vn 0.000000 0.000000 100.000000
vn 0.000000 0.000000 100.000000
vn 0.000000 0.000000 100.000000
vn 0.000000 0.000000 100.000000
vn 0.000000 0.000000 100.000000
vn 0.000000 0.000000 100.000000
vn 0.000000 0.000000 100.000000
vn 0.000000 0.000000 100.000000
vn 0.000000 0.000000 100.000000
vn 0.000000 0.000000 100.000000
vn 0.000000 0.000000 100.000000
vn 0.000000 0.000000 100.000000
vn 0.000000 0.000000 100.000000
vn 0.000000 0.000000 100.000000
vn 0.000000 0.000000 100.000000
vn 0.000000 0.000000 100.000000
vn 0.000000 0.000000 100.000000
vn 0.000000 0.000000 100.000000
vn 0.000000 0.000000 100.000000
vn 0.000000 0.000000 100.000000
vn 0.000000 0.000000 100.000000
vn 0.000000 0.000000 100.000000
vn 0.000000 0.000000 100.000000
vn 0.000000 0.000000 100.000000
vn 0.000000 0.000000 100.000000
vn 0.000000 0.000000 100.000000
vn 0.000000 0.000000 100.000000
vn 0.000000 0.000000 100.000000
vn 0.000000 0.000000 100.000000
vn 0.000000 0.000000 100.000000
vn 0.000000 0.000000 100.000000
vn 0.000000 0.000000 100.000000
vn 0.000000 0.000000 100.000000
vn 0.000000 0.000000 100.000000
vn 0.000000 0.000000 100.000000
vn 0.000000 0.000000 100.000000
vn 0.000000 0.000000 100.000000
vn 0.000000 0.000000 100.000000
vn 0.000000 0.000000 100.000000
vn 0.000000 0.000000 100.000000
vn 0.000000 0.000000 100.000000
vn 0.000000 0.000000 100.000000
vn 0.000000 0.000000 100.000000
vn 0.000000 0.000000 100.000000
vn 0.000000 0.000000 100.000000
vn 0.000000 0.000000 100.000000
vn 0.000000 0.000000 100.000000
vn 0.000000 0.000000 100.000000
vn 0.000000 0.000000 100.000000
vn 0.000000 0.000000 100.000000
vn 0.000000 0.000000 100.000000
vn 0.000000 0.000000 100.000000
vn 0.000000 0.000000 100.000000
vn 0.000000 0.000000 100.000000
vn 0.000000 0.000000 100.000000
vn 0.000000 0.000000 100.000000
vn 0.000000 0.000000 100.000000
vn 0.000000 0.000000 100.000000
vn 0.000000 0.000000 100.000000
vn 0.000000 0.000000 100.000000
vn 0.000000 0.000000 100.000000
vn 0.000000 0.000000 100.000000
vn 0.000000 0.000000 100.000000
vn 0.000000 0.000000 100.000000
vn 0.000000 0.000000 100.000000
vn 0.000000 0.000000 100.000000
vn 0.000000 0.000000 100.000000
vn 0.000000 0.000000 100.000000
vn 0.000000 0.000000 100.000000
vn 0.000000 0.000000 100.000000
vn 0.000000 0.000000 100.000000
vn 0.000000 0.000000 100.000000
vn 0.000000 0.000000 100.000000
vn 0.000000 0.000000 100.000000
vn 0.000000 0.000000 100.000000
vn 0.000000 0.000000 100.000000
vn 0.000000 0.000000 100.000000
vn 0.000000 0.000000 100.000000
vn 0.000000 0.000000 100.000000
vn 0.000000 0.000000 100.000000
vn 0.000000 0.000000 100.000000
vn 0.000000 0.000000 100.000000
vn 0.000000 0.000000 100.000000
vn 0.000000 0.000000 100.000000
vn 0.000000 0.000000 100.000000
vn 0.000000 0.000000 100.000000
vn 0.000000 0.000000 100.000000
vn 0.000000 0.000000 100.000000
vn 0.000000 0.000000 100.000000
vn 0.000000 0.000000 100.000000
vn 0.000000 0.000000 100.000000
vn 0.000000 0.000000 100.000000
vn 0.000000 0.000000 100.000000
vn 0.000000 0.000000 100.000000
vn 0.000000 0.000000 100.000000
vn 0.000000 0.000000 100.000000
vn 0.000000 0.000000 100.000000
vn 0.000000 0.000000 100.000000
vn 0.000000 0.000000 100.000000
vn 0.000000 0.000000 100.000000
vn 0.000000 0.000000 100.000000
vn 0.000000 0.000000 100.000000
vn 0.000000 0.000000 100.000000
vn 0.000000 0.000000 100.000000
vn 0.000000 0.000000 100.000000
vn 0.000000 0.000000 100.000000
vn 0.000000 0.000000 100.000000
vn 0.000000 0.000000 100.000000
vn 0.000000 0.000000 100.000000
vn 0.000000 0.000000 100.000000
vn 0.000000 0.000000 100.000000
usemtl Steel_-_Satin
f 2/1/1 57/2/2 1/3/3
f 1/4/3 57/5/2 58/6/4
f 1/4/3 58/6/4 39/7/5
f 39/7/5 58/6/4 59/8/6
f 39/7/5 59/8/6 38/9/7
f 38/9/7 59/8/6 60/10/8
f 38/9/7 60/10/8 37/11/9
f 37/11/9 60/10/8 61/12/10
f 37/11/9 61/12/10 36/13/11
f 36/13/11 61/12/10 62/14/12
f 36/13/11 62/14/12 35/15/13
f 35/15/13 62/14/12 34/16/14
f 34/16/14 62/14/12 63/17/15
f 34/16/14 63/17/15 33/18/16
f 33/18/16 63/17/15 64/19/17
f 33/18/16 64/19/17 32/20/18
f 32/20/18 64/19/17 65/21/19
f 32/20/18 65/21/19 31/22/20
f 31/22/20 65/21/19 66/23/21
f 31/22/20 66/23/21 30/24/22
f 30/24/22 66/23/21 67/25/23
f 30/24/22 67/25/23 29/26/24
f 29/26/24 67/25/23 68/27/25
f 29/26/24 68/27/25 28/28/26
f 28/28/26 68/27/25 69/29/27
f 28/28/26 69/29/27 27/30/28
f 27/30/28 69/29/27 70/31/29
f 27/30/28 70/31/29 26/32/30
f 26/32/30 70/31/29 71/33/31
f 26/32/30 71/33/31 25/34/32
f 25/34/32 71/33/31 24/35/33
f 24/35/33 71/33/31 72/36/34
f 24/35/33 72/36/34 23/37/35
f 23/37/35 72/36/34 73/38/36
f 23/37/35 73/38/36 22/39/37
f 22/39/37 73/38/36 74/40/38
f 22/39/37 74/40/38 21/41/39
f 21/41/39 74/40/38 40/42/40
f 21/41/39 40/42/40 20/43/41
f 20/43/41 40/42/40 41/44/42
f 20/43/41 41/44/42 19/45/43
f 19/45/43 41/44/42 42/46/44
f 19/45/43 42/46/44 18/47/45
f 18/47/45 42/46/44 43/48/46
f 18/47/45 43/48/46 17/49/47
f 17/49/47 43/48/46 44/50/48
f 17/49/47 44/50/48 16/51/49
f 16/51/49 44/50/48 15/52/50
f 15/52/50 44/50/48 45/53/51
f 15/52/50 45/53/51 14/54/52
f 14/54/52 45/53/51 46/55/53
f 14/54/52 46/55/53 13/56/54
f 13/56/54 46/55/53 47/57/55
f 13/56/54 47/57/55 12/58/56
f 12/58/56 47/57/55 48/59/57
f 12/58/56 48/59/57 11/60/58
f 11/60/58 48/59/57 49/61/59
f 11/60/58 49/61/59 10/62/60
f 10/62/60 49/61/59 50/63/61
f 10/62/60 50/63/61 9/64/62
f 9/64/62 50/63/61 51/65/63
f 9/64/62 51/65/63 8/66/64
f 8/66/64 51/65/63 52/67/65
f 8/66/64 52/67/65 7/68/66
f 7/68/66 52/67/65 53/69/67
f 7/68/66 53/69/67 6/70/68
f 6/70/68 53/69/67 5/71/69
f 5/71/69 53/69/67 54/72/70
f 5/71/69 54/72/70 4/73/71
f 4/73/71 54/72/70 55/74/72
f 4/73/71 55/74/72 3/75/73
f 3/75/73 55/74/72 56/76/74
f 3/75/73 56/76/74 2/1/1
f 2/1/1 56/76/74 57/2/2
f 76/77/75 179/78/76 75/79/77
f 75/79/77 179/78/76 188/80/78
f 75/79/77 188/80/78 122/81/79
f 122/81/79 188/80/78 424/82/80
f 122/81/79 424/82/80 121/83/81
f 121/83/81 424/82/80 419/84/82
f 121/83/81 419/84/82 120/85/83
f 120/85/83 419/84/82 414/86/84
f 120/85/83 414/86/84 119/87/85
f 119/87/85 414/86/84 409/88/86
f 119/87/85 409/88/86 118/89/87
f 118/89/87 409/88/86 404/90/88
f 118/89/87 404/90/88 117/91/89
f 117/91/89 404/90/88 399/92/90
f 117/91/89 399/92/90 116/93/91
f 116/93/91 399/92/90 389/94/92
f 116/93/91 389/94/92 115/95/93
f 115/95/93 389/94/92 398/96/94
f 115/95/93 398/96/94 384/97/95
f 384/97/95 398/96/94 397/98/96
f 384/97/95 397/98/96 385/99/97
f 385/99/97 397/98/96 396/100/98
f 385/99/97 396/100/98 386/101/99
f 386/101/99 396/100/98 395/102/100
f 386/101/99 395/102/100 387/103/101
f 387/103/101 395/102/100 394/104/102
f 387/103/101 394/104/102 388/105/103
f 388/105/103 394/104/102 132/106/104
f 388/105/103 132/106/104 133/107/105
f 179/78/76 76/77/75 189/108/106
f 189/108/106 76/77/75 77/109/107
f 189/108/106 77/109/107 194/110/108
f 194/110/108 77/109/107 78/111/109
f 194/110/108 78/111/109 199/112/110
f 199/112/110 78/111/109 79/113/111
f 199/112/110 79/113/111 204/114/112
f 204/114/112 79/113/111 80/115/113
f 204/114/112 80/115/113 209/116/114
f 209/116/114 80/115/113 81/117/115
f 209/116/114 81/117/115 214/118/116
f 214/118/116 81/117/115 82/119/117
f 214/118/116 82/119/117 219/120/118
f 219/120/118 82/119/117 83/121/119
f 219/120/118 83/121/119 233/122/120
f 233/122/120 83/121/119 224/123/121
f 233/122/120 224/123/121 225/124/122
f 225/124/122 224/123/121 235/125/123
f 225/124/122 235/125/123 236/126/124
f 236/126/124 235/125/123 241/127/125
f 236/126/124 241/127/125 242/128/126
f 242/128/126 241/127/125 247/129/127
f 242/128/126 247/129/127 248/130/128
f 248/130/128 247/129/127 253/131/129
f 248/130/128 253/131/129 161/132/130
f 161/132/130 253/131/129 160/133/131
f 160/133/131 253/131/129 258/134/132
f 160/133/131 258/134/132 159/135/133
f 159/135/133 258/134/132 263/136/134
f 159/135/133 263/136/134 158/137/135
f 158/137/135 263/136/134 268/138/136
f 158/137/135 268/138/136 157/139/137
f 157/139/137 268/138/136 273/140/138
f 157/139/137 273/140/138 156/141/139
f 156/141/139 273/140/138 278/142/140
f 156/141/139 278/142/140 155/143/141
f 155/143/141 278/142/140 283/144/142
f 155/143/141 283/144/142 154/145/143
f 154/145/143 283/144/142 288/146/144
f 154/145/143 288/146/144 153/147/145
f 153/147/145 288/146/144 293/148/146
f 153/147/145 293/148/146 152/149/147
f 152/149/147 293/148/146 298/150/148
f 152/149/147 298/150/148 151/151/149
f 151/151/149 298/150/148 303/152/150
f 151/151/149 303/152/150 150/153/151
f 150/153/151 303/152/150 308/154/152
f 150/153/151 308/154/152 149/155/153
f 149/155/153 308/154/152 178/156/154
f 149/155/153 178/156/154 148/157/155
f 148/158/155 178/159/154 313/160/156
f 148/158/155 313/160/156 147/161/157
f 147/161/157 313/160/156 318/162/158
f 147/161/157 318/162/158 146/163/159
f 146/163/159 318/162/158 323/164/160
f 146/163/159 323/164/160 145/165/161
f 145/165/161 323/164/160 328/166/162
f 145/165/161 328/166/162 144/167/163
f 144/167/163 328/166/162 333/168/164
f 144/167/163 333/168/164 143/169/165
f 143/169/165 333/168/164 338/170/166
f 143/169/165 338/170/166 142/171/167
f 142/171/167 338/170/166 343/172/168
f 142/171/167 343/172/168 141/173/169
f 141/173/169 343/172/168 348/174/170
f 141/173/169 348/174/170 140/175/171
f 140/175/171 348/174/170 353/176/172
f 140/175/171 353/176/172 139/177/173
f 139/177/173 353/176/172 358/178/174
f 139/177/173 358/178/174 138/179/175
f 138/179/175 358/178/174 363/180/176
f 138/179/175 363/180/176 137/181/177
f 137/181/177 363/180/176 368/182/178
f 137/181/177 368/182/178 136/183/179
f 136/183/179 368/182/178 373/184/180
f 136/183/179 373/184/180 135/185/181
f 135/185/181 373/184/180 378/186/182
f 135/185/181 378/186/182 134/187/183
f 134/187/183 378/186/182 383/188/184
f 134/187/183 383/188/184 133/107/105
f 133/107/105 383/188/184 388/105/103
f 83/121/119 84/189/185 224/123/121
f 224/123/121 84/189/185 234/190/186
f 224/123/121 234/190/186 235/125/123
f 235/125/123 234/190/186 240/191/187
f 235/125/123 240/191/187 241/127/125
f 241/127/125 240/191/187 246/192/188
f 241/127/125 246/192/188 247/129/127
f 247/129/127 246/192/188 252/193/189
f 247/129/127 252/193/189 253/131/129
f 253/131/129 252/193/189 258/134/132
f 84/189/185 85/194/190 234/190/186
f 234/190/186 85/194/190 239/195/191
f 234/190/186 239/195/191 240/191/187
f 240/191/187 239/195/191 245/196/192
f 240/191/187 245/196/192 246/192/188
f 246/192/188 245/196/192 251/197/193
f 246/192/188 251/197/193 252/193/189
f 252/193/189 251/197/193 257/198/194
f 252/193/189 257/198/194 258/134/132
f 258/134/132 257/198/194 263/136/134
f 85/194/190 86/199/195 239/195/191
f 239/195/191 86/199/195 244/200/196
f 239/195/191 244/200/196 245/196/192
f 245/196/192 244/200/196 250/201/197
f 245/196/192 250/201/197 251/197/193
f 251/197/193 250/201/197 256/202/198
f 251/197/193 256/202/198 257/198/194
f 257/198/194 256/202/198 262/203/199
f 257/198/194 262/203/199 263/136/134
f 263/136/134 262/203/199 268/138/136
f 86/199/195 87/204/200 244/200/196
f 244/200/196 87/204/200 249/205/201
f 244/200/196 249/205/201 250/201/197
f 250/201/197 249/205/201 255/206/202
f 250/201/197 255/206/202 256/202/198
f 256/202/198 255/206/202 261/207/203
f 256/202/198 261/207/203 262/203/199
f 262/203/199 261/207/203 267/208/204
f 262/203/199 267/208/204 268/138/136
f 268/138/136 267/208/204 273/140/138
f 87/204/200 88/209/205 249/205/201
f 249/205/201 88/209/205 254/210/206
f 249/205/201 254/210/206 255/206/202
f 255/206/202 254/210/206 260/211/207
f 255/206/202 260/211/207 261/207/203
f 261/207/203 260/211/207 266/212/208
f 261/207/203 266/212/208 267/208/204
f 267/208/204 266/212/208 272/213/209
f 267/208/204 272/213/209 273/140/138
f 273/140/138 272/213/209 278/142/140
f 88/209/205 89/214/210 254/210/206
f 254/210/206 89/214/210 259/215/211
f 254/210/206 259/215/211 260/211/207
f 260/211/207 259/215/211 265/216/212
f 260/211/207 265/216/212 266/212/208
f 266/212/208 265/216/212 271/217/213
f 266/212/208 271/217/213 272/213/209
f 272/213/209 271/217/213 277/218/214
f 272/213/209 277/218/214 278/142/140
f 278/142/140 277/218/214 283/144/142
f 89/214/210 90/219/215 259/215/211
f 259/215/211 90/219/215 264/220/216
f 259/215/211 264/220/216 265/216/212
f 265/216/212 264/220/216 270/221/217
f 265/216/212 270/221/217 271/217/213
f 271/217/213 270/221/217 276/222/218
f 271/217/213 276/222/218 277/218/214
f 277/218/214 276/222/218 282/223/219
f 277/218/214 282/223/219 283/144/142
f 283/144/142 282/223/219 288/146/144
f 90/219/215 91/224/220 264/220/216
f 264/220/216 91/224/220 269/225/221
f 264/220/216 269/225/221 270/221/217
f 270/221/217 269/225/221 275/226/222
f 270/221/217 275/226/222 276/222/218
f 276/222/218 275/226/222 281/227/223
f 276/222/218 281/227/223 282/223/219
f 282/223/219 281/227/223 287/228/224
f 282/223/219 287/228/224 288/146/144
f 288/146/144 287/228/224 293/148/146
f 91/224/220 92/229/225 269/225/221
f 269/225/221 92/229/225 274/230/226
f 269/225/221 274/230/226 275/226/222
f 275/226/222 274/230/226 280/231/227
f 275/226/222 280/231/227 281/227/223
f 281/227/223 280/231/227 286/232/228
f 281/227/223 286/232/228 287/228/224
f 287/228/224 286/232/228 292/233/229
f 287/228/224 292/233/229 293/148/146
f 293/148/146 292/233/229 298/150/148
f 92/229/225 93/234/230 274/230/226
f 274/230/226 93/234/230 279/235/231
f 274/230/226 279/235/231 280/231/227
f 280/231/227 279/235/231 285/236/232
f 280/231/227 285/236/232 286/232/228
f 286/232/228 285/236/232 291/237/233
f 286/232/228 291/237/233 292/233/229
f 292/233/229 291/237/233 297/238/234
f 292/233/229 297/238/234 298/150/148
f 298/150/148 297/238/234 303/152/150
f 93/234/230 94/239/235 279/235/231
f 279/235/231 94/239/235 284/240/236
f 279/235/231 284/240/236 285/236/232
f 285/236/232 284/240/236 290/241/237
f 285/236/232 290/241/237 291/237/233
f 291/237/233 290/241/237 296/242/238
f 291/237/233 296/242/238 297/238/234
f 297/238/234 296/242/238 302/243/239
f 297/238/234 302/243/239 303/152/150
f 303/152/150 302/243/239 308/154/152
f 94/239/235 95/244/240 284/240/236
f 284/240/236 95/244/240 289/245/241
f 284/240/236 289/245/241 290/241/237
f 290/241/237 289/245/241 295/246/242
f 290/241/237 295/246/242 296/242/238
f 296/242/238 295/246/242 301/247/243
f 296/242/238 301/247/243 302/243/239
f 302/243/239 301/247/243 307/248/244
f 302/243/239 307/248/244 308/154/152
f 308/154/152 307/248/244 178/156/154
f 95/244/240 96/249/245 289/245/241
f 289/245/241 96/249/245 294/250/246
f 289/245/241 294/250/246 295/246/242
f 295/246/242 294/250/246 300/251/247
f 295/246/242 300/251/247 301/247/243
f 301/247/243 300/251/247 306/252/248
f 301/247/243 306/252/248 307/248/244
f 307/248/244 306/252/248 177/253/249
f 307/248/244 177/253/249 178/156/154
f 178/159/154 177/254/249 313/160/156
f 96/249/245 97/255/250 294/250/246
f 294/250/246 97/255/250 299/256/251
f 294/250/246 299/256/251 300/251/247
f 300/251/247 299/256/251 305/257/252
f 300/251/247 305/257/252 306/252/248
f 306/252/248 305/257/252 176/258/253
f 306/252/248 176/258/253 177/253/249
f 177/254/249 176/259/253 312/260/254
f 177/254/249 312/260/254 313/160/156
f 313/160/156 312/260/254 318/162/158
f 97/255/250 98/261/255 299/256/251
f 299/256/251 98/261/255 304/262/256
f 299/256/251 304/262/256 305/257/252
f 305/257/252 304/262/256 175/263/257
f 305/257/252 175/263/257 176/258/253
f 176/259/253 175/264/257 311/265/258
f 176/259/253 311/265/258 312/260/254
f 312/260/254 311/265/258 317/266/259
f 312/260/254 317/266/259 318/162/158
f 318/162/158 317/266/259 323/164/160
f 98/261/255 99/267/260 304/262/256
f 304/262/256 99/267/260 174/268/261
f 304/262/256 174/268/261 175/263/257
f 175/264/257 174/269/261 310/270/262
f 175/264/257 310/270/262 311/265/258
f 311/265/258 310/270/262 316/271/263
f 311/265/258 316/271/263 317/266/259
f 317/266/259 316/271/263 322/272/264
f 317/266/259 322/272/264 323/164/160
f 323/164/160 322/272/264 328/166/162
f 174/269/261 99/273/260 309/274/265
f 309/274/265 99/273/260 100/275/266
f 309/274/265 100/275/266 314/276/267
f 314/276/267 100/275/266 101/277/268
f 314/276/267 101/277/268 319/278/269
f 319/278/269 101/277/268 102/279/270
f 319/278/269 102/279/270 324/280/271
f 324/280/271 102/279/270 103/281/272
f 324/280/271 103/281/272 329/282/273
f 329/282/273 103/281/272 104/283/274
f 329/282/273 104/283/274 334/284/275
f 334/284/275 104/283/274 105/285/276
f 334/284/275 105/285/276 339/286/277
f 339/286/277 105/285/276 106/287/278
f 339/286/277 106/287/278 344/288/279
f 344/288/279 106/287/278 107/289/280
f 344/288/279 107/289/280 349/290/281
f 349/290/281 107/289/280 108/291/282
f 349/290/281 108/291/282 354/292/283
f 354/292/283 108/291/282 109/293/284
f 354/292/283 109/293/284 359/294/285
f 359/294/285 109/293/284 110/295/286
f 359/294/285 110/295/286 364/296/287
f 364/296/287 110/295/286 111/297/288
f 364/296/287 111/297/288 369/298/289
f 369/298/289 111/297/288 112/299/290
f 369/298/289 112/299/290 374/300/291
f 374/300/291 112/299/290 113/301/292
f 374/300/291 113/301/292 379/302/293
f 379/302/293 113/301/292 114/303/294
f 379/302/293 114/303/294 384/97/95
f 384/97/95 114/303/294 115/95/93
f 124/304/295 184/305/296 123/306/297
f 123/306/297 184/305/296 183/307/298
f 123/306/297 183/307/298 173/308/299
f 173/308/299 183/307/298 193/309/300
f 173/308/299 193/309/300 172/310/301
f 172/310/301 193/309/300 198/311/302
f 172/310/301 198/311/302 171/312/303
f 171/312/303 198/311/302 203/313/304
f 171/312/303 203/313/304 170/314/305
f 170/314/305 203/313/304 208/315/306
f 170/314/305 208/315/306 169/316/307
f 169/316/307 208/315/306 213/317/308
f 169/316/307 213/317/308 168/318/309
f 168/318/309 213/317/308 218/319/310
f 168/318/309 218/319/310 167/320/311
f 167/320/311 218/319/310 223/321/312
f 167/320/311 223/321/312 166/322/313
f 166/322/313 223/321/312 229/323/314
f 166/322/313 229/323/314 165/324/315
f 165/324/315 229/323/314 228/325/316
f 165/324/315 228/325/316 164/326/317
f 164/326/317 228/325/316 238/327/318
f 164/326/317 238/327/318 163/328/319
f 163/328/319 238/327/318 243/329/320
f 163/328/319 243/329/320 162/330/321
f 162/330/321 243/329/320 248/130/128
f 162/330/321 248/130/128 161/132/130
f 184/305/296 124/304/295 428/331/322
f 428/331/322 124/304/295 125/332/323
f 428/331/322 125/332/323 423/333/324
f 423/333/324 125/332/323 126/334/325
f 423/333/324 126/334/325 418/335/326
f 418/335/326 126/334/325 127/336/327
f 418/335/326 127/336/327 413/337/328
f 413/337/328 127/336/327 128/338/329
f 413/337/328 128/338/329 408/339/330
f 408/339/330 128/338/329 129/340/331
f 408/339/330 129/340/331 403/341/332
f 403/341/332 129/340/331 130/342/333
f 403/341/332 130/342/333 393/343/334
f 393/343/334 130/342/333 131/344/335
f 393/343/334 131/344/335 394/104/102
f 394/104/102 131/344/335 132/106/104
f 310/270/262 174/269/261 309/274/265
f 179/78/76 180/345/336 188/80/78
f 188/80/78 180/345/336 187/346/337
f 188/80/78 187/346/337 424/82/80
f 424/82/80 187/346/337 425/347/338
f 424/82/80 425/347/338 419/84/82
f 419/84/82 425/347/338 420/348/339
f 419/84/82 420/348/339 414/86/84
f 414/86/84 420/348/339 415/349/340
f 414/86/84 415/349/340 409/88/86
f 409/88/86 415/349/340 410/350/341
f 409/88/86 410/350/341 404/90/88
f 404/90/88 410/350/341 405/351/342
f 404/90/88 405/351/342 399/92/90
f 399/92/90 405/351/342 400/352/343
f 399/92/90 400/352/343 389/94/92
f 389/94/92 400/352/343 390/353/344
f 389/94/92 390/353/344 398/96/94
f 398/96/94 390/353/344 397/98/96
f 180/345/336 181/354/345 187/346/337
f 187/346/337 181/354/345 186/355/346
f 187/346/337 186/355/346 425/347/338
f 425/347/338 186/355/346 426/356/347
f 425/347/338 426/356/347 420/348/339
f 420/348/339 426/356/347 421/357/348
f 420/348/339 421/357/348 415/349/340
f 415/349/340 421/357/348 416/358/349
f 415/349/340 416/358/349 410/350/341
f 410/350/341 416/358/349 411/359/350
f 410/350/341 411/359/350 405/351/342
f 405/351/342 411/359/350 406/360/351
f 405/351/342 406/360/351 400/352/343
f 400/352/343 406/360/351 401/361/352
f 400/352/343 401/361/352 390/353/344
f 390/353/344 401/361/352 391/362/353
f 390/353/344 391/362/353 397/98/96
f 397/98/96 391/362/353 396/100/98
f 180/345/336 179/78/76 190/363/354
f 190/363/354 179/78/76 189/108/106
f 190/363/354 189/108/106 195/364/355
f 195/364/355 189/108/106 194/110/108
f 195/364/355 194/110/108 200/365/356
f 200/365/356 194/110/108 199/112/110
f 200/365/356 199/112/110 205/366/357
f 205/366/357 199/112/110 204/114/112
f 205/366/357 204/114/112 210/367/358
f 210/367/358 204/114/112 209/116/114
f 210/367/358 209/116/114 215/368/359
f 215/368/359 209/116/114 214/118/116
f 215/368/359 214/118/116 220/369/360
f 220/369/360 214/118/116 219/120/118
f 220/369/360 219/120/118 232/370/361
f 232/370/361 219/120/118 233/122/120
f 232/370/361 233/122/120 225/124/122
f 181/354/345 182/371/362 186/355/346
f 186/355/346 182/371/362 185/372/363
f 186/355/346 185/372/363 426/356/347
f 426/356/347 185/372/363 427/373/364
f 426/356/347 427/373/364 421/357/348
f 421/357/348 427/373/364 422/374/365
f 421/357/348 422/374/365 416/358/349
f 416/358/349 422/374/365 417/375/366
f 416/358/349 417/375/366 411/359/350
f 411/359/350 417/375/366 412/376/367
f 411/359/350 412/376/367 406/360/351
f 406/360/351 412/376/367 407/377/368
f 406/360/351 407/377/368 401/361/352
f 401/361/352 407/377/368 402/378/369
f 401/361/352 402/378/369 391/362/353
f 391/362/353 402/378/369 392/379/370
f 391/362/353 392/379/370 396/100/98
f 396/100/98 392/379/370 395/102/100
f 181/354/345 180/345/336 191/380/371
f 191/380/371 180/345/336 190/363/354
f 191/380/371 190/363/354 196/381/372
f 196/381/372 190/363/354 195/364/355
f 196/381/372 195/364/355 201/382/373
f 201/382/373 195/364/355 200/365/356
f 201/382/373 200/365/356 206/383/374
f 206/383/374 200/365/356 205/366/357
f 206/383/374 205/366/357 211/384/375
f 211/384/375 205/366/357 210/367/358
f 211/384/375 210/367/358 216/385/376
f 216/385/376 210/367/358 215/368/359
f 216/385/376 215/368/359 221/386/377
f 221/386/377 215/368/359 220/369/360
f 221/386/377 220/369/360 231/387/378
f 231/387/378 220/369/360 232/370/361
f 231/387/378 232/370/361 226/388/379
f 226/388/379 232/370/361 225/124/122
f 226/388/379 225/124/122 236/126/124
f 182/371/362 183/307/298 185/372/363
f 185/372/363 183/307/298 184/305/296
f 185/372/363 184/305/296 427/373/364
f 427/373/364 184/305/296 428/331/322
f 427/373/364 428/331/322 422/374/365
f 422/374/365 428/331/322 423/333/324
f 422/374/365 423/333/324 417/375/366
f 417/375/366 423/333/324 418/335/326
f 417/375/366 418/335/326 412/376/367
f 412/376/367 418/335/326 413/337/328
f 412/376/367 413/337/328 407/377/368
f 407/377/368 413/337/328 408/339/330
f 407/377/368 408/339/330 402/378/369
f 402/378/369 408/339/330 403/341/332
f 402/378/369 403/341/332 392/379/370
f 392/379/370 403/341/332 393/343/334
f 392/379/370 393/343/334 395/102/100
f 395/102/100 393/343/334 394/104/102
f 182/371/362 181/354/345 192/389/380
f 192/389/380 181/354/345 191/380/371
f 192/389/380 191/380/371 197/390/381
f 197/390/381 191/380/371 196/381/372
f 197/390/381 196/381/372 202/391/382
f 202/391/382 196/381/372 201/382/373
f 202/391/382 201/382/373 207/392/383
f 207/392/383 201/382/373 206/383/374
f 207/392/383 206/383/374 212/393/384
f 212/393/384 206/383/374 211/384/375
f 212/393/384 211/384/375 217/394/385
f 217/394/385 211/384/375 216/385/376
f 217/394/385 216/385/376 222/395/386
f 222/395/386 216/385/376 221/386/377
f 222/395/386 221/386/377 230/396/387
f 230/396/387 221/386/377 231/387/378
f 230/396/387 231/387/378 227/397/388
f 227/397/388 231/387/378 226/388/379
f 227/397/388 226/388/379 237/398/389
f 237/398/389 226/388/379 236/126/124
f 237/398/389 236/126/124 242/128/126
f 183/307/298 182/371/362 193/309/300
f 193/309/300 182/371/362 192/389/380
f 193/309/300 192/389/380 198/311/302
f 198/311/302 192/389/380 197/390/381
f 198/311/302 197/390/381 203/313/304
f 203/313/304 197/390/381 202/391/382
f 203/313/304 202/391/382 208/315/306
f 208/315/306 202/391/382 207/392/383
f 208/315/306 207/392/383 213/317/308
f 213/317/308 207/392/383 212/393/384
f 213/317/308 212/393/384 218/319/310
f 218/319/310 212/393/384 217/394/385
f 218/319/310 217/394/385 223/321/312
f 223/321/312 217/394/385 222/395/386
f 223/321/312 222/395/386 229/323/314
f 229/323/314 222/395/386 230/396/387
f 229/323/314 230/396/387 228/325/316
f 228/325/316 230/396/387 227/397/388
f 228/325/316 227/397/388 238/327/318
f 238/327/318 227/397/388 237/398/389
f 238/327/318 237/398/389 243/329/320
f 243/329/320 237/398/389 242/128/126
f 243/329/320 242/128/126 248/130/128
f 310/270/262 309/274/265 315/399/390
f 315/399/390 309/274/265 314/276/267
f 315/399/390 314/276/267 320/400/391
f 320/400/391 314/276/267 319/278/269
f 320/400/391 319/278/269 325/401/392
f 325/401/392 319/278/269 324/280/271
f 325/401/392 324/280/271 330/402/393
f 330/402/393 324/280/271 329/282/273
f 330/402/393 329/282/273 335/403/394
f 335/403/394 329/282/273 334/284/275
f 335/403/394 334/284/275 340/404/395
f 340/404/395 334/284/275 339/286/277
f 340/404/395 339/286/277 345/405/396
f 345/405/396 339/286/277 344/288/279
f 345/405/396 344/288/279 350/406/397
f 350/406/397 344/288/279 349/290/281
f 350/406/397 349/290/281 355/407/398
f 355/407/398 349/290/281 354/292/283
f 355/407/398 354/292/283 360/408/399
f 360/408/399 354/292/283 359/294/285
f 360/408/399 359/294/285 365/409/400
f 365/409/400 359/294/285 364/296/287
f 365/409/400 364/296/287 370/410/401
f 370/410/401 364/296/287 369/298/289
f 370/410/401 369/298/289 375/411/402
f 375/411/402 369/298/289 374/300/291
f 375/411/402 374/300/291 380/412/403
f 380/412/403 374/300/291 379/302/293
f 380/412/403 379/302/293 385/99/97
f 385/99/97 379/302/293 384/97/95
f 310/270/262 315/399/390 316/271/263
f 316/271/263 315/399/390 321/413/404
f 316/271/263 321/413/404 322/272/264
f 322/272/264 321/413/404 327/414/405
f 322/272/264 327/414/405 328/166/162
f 328/166/162 327/414/405 333/168/164
f 321/413/404 315/399/390 320/400/391
f 321/413/404 320/400/391 326/415/406
f 326/415/406 320/400/391 325/401/392
f 326/415/406 325/401/392 331/416/407
f 331/416/407 325/401/392 330/402/393
f 331/416/407 330/402/393 336/417/408
f 336/417/408 330/402/393 335/403/394
f 336/417/408 335/403/394 341/418/409
f 341/418/409 335/403/394 340/404/395
f 341/418/409 340/404/395 346/419/410
f 346/419/410 340/404/395 345/405/396
f 346/419/410 345/405/396 351/420/411
f 351/420/411 345/405/396 350/406/397
f 351/420/411 350/406/397 356/421/412
f 356/421/412 350/406/397 355/407/398
f 356/421/412 355/407/398 361/422/413
f 361/422/413 355/407/398 360/408/399
f 361/422/413 360/408/399 366/423/414
f 366/423/414 360/408/399 365/409/400
f 366/423/414 365/409/400 371/424/415
f 371/424/415 365/409/400 370/410/401
f 371/424/415 370/410/401 376/425/416
f 376/425/416 370/410/401 375/411/402
f 376/425/416 375/411/402 381/426/417
f 381/426/417 375/411/402 380/412/403
f 381/426/417 380/412/403 386/101/99
f 386/101/99 380/412/403 385/99/97
f 321/413/404 326/415/406 327/414/405
f 327/414/405 326/415/406 332/427/418
f 327/414/405 332/427/418 333/168/164
f 333/168/164 332/427/418 338/170/166
f 332/427/418 326/415/406 331/416/407
f 332/427/418 331/416/407 337/428/419
f 337/428/419 331/416/407 336/417/408
f 337/428/419 336/417/408 342/429/420
f 342/429/420 336/417/408 341/418/409
f 342/429/420 341/418/409 347/430/421
f 347/430/421 341/418/409 346/419/410
f 347/430/421 346/419/410 352/431/422
f 352/431/422 346/419/410 351/420/411
f 352/431/422 351/420/411 357/432/423
f 357/432/423 351/420/411 356/421/412
f 357/432/423 356/421/412 362/433/424
f 362/433/424 356/421/412 361/422/413
f 362/433/424 361/422/413 367/434/425
f 367/434/425 361/422/413 366/423/414
f 367/434/425 366/423/414 372/435/426
f 372/435/426 366/423/414 371/424/415
f 372/435/426 371/424/415 377/436/427
f 377/436/427 371/424/415 376/425/416
f 377/436/427 376/425/416 382/437/428
f 382/437/428 376/425/416 381/426/417
f 382/437/428 381/426/417 387/103/101
f 387/103/101 381/426/417 386/101/99
f 343/172/168 338/170/166 337/428/419
f 337/428/419 338/170/166 332/427/418
f 343/172/168 337/428/419 342/429/420
f 348/174/170 343/172/168 342/429/420
f 348/174/170 342/429/420 347/430/421
f 353/176/172 348/174/170 347/430/421
f 353/176/172 347/430/421 352/431/422
f 358/178/174 353/176/172 352/431/422
f 358/178/174 352/431/422 357/432/423
f 363/180/176 358/178/174 357/432/423
f 363/180/176 357/432/423 362/433/424
f 368/182/178 363/180/176 362/433/424
f 368/182/178 362/433/424 367/434/425
f 373/184/180 368/182/178 367/434/425
f 373/184/180 367/434/425 372/435/426
f 378/186/182 373/184/180 372/435/426
f 378/186/182 372/435/426 377/436/427
f 383/188/184 378/186/182 377/436/427
f 383/188/184 377/436/427 382/437/428
f 388/105/103 383/188/184 382/437/428
f 388/105/103 382/437/428 387/103/101
f 430/438/429 107/439/280 429/440/430
f 429/440/430 107/439/280 106/441/278
f 429/440/430 106/441/278 105/442/276
f 431/443/431 115/444/93 430/438/429
f 430/438/429 115/444/93 114/445/294
f 430/438/429 114/445/294 113/446/292
f 432/447/432 75/448/77 431/443/431
f 431/443/431 75/448/77 122/449/79
f 431/443/431 122/449/79 121/450/81
f 433/451/433 83/452/119 432/447/432
f 432/447/432 83/452/119 82/453/117
f 432/447/432 82/453/117 81/454/115
f 434/455/434 91/456/220 433/451/433
f 433/451/433 91/456/220 90/457/215
f 433/451/433 90/457/215 89/458/210
f 429/440/430 99/459/260 434/455/434
f 434/455/434 99/459/260 98/460/255
f 434/455/434 98/460/255 97/461/250
f 121/450/81 120/462/83 431/443/431
f 431/443/431 120/462/83 119/463/85
f 431/443/431 119/463/85 118/464/87
f 118/464/87 117/465/89 431/443/431
f 431/443/431 117/465/89 116/466/91
f 431/443/431 116/466/91 115/444/93
f 113/446/292 112/467/290 430/438/429
f 430/438/429 112/467/290 111/468/288
f 430/438/429 111/468/288 110/469/286
f 110/469/286 109/470/284 430/438/429
f 430/438/429 109/470/284 108/471/282
f 430/438/429 108/471/282 107/439/280
f 105/442/276 104/472/274 429/440/430
f 429/440/430 104/472/274 103/473/272
f 429/440/430 103/473/272 102/474/270
f 102/474/270 101/475/268 429/440/430
f 429/440/430 101/475/268 100/476/266
f 429/440/430 100/476/266 99/459/260
f 97/461/250 96/477/245 434/455/434
f 434/455/434 96/477/245 95/478/240
f 434/455/434 95/478/240 94/479/235
f 94/479/235 93/480/230 434/455/434
f 434/455/434 93/480/230 92/481/225
f 434/455/434 92/481/225 91/456/220
f 89/458/210 88/482/205 433/451/433
f 433/451/433 88/482/205 87/483/200
f 433/451/433 87/483/200 86/484/195
f 86/484/195 85/485/190 433/451/433
f 433/451/433 85/485/190 84/486/185
f 433/451/433 84/486/185 83/452/119
f 81/454/115 80/487/113 432/447/432
f 432/447/432 80/487/113 79/488/111
f 432/447/432 79/488/111 78/489/109
f 78/489/109 77/490/107 432/447/432
f 432/447/432 77/490/107 76/491/75
f 432/447/432 76/491/75 75/448/77
f 436/492/435 123/493/297 435/494/436
f 435/494/436 123/493/297 173/495/299
f 435/494/436 173/495/299 485/496/437
f 485/496/437 173/495/299 172/497/301
f 485/496/437 172/497/301 484/498/438
f 484/498/438 172/497/301 171/499/303
f 484/498/438 171/499/303 483/500/439
f 483/500/439 171/499/303 170/501/305
f 483/500/439 170/501/305 482/502/440
f 482/502/440 170/501/305 169/503/307
f 482/502/440 169/503/307 481/504/441
f 481/504/441 169/503/307 168/505/309
f 481/504/441 168/505/309 480/506/442
f 480/506/442 168/505/309 167/507/311
f 480/506/442 167/507/311 479/508/443
f 479/508/443 167/507/311 166/509/313
f 479/508/443 166/509/313 478/510/444
f 478/510/444 166/509/313 165/511/315
f 478/510/444 165/511/315 477/512/445
f 477/512/445 165/511/315 164/513/317
f 477/512/445 164/513/317 476/514/446
f 476/514/446 164/513/317 163/515/319
f 476/514/446 163/515/319 475/516/447
f 475/516/447 163/515/319 162/517/321
f 475/516/447 162/517/321 474/518/448
f 474/518/448 162/517/321 161/519/130
f 474/518/448 161/519/130 473/520/449
f 473/520/449 161/519/130 160/521/131
f 473/520/449 160/521/131 472/522/450
f 472/522/450 160/521/131 159/523/133
f 472/522/450 159/523/133 471/524/451
f 471/524/451 159/523/133 158/525/135
f 471/524/451 158/525/135 470/526/452
f 470/526/452 158/525/135 157/527/137
f 470/526/452 157/527/137 469/528/453
f 469/528/453 157/527/137 156/529/139
f 469/528/453 156/529/139 468/530/454
f 468/530/454 156/529/139 155/531/141
f 468/530/454 155/531/141 467/532/455
f 467/532/455 155/531/141 154/533/143
f 467/532/455 154/533/143 466/534/456
f 466/534/456 154/533/143 153/535/145
f 466/534/456 153/535/145 465/536/457
f 465/536/457 153/535/145 152/537/147
f 465/536/457 152/537/147 464/538/458
f 464/538/458 152/537/147 151/539/149
f 464/538/458 151/539/149 463/540/459
f 463/540/459 151/539/149 150/541/151
f 463/540/459 150/541/151 462/542/460
f 462/542/460 150/541/151 149/543/153
f 462/542/460 149/543/153 461/544/461
f 461/545/461 149/546/153 148/547/155
f 461/545/461 148/547/155 460/548/462
f 460/548/462 148/547/155 147/549/157
f 460/548/462 147/549/157 459/550/463
f 459/550/463 147/549/157 146/551/159
f 459/550/463 146/551/159 458/552/464
f 458/552/464 146/551/159 145/553/161
f 458/552/464 145/553/161 457/554/465
f 457/554/465 145/553/161 144/555/163
f 457/554/465 144/555/163 456/556/466
f 456/556/466 144/555/163 143/557/165
f 456/556/466 143/557/165 455/558/467
f 455/558/467 143/557/165 142/559/167
f 455/558/467 142/559/167 454/560/468
f 454/560/468 142/559/167 141/561/169
f 454/560/468 141/561/169 453/562/469
f 453/562/469 141/561/169 140/563/171
f 453/562/469 140/563/171 452/564/470
f 452/564/470 140/563/171 139/565/173
f 452/564/470 139/565/173 451/566/471
f 451/566/471 139/565/173 138/567/175
f 451/566/471 138/567/175 450/568/472
f 450/568/472 138/567/175 137/569/177
f 450/568/472 137/569/177 449/570/473
f 449/570/473 137/569/177 136/571/179
f 449/570/473 136/571/179 448/572/474
f 448/572/474 136/571/179 135/573/181
f 448/572/474 135/573/181 447/574/475
f 447/574/475 135/573/181 134/575/183
f 447/574/475 134/575/183 446/576/476
f 446/576/476 134/575/183 133/577/105
f 446/576/476 133/577/105 445/578/477
f 445/578/477 133/577/105 132/579/104
f 445/578/477 132/579/104 444/580/478
f 444/580/478 132/579/104 131/581/335
f 444/580/478 131/581/335 443/582/479
f 443/582/479 131/581/335 130/583/333
f 443/582/479 130/583/333 442/584/480
f 442/584/480 130/583/333 129/585/331
f 442/584/480 129/585/331 441/586/481
f 441/586/481 129/585/331 128/587/329
f 441/586/481 128/587/329 440/588/482
f 440/588/482 128/587/329 127/589/327
f 440/588/482 127/589/327 439/590/483
f 439/590/483 127/589/327 126/591/325
f 439/590/483 126/591/325 438/592/484
f 438/592/484 126/591/325 125/593/323
f 438/592/484 125/593/323 437/594/485
f 437/594/485 125/593/323 124/595/295
f 437/594/485 124/595/295 436/492/435
f 436/492/435 124/595/295 123/493/297
f 486/596/486 487/597/487 488/598/488
f 486/596/489 488/599/490 489/600/491
f 486/601/492 489/602/493 490/603/494
f 486/601/495 490/604/496 491/605/497
f 486/606/498 491/607/499 492/608/500
f 486/606/501 492/609/502 487/610/503
f 430/611/504 429/612/505 487/613/506
f 487/613/506 429/612/505 488/614/507
f 429/615/508 434/616/509 488/617/510
f 488/617/510 434/616/509 489/618/511
f 434/619/512 433/620/513 489/621/514
f 489/621/514 433/620/513 490/622/515
f 433/623/516 432/624/517 490/625/518
f 490/625/518 432/624/517 491/626/519
f 432/627/520 431/628/521 491/629/522
f 491/629/522 431/628/521 492/630/523
f 431/631/524 430/632/525 492/633/526
f 492/633/526 430/632/525 487/634/527
f 39/635/528 533/636/529 1/637/530
f 1/637/530 533/636/529 532/638/531
f 1/639/530 532/640/531 2/641/532
f 2/641/532 532/640/531 570/642/533
f 2/641/532 570/642/533 3/643/534
f 3/643/534 570/642/533 569/644/535
f 3/643/534 569/644/535 4/645/536
f 4/645/536 569/644/535 568/646/537
f 4/645/536 568/646/537 5/647/538
f 5/647/538 568/646/537 567/648/539
f 5/647/538 567/648/539 6/649/540
f 6/649/540 567/648/539 566/650/541
f 6/649/540 566/650/541 7/651/542
f 7/651/542 566/650/541 565/652/543
f 7/651/542 565/652/543 8/653/544
f 8/653/544 565/652/543 564/654/545
f 8/653/544 564/654/545 9/655/546
f 9/655/546 564/654/545 563/656/547
f 9/655/546 563/656/547 10/657/548
f 10/657/548 563/656/547 562/658/549
f 10/657/548 562/658/549 11/659/550
f 11/659/550 562/658/549 561/660/551
f 11/659/550 561/660/551 12/661/552
f 12/661/552 561/660/551 560/662/553
f 12/661/552 560/662/553 13/663/554
f 13/663/554 560/662/553 559/664/555
f 13/663/554 559/664/555 14/665/556
f 14/665/556 559/664/555 558/666/557
f 14/665/556 558/666/557 15/667/558
f 15/667/558 558/666/557 557/668/559
f 15/667/558 557/668/559 16/669/560
f 16/669/560 557/668/559 556/670/561
f 16/669/560 556/670/561 17/671/562
f 17/671/562 556/670/561 555/672/563
f 17/671/562 555/672/563 18/673/564
f 18/673/564 555/672/563 554/674/565
f 18/673/564 554/674/565 19/675/566
f 19/675/566 554/674/565 553/676/567
f 19/675/566 553/676/567 20/677/568
f 20/677/568 553/676/567 552/678/569
f 20/677/568 552/678/569 21/679/570
f 21/679/570 552/678/569 551/680/571
f 21/679/570 551/680/571 22/681/572
f 22/681/572 551/680/571 550/682/573
f 22/681/572 550/682/573 23/683/574
f 23/683/574 550/682/573 549/684/575
f 23/683/574 549/684/575 24/685/576
f 24/685/576 549/684/575 548/686/577
f 24/685/576 548/686/577 25/687/578
f 25/687/578 548/686/577 547/688/579
f 25/687/578 547/688/579 26/689/580
f 26/689/580 547/688/579 546/690/581
f 26/689/580 546/690/581 27/691/582
f 27/691/582 546/690/581 545/692/583
f 27/691/582 545/692/583 28/693/584
f 28/693/584 545/692/583 544/694/585
f 28/693/584 544/694/585 29/695/586
f 29/695/586 544/694/585 543/696/587
f 29/695/586 543/696/587 30/697/588
f 30/697/588 543/696/587 542/698/589
f 30/697/588 542/698/589 31/699/590
f 31/699/590 542/698/589 541/700/591
f 31/699/590 541/700/591 32/701/592
f 32/701/592 541/700/591 540/702/593
f 32/701/592 540/702/593 33/703/594
f 33/703/594 540/702/593 539/704/595
f 33/703/594 539/704/595 34/705/596
f 34/705/596 539/704/595 538/706/597
f 34/705/596 538/706/597 35/707/598
f 35/707/598 538/706/597 537/708/599
f 35/707/598 537/708/599 36/709/600
f 36/709/600 537/708/599 536/710/601
f 36/709/600 536/710/601 37/711/602
f 37/711/602 536/710/601 535/712/603
f 37/711/602 535/712/603 38/713/604
f 38/713/604 535/712/603 534/714/605
f 38/713/604 534/714/605 39/635/528
f 39/635/528 534/714/605 533/636/529
f 494/715/606 570/642/533 493/716/607
f 493/716/607 570/642/533 532/640/531
f 493/717/607 532/638/531 531/718/608
f 531/718/608 532/638/531 533/636/529
f 531/718/608 533/636/529 530/719/609
f 530/719/609 533/636/529 534/714/605
f 530/719/609 534/714/605 529/720/610
f 529/720/610 534/714/605 535/712/603
f 529/720/610 535/712/603 528/721/611
f 528/721/611 535/712/603 536/710/601
f 528/721/611 536/710/601 527/722/612
f 527/722/612 536/710/601 537/708/599
f 527/722/612 537/708/599 526/723/613
f 526/723/613 537/708/599 538/706/597
f 526/723/613 538/706/597 525/724/614
f 525/724/614 538/706/597 539/704/595
f 525/724/614 539/704/595 524/725/615
f 524/725/615 539/704/595 540/702/593
f 524/725/615 540/702/593 523/726/616
f 523/726/616 540/702/593 541/700/591
f 523/726/616 541/700/591 522/727/617
f 522/727/617 541/700/591 542/698/589
f 522/727/617 542/698/589 521/728/618
f 521/728/618 542/698/589 543/696/587
f 521/728/618 543/696/587 520/729/619
f 520/729/619 543/696/587 544/694/585
f 520/729/619 544/694/585 519/730/620
f 519/730/620 544/694/585 545/692/583
f 519/730/620 545/692/583 518/731/621
f 518/731/621 545/692/583 546/690/581
f 518/731/621 546/690/581 517/732/622
f 517/732/622 546/690/581 547/688/579
f 517/732/622 547/688/579 516/733/623
f 516/733/623 547/688/579 548/686/577
f 516/733/623 548/686/577 515/734/624
f 515/734/624 548/686/577 549/684/575
f 515/734/624 549/684/575 514/735/625
f 514/735/625 549/684/575 550/682/573
f 514/735/625 550/682/573 513/736/626
f 513/736/626 550/682/573 551/680/571
f 513/736/626 551/680/571 512/737/627
f 512/737/627 551/680/571 552/678/569
f 512/737/627 552/678/569 511/738/628
f 511/738/628 552/678/569 553/676/567
f 511/738/628 553/676/567 510/739/629
f 510/739/629 553/676/567 554/674/565
f 510/739/629 554/674/565 509/740/630
f 509/740/630 554/674/565 555/672/563
f 509/740/630 555/672/563 508/741/631
f 508/741/631 555/672/563 556/670/561
f 508/741/631 556/670/561 507/742/632
f 507/742/632 556/670/561 557/668/559
f 507/742/632 557/668/559 506/743/633
f 506/743/633 557/668/559 558/666/557
f 506/743/633 558/666/557 505/744/634
f 505/744/634 558/666/557 559/664/555
f 505/744/634 559/664/555 504/745/635
f 504/745/635 559/664/555 560/662/553
f 504/745/635 560/662/553 503/746/636
f 503/746/636 560/662/553 561/660/551
f 503/746/636 561/660/551 502/747/637
f 502/747/637 561/660/551 562/658/549
f 502/747/637 562/658/549 501/748/638
f 501/748/638 562/658/549 563/656/547
f 501/748/638 563/656/547 500/749/639
f 500/749/639 563/656/547 564/654/545
f 500/749/639 564/654/545 499/750/640
f 499/750/640 564/654/545 565/652/543
f 499/750/640 565/652/543 498/751/641
f 498/751/641 565/652/543 566/650/541
f 498/751/641 566/650/541 497/752/642
f 497/752/642 566/650/541 567/648/539
f 497/752/642 567/648/539 496/753/643
f 496/753/643 567/648/539 568/646/537
f 496/753/643 568/646/537 495/754/644
f 495/754/644 568/646/537 569/644/535
f 495/754/644 569/644/535 494/715/606
f 494/715/606 569/644/535 570/642/533
f 40/755/645 74/756/646 41/757/647
f 41/757/647 74/756/646 73/758/648
f 41/757/647 73/758/648 42/759/649
f 42/759/649 73/758/648 72/760/650
f 42/759/649 72/760/650 43/761/651
f 43/761/651 72/760/650 71/762/652
f 43/761/651 71/762/652 70/763/653
f 70/763/653 69/764/654 43/761/651
f 43/761/651 69/764/654 68/765/655
f 43/761/651 68/765/655 67/766/656
f 67/766/656 66/767/657 43/761/651
f 43/761/651 66/767/657 65/768/658
f 43/761/651 65/768/658 64/769/659
f 64/769/659 63/770/660 43/761/651
f 43/761/651 63/770/660 62/771/661
f 43/761/651 62/771/661 44/772/662
f 44/772/662 62/771/661 61/773/663
f 44/772/662 61/773/663 60/774/664
f 60/774/664 59/775/665 44/772/662
f 44/772/662 59/775/665 58/776/666
f 44/772/662 58/776/666 57/777/667
f 57/777/667 56/778/668 44/772/662
f 44/772/662 56/778/668 55/779/669
f 44/772/662 55/779/669 54/780/670
f 54/780/670 53/781/671 44/772/662
f 44/772/662 53/781/671 45/782/672
f 45/782/672 53/781/671 52/783/673
f 45/782/672 52/783/673 46/784/674
f 46/784/674 52/783/673 51/785/675
f 46/784/674 51/785/675 47/786/676
f 47/786/676 51/785/675 50/787/677
f 47/786/676 50/787/677 48/788/678
f 48/788/678 50/787/677 49/789/679
f 485/790/680 513/791/681 435/792/682
f 435/792/682 513/791/681 512/793/683
f 435/792/682 512/793/683 436/794/684
f 436/794/684 512/793/683 511/795/685
f 436/794/684 511/795/685 437/796/686
f 437/796/686 511/795/685 438/797/687
f 438/797/687 511/795/685 510/798/688
f 438/797/687 510/798/688 439/799/689
f 439/799/689 510/798/688 509/800/690
f 439/799/689 509/800/690 440/801/691
f 440/801/691 509/800/690 508/802/692
f 440/801/691 508/802/692 441/803/693
f 441/803/693 508/802/692 442/804/694
f 442/804/694 508/802/692 507/805/695
f 442/804/694 507/805/695 443/806/696
f 443/806/696 507/805/695 506/807/697
f 443/806/696 506/807/697 444/808/698
f 444/808/698 506/807/697 505/809/699
f 444/808/698 505/809/699 445/810/700
f 445/810/700 505/809/699 504/811/701
f 445/810/700 504/811/701 446/812/702
f 446/812/702 504/811/701 447/813/703
f 447/813/703 504/811/701 503/814/704
f 447/813/703 503/814/704 448/815/705
f 448/815/705 503/814/704 502/816/706
f 448/815/705 502/816/706 449/817/707
f 449/817/707 502/816/706 501/818/708
f 449/817/707 501/818/708 450/819/709
f 450/819/709 501/818/708 451/820/710
f 451/820/710 501/818/708 500/821/711
f 451/820/710 500/821/711 452/822/712
f 452/822/712 500/821/711 499/823/713
f 452/822/712 499/823/713 453/824/714
f 453/824/714 499/823/713 498/825/715
f 453/824/714 498/825/715 454/826/716
f 454/826/716 498/825/715 455/827/717
f 455/827/717 498/825/715 497/828/718
f 455/827/717 497/828/718 456/829/719
f 456/829/719 497/828/718 496/830/720
f 456/829/719 496/830/720 457/831/721
f 457/831/721 496/830/720 495/832/722
f 457/831/721 495/832/722 458/833/723
f 458/833/723 495/832/722 459/834/724
f 459/834/724 495/832/722 494/835/725
f 459/834/724 494/835/725 460/836/726
f 460/836/726 494/835/725 493/837/727
f 460/836/726 493/837/727 461/838/728
f 461/838/728 493/837/727 531/839/729
f 461/838/728 531/839/729 462/840/730
f 462/840/730 531/839/729 530/841/731
f 462/840/730 530/841/731 463/842/732
f 463/842/732 530/841/731 464/843/733
f 464/843/733 530/841/731 529/844/734
f 464/843/733 529/844/734 465/845/735
f 465/845/735 529/844/734 528/846/736
f 465/845/735 528/846/736 466/847/737
f 466/847/737 528/846/736 527/848/738
f 466/847/737 527/848/738 467/849/739
f 467/849/739 527/848/738 468/850/740
f 468/850/740 527/848/738 526/851/741
f 468/850/740 526/851/741 469/852/742
f 469/852/742 526/851/741 525/853/743
f 469/852/742 525/853/743 470/854/744
f 470/854/744 525/853/743 524/855/745
f 470/854/744 524/855/745 471/856/746
f 471/856/746 524/855/745 472/857/747
f 472/857/747 524/855/745 523/858/748
f 472/857/747 523/858/748 473/859/749
f 473/859/749 523/858/748 522/860/750
f 473/859/749 522/860/750 474/861/751
f 474/861/751 522/860/750 521/862/752
f 474/861/751 521/862/752 475/863/753
f 475/863/753 521/862/752 476/864/754
f 476/864/754 521/862/752 520/865/755
f 476/864/754 520/865/755 477/866/756
f 477/866/756 520/865/755 519/867/757
f 477/866/756 519/867/757 478/868/758
f 478/868/758 519/867/757 518/869/759
f 478/868/758 518/869/759 479/870/760
f 479/870/760 518/869/759 517/871/761
f 479/870/760 517/871/761 480/872/762
f 480/872/762 517/871/761 481/873/763
f 481/873/763 517/871/761 516/874/764
f 481/873/763 516/874/764 482/875/765
f 482/875/765 516/874/764 515/876/766
f 482/875/765 515/876/766 483/877/767
f 483/877/767 515/876/766 514/878/768
f 483/877/767 514/878/768 484/879/769
f 484/879/769 514/878/768 485/790/680
f 485/790/680 514/878/768 513/791/681
g Body1:1

v -0.056086 -0.111076 -0.043500
v -0.056054 -0.111496 -0.043500
v -0.055958 -0.111906 -0.043500
v -0.055800 -0.112297 -0.043500
v -0.055585 -0.112659 -0.043500
v -0.055317 -0.112983 -0.043500
v -0.055003 -0.113263 -0.043500
v -0.054650 -0.113492 -0.043500
v -0.054265 -0.113665 -0.043500
v -0.053859 -0.113776 -0.043500
v -0.053441 -0.113824 -0.043500
v -0.053020 -0.113808 -0.043500
v -0.052607 -0.113728 -0.043500
v -0.052211 -0.113586 -0.043500
v -0.051841 -0.113385 -0.043500
v -0.051506 -0.113129 -0.043500
v -0.051214 -0.112826 -0.043500
v -0.050972 -0.112482 -0.043500
v -0.050785 -0.112104 -0.043500
v -0.050658 -0.111703 -0.043500
v -0.050594 -0.111287 -0.043500
v -0.050594 -0.110866 -0.043500
v -0.050658 -0.110450 -0.043500
v -0.050785 -0.110048 -0.043500
v -0.050972 -0.109671 -0.043500
v -0.051214 -0.109327 -0.043500
v -0.051506 -0.109023 -0.043500
v -0.051841 -0.108768 -0.043500
v -0.052211 -0.108567 -0.043500
v -0.052607 -0.108425 -0.043500
v -0.053020 -0.108345 -0.043500
v -0.053441 -0.108328 -0.043500
v -0.053859 -0.108377 -0.043500
v -0.054265 -0.108488 -0.043500
v -0.054650 -0.108661 -0.043500
v -0.055003 -0.108889 -0.043500
v -0.055317 -0.109170 -0.043500
v -0.055585 -0.109494 -0.043500
v -0.055800 -0.109856 -0.043500
v -0.055958 -0.110247 -0.043500
v -0.056054 -0.110657 -0.043500
v -0.056086 -0.111076 -0.044500
v -0.056054 -0.110657 -0.044500
v -0.055958 -0.110247 -0.044500
v -0.055800 -0.109856 -0.044500
v -0.055585 -0.109494 -0.044500
v -0.055317 -0.109170 -0.044500
v -0.055003 -0.108889 -0.044500
v -0.054650 -0.108661 -0.044500
v -0.054265 -0.108488 -0.044500
v -0.053859 -0.108377 -0.044500
v -0.053441 -0.108328 -0.044500
v -0.053020 -0.108345 -0.044500
v -0.052607 -0.108425 -0.044500
v -0.052211 -0.108567 -0.044500
v -0.051841 -0.108768 -0.044500
v -0.051506 -0.109023 -0.044500
v -0.051214 -0.109327 -0.044500
v -0.050972 -0.109671 -0.044500
v -0.050785 -0.110048 -0.044500
v -0.050658 -0.110450 -0.044500
v -0.050594 -0.110866 -0.044500
v -0.050594 -0.111287 -0.044500
v -0.050658 -0.111703 -0.044500
v -0.050785 -0.112104 -0.044500
v -0.050972 -0.112482 -0.044500
v -0.051214 -0.112826 -0.044500
v -0.051506 -0.113129 -0.044500
v -0.051841 -0.113385 -0.044500
v -0.052211 -0.113586 -0.044500
v -0.052607 -0.113728 -0.044500
v -0.053020 -0.113808 -0.044500
v -0.053441 -0.113824 -0.044500
v -0.053859 -0.113776 -0.044500
v -0.054265 -0.113665 -0.044500
v -0.054650 -0.113492 -0.044500
v -0.055003 -0.113263 -0.044500
v -0.055317 -0.112983 -0.044500
v -0.055585 -0.112659 -0.044500
v -0.055800 -0.112297 -0.044500
v -0.055958 -0.111906 -0.044500
v -0.056054 -0.111496 -0.044500
v -0.058336 -0.111076 -0.043500
v -0.058303 -0.110506 -0.043500
v -0.058206 -0.109944 -0.043500
v -0.058045 -0.109396 -0.043500
v -0.057823 -0.108870 -0.043500
v -0.057542 -0.108373 -0.043500
v -0.057207 -0.107911 -0.043500
v -0.056820 -0.107491 -0.043500
v -0.056389 -0.107117 -0.043500
v -0.055918 -0.106795 -0.043500
v -0.055413 -0.106528 -0.043500
v -0.054881 -0.106321 -0.043500
v -0.054329 -0.106176 -0.043500
v -0.053764 -0.106095 -0.043500
v -0.053193 -0.106078 -0.043500
v -0.052624 -0.106127 -0.043500
v -0.052065 -0.106241 -0.043500
v -0.051522 -0.106417 -0.043500
v -0.051002 -0.106654 -0.043500
v -0.050514 -0.106949 -0.043500
v -0.050061 -0.107298 -0.043500
v -0.049652 -0.107696 -0.043500
v -0.049291 -0.108138 -0.043500
v -0.048982 -0.108618 -0.043500
v -0.048730 -0.109130 -0.043500
v -0.048538 -0.109668 -0.043500
v -0.048409 -0.110224 -0.043500
v -0.048344 -0.110791 -0.043500
v -0.048344 -0.111362 -0.043500
v -0.048409 -0.111929 -0.043500
v -0.048538 -0.112485 -0.043500
v -0.048730 -0.113023 -0.043500
v -0.048982 -0.113535 -0.043500
v -0.049291 -0.114015 -0.043500
v -0.049652 -0.114457 -0.043500
v -0.050061 -0.114855 -0.043500
v -0.050514 -0.115204 -0.043500
v -0.051002 -0.115499 -0.043500
v -0.051522 -0.115736 -0.043500
v -0.052065 -0.115912 -0.043500
v -0.052624 -0.116026 -0.043500
v -0.053193 -0.116074 -0.043500
v -0.053764 -0.116058 -0.043500
v -0.054329 -0.115977 -0.043500
v -0.054881 -0.115832 -0.043500
v -0.055413 -0.115625 -0.043500
v -0.055918 -0.115358 -0.043500
v -0.056389 -0.115036 -0.043500
v -0.056820 -0.114662 -0.043500
v -0.057207 -0.114242 -0.043500
v -0.057542 -0.113780 -0.043500
v -0.057823 -0.113283 -0.043500
v -0.058045 -0.112757 -0.043500
v -0.058206 -0.112209 -0.043500
v -0.058303 -0.111646 -0.043500
v -0.058336 -0.111076 -0.044500
v -0.058303 -0.111646 -0.044500
v -0.058206 -0.112209 -0.044500
v -0.058045 -0.112757 -0.044500
v -0.057823 -0.113283 -0.044500
v -0.057542 -0.113780 -0.044500
v -0.057207 -0.114242 -0.044500
v -0.056820 -0.114662 -0.044500
v -0.056389 -0.115036 -0.044500
v -0.055918 -0.115358 -0.044500
v -0.055413 -0.115625 -0.044500
v -0.054881 -0.115832 -0.044500
v -0.054329 -0.115977 -0.044500
v -0.053764 -0.116058 -0.044500
v -0.053193 -0.116074 -0.044500
v -0.052624 -0.116026 -0.044500
v -0.052065 -0.115912 -0.044500
v -0.051522 -0.115736 -0.044500
v -0.051002 -0.115499 -0.044500
v -0.050514 -0.115204 -0.044500
v -0.050061 -0.114855 -0.044500
v -0.049652 -0.114457 -0.044500
v -0.049291 -0.114015 -0.044500
v -0.048982 -0.113535 -0.044500
v -0.048730 -0.113023 -0.044500
v -0.048538 -0.112485 -0.044500
v -0.048409 -0.111929 -0.044500
v -0.048344 -0.111362 -0.044500
v -0.048344 -0.110791 -0.044500
v -0.048409 -0.110224 -0.044500
v -0.048538 -0.109668 -0.044500
v -0.048730 -0.109130 -0.044500
v -0.048982 -0.108618 -0.044500
v -0.049291 -0.108138 -0.044500
v -0.049652 -0.107696 -0.044500
v -0.050061 -0.107298 -0.044500
v -0.050514 -0.106949 -0.044500
v -0.051002 -0.106654 -0.044500
v -0.051522 -0.106417 -0.044500
v -0.052065 -0.106241 -0.044500
v -0.052624 -0.106127 -0.044500
v -0.053193 -0.106078 -0.044500
v -0.053764 -0.106095 -0.044500
v -0.054329 -0.106176 -0.044500
v -0.054881 -0.106321 -0.044500
v -0.055413 -0.106528 -0.044500
v -0.055918 -0.106795 -0.044500
v -0.056389 -0.107117 -0.044500
v -0.056820 -0.107491 -0.044500
v -0.057207 -0.107911 -0.044500
v -0.057542 -0.108373 -0.044500
v -0.057823 -0.108870 -0.044500
v -0.058045 -0.109396 -0.044500
v -0.058206 -0.109944 -0.044500
v -0.058303 -0.110506 -0.044500
vt 0.100000 -0.821795 0.000000
vt 0.000000 -0.821795 0.000000
vt 0.100000 -0.863938 0.000000
vt 0.000000 -0.863938 0.000000
vt 0.100000 0.863938 0.000000
vt 0.000000 0.863938 0.000000
vt 0.100000 0.821795 0.000000
vt 0.000000 0.821795 0.000000
vt 0.100000 0.779651 0.000000
vt 0.000000 0.779651 0.000000
vt 0.100000 0.737508 0.000000
vt 0.000000 0.737508 0.000000
vt 0.100000 0.695365 0.000000
vt 0.000000 0.695365 0.000000
vt 0.100000 0.653221 0.000000
vt 0.000000 0.653221 0.000000
vt 0.100000 0.611078 0.000000
vt 0.000000 0.611078 0.000000
vt 0.100000 0.568935 0.000000
vt 0.000000 0.568935 0.000000
vt 0.100000 0.526791 0.000000
vt 0.000000 0.526791 0.000000
vt 0.100000 0.484648 0.000000
vt 0.000000 0.484648 0.000000
vt 0.100000 0.442505 0.000000
vt 0.000000 0.442505 0.000000
vt 0.100000 0.400362 0.000000
vt 0.000000 0.400362 0.000000
vt 0.100000 0.358218 0.000000
vt 0.000000 0.358218 0.000000
vt 0.100000 0.316075 0.000000
vt 0.000000 0.316075 0.000000
vt 0.100000 0.273932 0.000000
vt 0.000000 0.273932 0.000000
vt 0.100000 0.231788 0.000000
vt 0.000000 0.231788 0.000000
vt 0.100000 0.189645 0.000000
vt 0.000000 0.189645 0.000000
vt 0.100000 0.147502 0.000000
vt 0.000000 0.147502 0.000000
vt 0.100000 0.105358 0.000000
vt 0.000000 0.105358 0.000000
vt 0.100000 0.063215 0.000000
vt 0.000000 0.063215 0.000000
vt 0.100000 0.021072 0.000000
vt 0.000000 0.021072 0.000000
vt 0.100000 -0.021072 0.000000
vt 0.000000 -0.021072 0.000000
vt 0.100000 -0.063215 0.000000
vt 0.000000 -0.063215 0.000000
vt 0.100000 -0.105358 0.000000
vt 0.000000 -0.105358 0.000000
vt 0.100000 -0.147502 0.000000
vt 0.000000 -0.147502 0.000000
vt 0.100000 -0.189645 0.000000
vt 0.000000 -0.189645 0.000000
vt 0.100000 -0.231788 0.000000
vt 0.000000 -0.231788 0.000000
vt 0.100000 -0.273932 0.000000
vt 0.000000 -0.273932 0.000000
vt 0.100000 -0.316075 0.000000
vt 0.000000 -0.316075 0.000000
vt 0.100000 -0.358218 0.000000
vt 0.000000 -0.358218 0.000000
vt 0.100000 -0.400362 0.000000
vt 0.000000 -0.400362 0.000000
vt 0.100000 -0.442505 0.000000
vt 0.000000 -0.442505 0.000000
vt 0.100000 -0.484648 0.000000
vt 0.000000 -0.484648 0.000000
vt 0.100000 -0.526791 0.000000
vt 0.000000 -0.526791 0.000000
vt 0.100000 -0.568935 0.000000
vt 0.000000 -0.568935 0.000000
vt 0.100000 -0.611078 0.000000
vt 0.000000 -0.611078 0.000000
vt 0.100000 -0.653221 0.000000
vt 0.000000 -0.653221 0.000000
vt 0.100000 -0.695365 0.000000
vt 0.000000 -0.695365 0.000000
vt 0.100000 -0.737508 0.000000
vt 0.000000 -0.737508 0.000000
vt 0.100000 -0.779651 0.000000
vt 0.000000 -0.779651 0.000000
vt -0.100000 1.513676 0.000000
vt -0.000000 1.513676 0.000000
vt -0.100000 1.570796 0.000000
vt -0.000000 1.570796 0.000000
vt -0.100000 -1.570796 0.000000
vt -0.000000 -1.570796 0.000000
vt -0.100000 -1.513676 0.000000
vt -0.000000 -1.513676 0.000000
vt -0.100000 -1.456557 0.000000
vt -0.000000 -1.456557 0.000000
vt -0.100000 -1.399437 0.000000
vt -0.000000 -1.399437 0.000000
vt -0.100000 -1.342317 0.000000
vt -0.000000 -1.342317 0.000000
vt -0.100000 -1.285197 0.000000
vt -0.000000 -1.285197 0.000000
vt -0.100000 -1.228077 0.000000
vt -0.000000 -1.228077 0.000000
vt -0.100000 -1.170957 0.000000
vt -0.000000 -1.170957 0.000000
vt -0.100000 -1.113837 0.000000
vt -0.000000 -1.113837 0.000000
vt -0.100000 -1.056718 0.000000
vt -0.000000 -1.056718 0.000000
vt -0.100000 -0.999598 0.000000
vt -0.000000 -0.999598 0.000000
vt -0.100000 -0.942478 0.000000
vt -0.000000 -0.942478 0.000000
vt -0.100000 -0.885358 0.000000
vt -0.000000 -0.885358 0.000000
vt -0.100000 -0.828238 0.000000
vt -0.000000 -0.828238 0.000000
vt -0.100000 -0.771118 0.000000
vt -0.000000 -0.771118 0.000000
vt -0.100000 -0.713998 0.000000
vt -0.000000 -0.713998 0.000000
vt -0.100000 -0.656878 0.000000
vt -0.000000 -0.656878 0.000000
vt -0.100000 -0.599759 0.000000
vt -0.000000 -0.599759 0.000000
vt -0.100000 -0.542639 0.000000
vt -0.000000 -0.542639 0.000000
vt -0.100000 -0.485519 0.000000
vt -0.000000 -0.485519 0.000000
vt -0.100000 -0.428399 0.000000
vt -0.000000 -0.428399 0.000000
vt -0.100000 -0.371279 0.000000
vt -0.000000 -0.371279 0.000000
vt -0.100000 -0.314159 0.000000
vt -0.000000 -0.314159 0.000000
vt -0.100000 -0.257039 0.000000
vt -0.000000 -0.257039 0.000000
vt -0.100000 -0.199920 0.000000
vt -0.000000 -0.199920 0.000000
vt -0.100000 -0.142800 0.000000
vt -0.000000 -0.142800 0.000000
vt -0.100000 -0.085680 0.000000
vt -0.000000 -0.085680 0.000000
vt -0.100000 -0.028560 0.000000
vt -0.000000 -0.028560 0.000000
vt -0.100000 0.028560 0.000000
vt -0.000000 0.028560 0.000000
vt -0.100000 0.085680 0.000000
vt -0.000000 0.085680 0.000000
vt -0.100000 0.142800 0.000000
vt -0.000000 0.142800 0.000000
vt -0.100000 0.199920 0.000000
vt -0.000000 0.199920 0.000000
vt -0.100000 0.257039 0.000000
vt -0.000000 0.257039 0.000000
vt -0.100000 0.314159 0.000000
vt -0.000000 0.314159 0.000000
vt -0.100000 0.371279 0.000000
vt -0.000000 0.371279 0.000000
vt -0.100000 0.428399 0.000000
vt -0.000000 0.428399 0.000000
vt -0.100000 0.485519 0.000000
vt -0.000000 0.485519 0.000000
vt -0.100000 0.542639 0.000000
vt -0.000000 0.542639 0.000000
vt -0.100000 0.599759 0.000000
vt -0.000000 0.599759 0.000000
vt -0.100000 0.656878 0.000000
vt -0.000000 0.656878 0.000000
vt -0.100000 0.713998 0.000000
vt -0.000000 0.713998 0.000000
vt -0.100000 0.771118 0.000000
vt -0.000000 0.771118 0.000000
vt -0.100000 0.828238 0.000000
vt -0.000000 0.828238 0.000000
vt -0.100000 0.885358 0.000000
vt -0.000000 0.885358 0.000000
vt -0.100000 0.942478 0.000000
vt -0.000000 0.942478 0.000000
vt -0.100000 0.999598 0.000000
vt -0.000000 0.999598 0.000000
vt -0.100000 1.056718 0.000000
vt -0.000000 1.056718 0.000000
vt -0.100000 1.113837 0.000000
vt -0.000000 1.113837 0.000000
vt -0.100000 1.170957 0.000000
vt -0.000000 1.170957 0.000000
vt -0.100000 1.228077 0.000000
vt -0.000000 1.228077 0.000000
vt -0.100000 1.285197 0.000000
vt -0.000000 1.285197 0.000000
vt -0.100000 1.342317 0.000000
vt -0.000000 1.342317 0.000000
vt -0.100000 1.399437 0.000000
vt -0.000000 1.399437 0.000000
vt -0.100000 1.456557 0.000000
vt -0.000000 1.456557 0.000000
vt -0.271777 0.041979 0.000000
vt -0.496741 0.056996 0.000000
vt -0.275000 -0.000000 0.000000
vt -0.500000 -0.000000 0.000000
vt -0.496741 -0.056996 0.000000
vt -0.487006 0.113248 0.000000
vt -0.262184 0.082973 0.000000
vt -0.470922 0.168025 0.000000
vt -0.246446 0.122023 0.000000
vt -0.448699 0.220611 0.000000
vt -0.420627 0.270320 0.000000
vt -0.224931 0.158213 0.000000
vt -0.387071 0.316506 0.000000
vt -0.198143 0.190694 0.000000
vt -0.348469 0.358566 0.000000
vt -0.166712 0.218706 0.000000
vt -0.305324 0.395951 0.000000
vt -0.258199 0.428175 0.000000
vt -0.131373 0.241591 0.000000
vt -0.207708 0.454816 0.000000
vt -0.092955 0.258814 0.000000
vt -0.154508 0.475528 0.000000
vt -0.052358 0.269970 0.000000
vt -0.099295 0.490041 0.000000
vt -0.042788 0.498166 0.000000
vt -0.010533 0.274798 0.000000
vt 0.014278 0.499796 0.000000
vt 0.031538 0.273186 0.000000
vt 0.071157 0.494911 0.000000
vt 0.072870 0.265170 0.000000
vt 0.127109 0.483573 0.000000
vt 0.181404 0.465932 0.000000
vt 0.112494 0.250938 0.000000
vt 0.233334 0.442216 0.000000
vt 0.149481 0.230825 0.000000
vt 0.282222 0.412736 0.000000
vt 0.182965 0.205302 0.000000
vt 0.327430 0.377875 0.000000
vt 0.368371 0.338087 0.000000
vt 0.212160 0.174967 0.000000
vt 0.404508 0.293893 0.000000
vt 0.236382 0.140530 0.000000
vt 0.435373 0.245866 0.000000
vt 0.255063 0.102800 0.000000
vt 0.460562 0.194635 0.000000
vt 0.479746 0.140866 0.000000
vt 0.267766 0.062660 0.000000
vt 0.492677 0.085261 0.000000
vt 0.274193 0.021051 0.000000
vt 0.499185 0.028544 0.000000
vt 0.499185 -0.028544 0.000000
vt 0.274193 -0.021051 0.000000
vt 0.492677 -0.085261 0.000000
vt 0.267766 -0.062660 0.000000
vt 0.479746 -0.140866 0.000000
vt 0.255063 -0.102800 0.000000
vt 0.460562 -0.194635 0.000000
vt 0.435373 -0.245866 0.000000
vt 0.236382 -0.140530 0.000000
vt 0.404508 -0.293893 0.000000
vt 0.212160 -0.174967 0.000000
vt 0.368371 -0.338087 0.000000
vt 0.182965 -0.205302 0.000000
vt 0.327430 -0.377875 0.000000
vt 0.282222 -0.412736 0.000000
vt 0.149481 -0.230825 0.000000
vt 0.233334 -0.442216 0.000000
vt 0.112494 -0.250938 0.000000
vt 0.181404 -0.465932 0.000000
vt 0.072870 -0.265170 0.000000
vt 0.127109 -0.483573 0.000000
vt 0.071157 -0.494911 0.000000
vt 0.031538 -0.273186 0.000000
vt 0.014278 -0.499796 0.000000
vt -0.010533 -0.274798 0.000000
vt -0.042788 -0.498166 0.000000
vt -0.052358 -0.269970 0.000000
vt -0.099295 -0.490041 0.000000
vt -0.154508 -0.475528 0.000000
vt -0.092955 -0.258814 0.000000
vt -0.207708 -0.454816 0.000000
vt -0.131373 -0.241591 0.000000
vt -0.258199 -0.428175 0.000000
vt -0.166712 -0.218706 0.000000
vt -0.305324 -0.395951 0.000000
vt -0.348469 -0.358566 0.000000
vt -0.198143 -0.190694 0.000000
vt -0.387071 -0.316506 0.000000
vt -0.224931 -0.158213 0.000000
vt -0.420627 -0.270320 0.000000
vt -0.246446 -0.122023 0.000000
vt -0.448699 -0.220611 0.000000
vt -0.470922 -0.168025 0.000000
vt -0.262184 -0.082973 0.000000
vt -0.487006 -0.113248 0.000000
vt -0.271777 -0.041979 0.000000
vt 0.271777 -0.041979 0.000000
vt 0.496741 -0.056996 0.000000
vt 0.275000 -0.000000 0.000000
vt 0.500000 -0.000000 0.000000
vt 0.496741 0.056996 0.000000
vt 0.487006 -0.113248 0.000000
vt 0.262184 -0.082973 0.000000
vt 0.470922 -0.168025 0.000000
vt 0.246446 -0.122023 0.000000
vt 0.448699 -0.220611 0.000000
vt 0.420627 -0.270320 0.000000
vt 0.224931 -0.158213 0.000000
vt 0.387071 -0.316506 0.000000
vt 0.198143 -0.190694 0.000000
vt 0.348469 -0.358566 0.000000
vt 0.166712 -0.218706 0.000000
vt 0.305324 -0.395951 0.000000
vt 0.258199 -0.428175 0.000000
vt 0.131373 -0.241591 0.000000
vt 0.207708 -0.454816 0.000000
vt 0.092955 -0.258814 0.000000
vt 0.154508 -0.475528 0.000000
vt 0.052358 -0.269970 0.000000
vt 0.099295 -0.490041 0.000000
vt 0.042788 -0.498166 0.000000
vt 0.010533 -0.274798 0.000000
vt -0.014278 -0.499796 0.000000
vt -0.031538 -0.273186 0.000000
vt -0.071157 -0.494911 0.000000
vt -0.072870 -0.265170 0.000000
vt -0.127109 -0.483573 0.000000
vt -0.181404 -0.465932 0.000000
vt -0.112494 -0.250938 0.000000
vt -0.233334 -0.442216 0.000000
vt -0.149481 -0.230825 0.000000
vt -0.282222 -0.412736 0.000000
vt -0.182965 -0.205302 0.000000
vt -0.327430 -0.377875 0.000000
vt -0.368371 -0.338087 0.000000
vt -0.212160 -0.174967 0.000000
vt -0.404508 -0.293893 0.000000
vt -0.236382 -0.140530 0.000000
vt -0.435373 -0.245866 0.000000
vt -0.255063 -0.102800 0.000000
vt -0.460562 -0.194635 0.000000
vt -0.479746 -0.140866 0.000000
vt -0.267766 -0.062660 0.000000
vt -0.492677 -0.085261 0.000000
vt -0.274193 -0.021051 0.000000
vt -0.499185 -0.028544 0.000000
vt -0.274193 0.021051 0.000000
vt -0.499185 0.028544 0.000000
vt -0.492677 0.085261 0.000000
vt -0.267766 0.062660 0.000000
vt -0.479746 0.140866 0.000000
vt -0.255063 0.102800 0.000000
vt -0.460562 0.194635 0.000000
vt -0.435373 0.245866 0.000000
vt -0.236382 0.140530 0.000000
vt -0.404508 0.293893 0.000000
vt -0.212160 0.174967 0.000000
vt -0.368371 0.338087 0.000000
vt -0.182965 0.205302 0.000000
vt -0.327430 0.377875 0.000000
vt -0.282222 0.412736 0.000000
vt -0.149481 0.230825 0.000000
vt -0.233334 0.442216 0.000000
vt -0.112494 0.250938 0.000000
vt -0.181404 0.465932 0.000000
vt -0.072870 0.265170 0.000000
vt -0.127109 0.483573 0.000000
vt -0.071157 0.494911 0.000000
vt -0.031538 0.273186 0.000000
vt -0.014278 0.499796 0.000000
vt 0.010533 0.274798 0.000000
vt 0.042788 0.498166 0.000000
vt 0.052358 0.269970 0.000000
vt 0.099295 0.490041 0.000000
vt 0.154508 0.475528 0.000000
vt 0.092955 0.258814 0.000000
vt 0.207708 0.454816 0.000000
vt 0.131373 0.241591 0.000000
vt 0.258199 0.428175 0.000000
vt 0.166712 0.218706 0.000000
vt 0.305324 0.395951 0.000000
vt 0.348469 0.358566 0.000000
vt 0.198143 0.190694 0.000000
vt 0.387071 0.316506 0.000000
vt 0.224931 0.158213 0.000000
vt 0.420627 0.270320 0.000000
vt 0.246446 0.122023 0.000000
vt 0.448699 0.220611 0.000000
vt 0.470922 0.168025 0.000000
vt 0.262184 0.082973 0.000000
vt 0.487006 0.113248 0.000000
vt 0.271777 0.041979 0.000000
vn 98.828042 15.264928 0.000000
vn 98.828042 15.264928 0.000000
vn 100.000000 0.000000 0.000000
vn 100.000000 0.000000 0.000000
vn 98.828042 -15.264928 0.000000
vn 98.828042 -15.264928 0.000000
vn 95.339639 -30.172060 0.000000
vn 95.339639 -30.172060 0.000000
vn 89.616556 -44.371984 0.000000
vn 89.616556 -44.371984 0.000000
vn 81.792936 -57.531866 0.000000
vn 81.792936 -57.531866 0.000000
vn 72.052159 -69.343250 0.000000
vn 72.052159 -69.343250 0.000000
vn 60.622541 -79.529287 0.000000
vn 60.622541 -79.529287 0.000000
vn 47.771982 -87.851225 0.000000
vn 47.771982 -87.851225 0.000000
vn 33.801688 -94.114005 0.000000
vn 33.801688 -94.114005 0.000000
vn 19.039111 -98.170832 0.000000
vn 19.039111 -98.170832 0.000000
vn 3.830273 -99.926618 0.000000
vn 3.830273 -99.926618 0.000000
vn -11.468343 -99.340209 0.000000
vn -11.468343 -99.340209 0.000000
vn -26.498150 -96.425350 0.000000
vn -26.498150 -96.425350 0.000000
vn -40.906864 -91.250362 0.000000
vn -40.906864 -91.250362 0.000000
vn -54.356755 -83.936543 0.000000
vn -54.356755 -83.936543 0.000000
vn -66.532570 -74.655322 0.000000
vn -66.532570 -74.655322 0.000000
vn -77.148918 -63.624244 0.000000
vn -77.148918 -63.624244 0.000000
vn -85.956961 -51.101868 0.000000
vn -85.956961 -51.101868 0.000000
vn -92.750245 -37.381707 0.000000
vn -92.750245 -37.381707 0.000000
vn -97.369542 -22.785351 0.000000
vn -97.369542 -22.785351 0.000000
vn -99.706580 -7.654925 0.000000
vn -99.706580 -7.654925 0.000000
vn -99.706580 7.654925 0.000000
vn -99.706580 7.654925 0.000000
vn -97.369542 22.785351 0.000000
vn -97.369542 22.785351 0.000000
vn -92.750245 37.381707 0.000000
vn -92.750245 37.381707 0.000000
vn -85.956961 51.101868 0.000000
vn -85.956961 51.101868 0.000000
vn -77.148918 63.624244 0.000000
vn -77.148918 63.624244 0.000000
vn -66.532570 74.655322 0.000000
vn -66.532570 74.655322 0.000000
vn -54.356755 83.936543 0.000000
vn -54.356755 83.936543 0.000000
vn -40.906864 91.250362 0.000000
vn -40.906864 91.250362 0.000000
vn -26.498150 96.425350 0.000000
vn -26.498150 96.425350 0.000000
vn -11.468343 99.340209 0.000000
vn -11.468343 99.340209 0.000000
vn 3.830273 99.926618 0.000000
vn 3.830273 99.926618 0.000000
vn 19.039111 98.170832 0.000000
vn 19.039111 98.170832 0.000000
vn 33.801688 94.114005 0.000000
vn 33.801688 94.114005 0.000000
vn 47.771982 87.851225 0.000000
vn 47.771982 87.851225 0.000000
vn 60.622541 79.529287 0.000000
vn 60.622541 79.529287 0.000000
vn 72.052159 69.343250 0.000000
vn 72.052159 69.343250 0.000000
vn 81.792936 57.531866 0.000000
vn 81.792936 57.531866 0.000000
vn 89.616556 44.371984 0.000000
vn 89.616556 44.371984 0.000000
vn 95.339639 30.172060 0.000000
vn 95.339639 30.172060 0.000000
vn -99.348174 11.399141 -0.000000
vn -99.348174 11.399141 -0.000000
vn -100.000000 0.000000 -0.000000
vn -100.000000 0.000000 -0.000000
vn -99.348174 -11.399141 0.000000
vn -99.348174 -11.399141 0.000000
vn -97.401192 -22.649677 0.000000
vn -97.401192 -22.649677 0.000000
vn -94.184436 -33.604939 0.000000
vn -94.184436 -33.604939 0.000000
vn -89.739843 -44.122110 0.000000
vn -89.739843 -44.122110 0.000000
vn -84.125353 -54.064082 0.000000
vn -84.125353 -54.064082 0.000000
vn -77.414161 -63.301245 0.000000
vn -77.414161 -63.301245 0.000000
vn -69.693757 -71.713180 0.000000
vn -69.693757 -71.713180 0.000000
vn -61.064788 -79.190225 0.000000
vn -61.064788 -79.190225 0.000000
vn -51.639746 -85.634903 0.000000
vn -51.639746 -85.634903 0.000000
vn -41.541501 -90.963200 0.000000
vn -41.541501 -90.963200 0.000000
vn -30.901699 -95.105652 0.000000
vn -30.901699 -95.105652 0.000000
vn -19.859047 -98.008256 0.000000
vn -19.859047 -98.008256 0.000000
vn -8.557501 -99.633173 0.000000
vn -8.557501 -99.633173 0.000000
vn 2.855605 -99.959219 0.000000
vn 2.855605 -99.959219 0.000000
vn 14.231484 -98.982144 0.000000
vn 14.231484 -98.982144 0.000000
vn 25.421833 -96.714685 0.000000
vn 25.421833 -96.714685 0.000000
vn 36.280771 -93.186403 0.000000
vn 36.280771 -93.186403 0.000000
vn 46.666732 -88.443293 0.000000
vn 46.666732 -88.443293 0.000000
vn 56.444322 -82.547190 0.000000
vn 56.444322 -82.547190 0.000000
vn 65.486073 -75.574957 0.000000
vn 65.486073 -75.574957 0.000000
vn 73.674114 -67.617490 0.000000
vn 73.674114 -67.617490 0.000000
vn 80.901699 -58.778525 0.000000
vn 80.901699 -58.778525 0.000000
vn 87.074608 -49.173292 0.000000
vn 87.074608 -49.173292 0.000000
vn 92.112365 -38.927011 0.000000
vn 92.112365 -38.927011 0.000000
vn 95.949297 -28.173256 0.000000
vn 95.949297 -28.173256 0.000000
vn 98.535384 -17.052219 0.000000
vn 98.535384 -17.052219 0.000000
vn 99.836910 -5.708881 0.000000
vn 99.836910 -5.708881 0.000000
vn 99.836910 5.708881 0.000000
vn 99.836910 5.708881 0.000000
vn 98.535384 17.052219 0.000000
vn 98.535384 17.052219 0.000000
vn 95.949297 28.173256 0.000000
vn 95.949297 28.173256 0.000000
vn 92.112365 38.927011 0.000000
vn 92.112365 38.927011 0.000000
vn 87.074608 49.173292 0.000000
vn 87.074608 49.173292 0.000000
vn 80.901699 58.778525 0.000000
vn 80.901699 58.778525 0.000000
vn 73.674114 67.617490 0.000000
vn 73.674114 67.617490 0.000000
vn 65.486073 75.574957 0.000000
vn 65.486073 75.574957 0.000000
vn 56.444322 82.547190 0.000000
vn 56.444322 82.547190 0.000000
vn 46.666732 88.443293 0.000000
vn 46.666732 88.443293 0.000000
vn 36.280771 93.186403 0.000000
vn 36.280771 93.186403 0.000000
vn 25.421833 96.714685 0.000000
vn 25.421833 96.714685 0.000000
vn 14.231484 98.982144 0.000000
vn 14.231484 98.982144 0.000000
vn 2.855605 99.959219 0.000000
vn 2.855605 99.959219 0.000000
vn -8.557501 99.633173 -0.000000
vn -8.557501 99.633173 -0.000000
vn -19.859047 98.008256 -0.000000
vn -19.859047 98.008256 -0.000000
vn -30.901699 95.105652 -0.000000
vn -30.901699 95.105652 -0.000000
vn -41.541501 90.963200 -0.000000
vn -41.541501 90.963200 -0.000000
vn -51.639746 85.634903 -0.000000
vn -51.639746 85.634903 -0.000000
vn -61.064788 79.190225 -0.000000
vn -61.064788 79.190225 -0.000000
vn -69.693757 71.713180 -0.000000
vn -69.693757 71.713180 -0.000000
vn -77.414161 63.301245 -0.000000
vn -77.414161 63.301245 -0.000000
vn -84.125353 54.064082 -0.000000
vn -84.125353 54.064082 -0.000000
vn -89.739843 44.122110 -0.000000
vn -89.739843 44.122110 -0.000000
vn -94.184436 33.604939 -0.000000
vn -94.184436 33.604939 -0.000000
vn -97.401192 22.649677 -0.000000
vn -97.401192 22.649677 -0.000000
vn 0.000000 0.000000 100.000000
vn 0.000000 0.000000 100.000000
vn 0.000000 0.000000 100.000000
vn 0.000000 0.000000 100.000000
vn 0.000000 0.000000 100.000000
vn 0.000000 0.000000 100.000000
vn 0.000000 0.000000 100.000000
vn 0.000000 0.000000 100.000000
vn 0.000000 0.000000 100.000000
vn 0.000000 0.000000 100.000000
vn 0.000000 0.000000 100.000000
vn 0.000000 0.000000 100.000000
vn 0.000000 0.000000 100.000000
vn 0.000000 0.000000 100.000000
vn 0.000000 0.000000 100.000000
vn 0.000000 0.000000 100.000000
vn 0.000000 0.000000 100.000000
vn 0.000000 0.000000 100.000000
vn 0.000000 0.000000 100.000000
vn 0.000000 0.000000 100.000000
vn 0.000000 0.000000 100.000000
vn 0.000000 0.000000 100.000000
vn 0.000000 0.000000 100.000000
vn 0.000000 0.000000 100.000000
vn 0.000000 0.000000 100.000000
vn 0.000000 0.000000 100.000000
vn 0.000000 0.000000 100.000000
vn 0.000000 0.000000 100.000000
vn 0.000000 0.000000 100.000000
vn 0.000000 0.000000 100.000000
vn 0.000000 0.000000 100.000000
vn 0.000000 0.000000 100.000000
vn 0.000000 0.000000 100.000000
vn 0.000000 0.000000 100.000000
vn 0.000000 0.000000 100.000000
vn 0.000000 0.000000 100.000000
vn 0.000000 0.000000 100.000000
vn 0.000000 0.000000 100.000000
vn 0.000000 0.000000 100.000000
vn 0.000000 0.000000 100.000000
vn 0.000000 0.000000 100.000000
vn 0.000000 0.000000 100.000000
vn 0.000000 0.000000 100.000000
vn 0.000000 0.000000 100.000000
vn 0.000000 0.000000 100.000000
vn 0.000000 0.000000 100.000000
vn 0.000000 0.000000 100.000000
vn 0.000000 0.000000 100.000000
vn 0.000000 0.000000 100.000000
vn 0.000000 0.000000 100.000000
vn 0.000000 0.000000 100.000000
vn 0.000000 0.000000 100.000000
vn 0.000000 0.000000 100.000000
vn 0.000000 0.000000 100.000000
vn 0.000000 0.000000 100.000000
vn 0.000000 0.000000 100.000000
vn 0.000000 0.000000 100.000000
vn 0.000000 0.000000 100.000000
vn 0.000000 0.000000 100.000000
vn 0.000000 0.000000 100.000000
vn 0.000000 0.000000 100.000000
vn 0.000000 0.000000 100.000000
vn 0.000000 0.000000 100.000000
vn 0.000000 0.000000 100.000000
vn 0.000000 0.000000 100.000000
vn 0.000000 0.000000 100.000000
vn 0.000000 0.000000 100.000000
vn 0.000000 0.000000 100.000000
vn 0.000000 0.000000 100.000000
vn 0.000000 0.000000 100.000000
vn 0.000000 0.000000 100.000000
vn 0.000000 0.000000 100.000000
vn 0.000000 0.000000 100.000000
vn 0.000000 0.000000 100.000000
vn 0.000000 0.000000 100.000000
vn 0.000000 0.000000 100.000000
vn 0.000000 0.000000 100.000000
vn 0.000000 0.000000 100.000000
vn 0.000000 0.000000 100.000000
vn 0.000000 0.000000 100.000000
vn 0.000000 0.000000 100.000000
vn 0.000000 0.000000 100.000000
vn 0.000000 0.000000 100.000000
vn 0.000000 0.000000 100.000000
vn 0.000000 0.000000 100.000000
vn 0.000000 0.000000 100.000000
vn 0.000000 0.000000 100.000000
vn 0.000000 0.000000 100.000000
vn 0.000000 0.000000 100.000000
vn 0.000000 0.000000 100.000000
vn 0.000000 0.000000 100.000000
vn 0.000000 0.000000 100.000000
vn 0.000000 0.000000 100.000000
vn 0.000000 0.000000 100.000000
vn 0.000000 0.000000 100.000000
vn 0.000000 0.000000 100.000000
vn 0.000000 0.000000 -100.000000
vn 0.000000 0.000000 -100.000000
vn 0.000000 0.000000 -100.000000
vn 0.000000 0.000000 -100.000000
vn 0.000000 0.000000 -100.000000
vn 0.000000 0.000000 -100.000000
vn 0.000000 0.000000 -100.000000
vn 0.000000 0.000000 -100.000000
vn 0.000000 0.000000 -100.000000
vn 0.000000 0.000000 -100.000000
vn 0.000000 0.000000 -100.000000
vn 0.000000 0.000000 -100.000000
vn 0.000000 0.000000 -100.000000
vn 0.000000 0.000000 -100.000000
vn 0.000000 0.000000 -100.000000
vn 0.000000 0.000000 -100.000000
vn 0.000000 0.000000 -100.000000
vn 0.000000 0.000000 -100.000000
vn 0.000000 0.000000 -100.000000
vn 0.000000 0.000000 -100.000000
vn 0.000000 0.000000 -100.000000
vn 0.000000 0.000000 -100.000000
vn 0.000000 0.000000 -100.000000
vn 0.000000 0.000000 -100.000000
vn 0.000000 0.000000 -100.000000
vn 0.000000 0.000000 -100.000000
vn 0.000000 0.000000 -100.000000
vn 0.000000 0.000000 -100.000000
vn 0.000000 0.000000 -100.000000
vn 0.000000 0.000000 -100.000000
vn 0.000000 0.000000 -100.000000
vn 0.000000 0.000000 -100.000000
vn 0.000000 0.000000 -100.000000
vn 0.000000 0.000000 -100.000000
vn 0.000000 0.000000 -100.000000
vn 0.000000 0.000000 -100.000000
vn 0.000000 0.000000 -100.000000
vn 0.000000 0.000000 -100.000000
vn 0.000000 0.000000 -100.000000
vn 0.000000 0.000000 -100.000000
vn 0.000000 0.000000 -100.000000
vn 0.000000 0.000000 -100.000000
vn 0.000000 0.000000 -100.000000
vn 0.000000 0.000000 -100.000000
vn 0.000000 0.000000 -100.000000
vn 0.000000 0.000000 -100.000000
vn 0.000000 0.000000 -100.000000
vn 0.000000 0.000000 -100.000000
vn 0.000000 0.000000 -100.000000
vn 0.000000 0.000000 -100.000000
vn 0.000000 0.000000 -100.000000
vn 0.000000 0.000000 -100.000000
vn 0.000000 0.000000 -100.000000
vn 0.000000 0.000000 -100.000000
vn 0.000000 0.000000 -100.000000
vn 0.000000 0.000000 -100.000000
vn 0.000000 0.000000 -100.000000
vn 0.000000 0.000000 -100.000000
vn 0.000000 0.000000 -100.000000
vn 0.000000 0.000000 -100.000000
vn 0.000000 0.000000 -100.000000
vn 0.000000 0.000000 -100.000000
vn 0.000000 0.000000 -100.000000
vn 0.000000 0.000000 -100.000000
vn 0.000000 0.000000 -100.000000
vn 0.000000 0.000000 -100.000000
vn 0.000000 0.000000 -100.000000
vn 0.000000 0.000000 -100.000000
vn 0.000000 0.000000 -100.000000
vn 0.000000 0.000000 -100.000000
vn 0.000000 0.000000 -100.000000
vn 0.000000 0.000000 -100.000000
vn 0.000000 0.000000 -100.000000
vn 0.000000 0.000000 -100.000000
vn 0.000000 0.000000 -100.000000
vn 0.000000 0.000000 -100.000000
vn 0.000000 0.000000 -100.000000
vn 0.000000 0.000000 -100.000000
vn 0.000000 0.000000 -100.000000
vn 0.000000 0.000000 -100.000000
vn 0.000000 0.000000 -100.000000
vn 0.000000 0.000000 -100.000000
vn 0.000000 0.000000 -100.000000
vn 0.000000 0.000000 -100.000000
vn 0.000000 0.000000 -100.000000
vn 0.000000 0.000000 -100.000000
vn 0.000000 0.000000 -100.000000
vn 0.000000 0.000000 -100.000000
vn 0.000000 0.000000 -100.000000
vn 0.000000 0.000000 -100.000000
vn 0.000000 0.000000 -100.000000
vn 0.000000 0.000000 -100.000000
vn 0.000000 0.000000 -100.000000
vn 0.000000 0.000000 -100.000000
vn 0.000000 0.000000 -100.000000
vn 0.000000 0.000000 -100.000000
usemtl Stainless_Steel_-_Satin
f 572/880/770 652/881/771 571/882/772
f 571/882/772 652/881/771 612/883/773
f 571/884/772 612/885/773 611/886/774
f 611/886/774 612/885/773 613/887/775
f 611/886/774 613/887/775 610/888/776
f 610/888/776 613/887/775 614/889/777
f 610/888/776 614/889/777 609/890/778
f 609/890/778 614/889/777 615/891/779
f 609/890/778 615/891/779 608/892/780
f 608/892/780 615/891/779 616/893/781
f 608/892/780 616/893/781 607/894/782
f 607/894/782 616/893/781 617/895/783
f 607/894/782 617/895/783 606/896/784
f 606/896/784 617/895/783 618/897/785
f 606/896/784 618/897/785 605/898/786
f 605/898/786 618/897/785 619/899/787
f 605/898/786 619/899/787 604/900/788
f 604/900/788 619/899/787 620/901/789
f 604/900/788 620/901/789 603/902/790
f 603/902/790 620/901/789 621/903/791
f 603/902/790 621/903/791 602/904/792
f 602/904/792 621/903/791 622/905/793
f 602/904/792 622/905/793 601/906/794
f 601/906/794 622/905/793 623/907/795
f 601/906/794 623/907/795 600/908/796
f 600/908/796 623/907/795 624/909/797
f 600/908/796 624/909/797 599/910/798
f 599/910/798 624/909/797 625/911/799
f 599/910/798 625/911/799 598/912/800
f 598/912/800 625/911/799 626/913/801
f 598/912/800 626/913/801 597/914/802
f 597/914/802 626/913/801 627/915/803
f 597/914/802 627/915/803 596/916/804
f 596/916/804 627/915/803 628/917/805
f 596/916/804 628/917/805 595/918/806
f 595/918/806 628/917/805 629/919/807
f 595/918/806 629/919/807 594/920/808
f 594/920/808 629/919/807 630/921/809
f 594/920/808 630/921/809 593/922/810
f 593/922/810 630/921/809 631/923/811
f 593/922/810 631/923/811 592/924/812
f 592/924/812 631/923/811 632/925/813
f 592/924/812 632/925/813 591/926/814
f 591/926/814 632/925/813 633/927/815
f 591/926/814 633/927/815 590/928/816
f 590/928/816 633/927/815 634/929/817
f 590/928/816 634/929/817 589/930/818
f 589/930/818 634/929/817 635/931/819
f 589/930/818 635/931/819 588/932/820
f 588/932/820 635/931/819 636/933/821
f 588/932/820 636/933/821 587/934/822
f 587/934/822 636/933/821 637/935/823
f 587/934/822 637/935/823 586/936/824
f 586/936/824 637/935/823 638/937/825
f 586/936/824 638/937/825 585/938/826
f 585/938/826 638/937/825 639/939/827
f 585/938/826 639/939/827 584/940/828
f 584/940/828 639/939/827 640/941/829
f 584/940/828 640/941/829 583/942/830
f 583/942/830 640/941/829 641/943/831
f 583/942/830 641/943/831 582/944/832
f 582/944/832 641/943/831 642/945/833
f 582/944/832 642/945/833 581/946/834
f 581/946/834 642/945/833 643/947/835
f 581/946/834 643/947/835 580/948/836
f 580/948/836 643/947/835 644/949/837
f 580/948/836 644/949/837 579/950/838
f 579/950/838 644/949/837 645/951/839
f 579/950/838 645/951/839 578/952/840
f 578/952/840 645/951/839 646/953/841
f 578/952/840 646/953/841 577/954/842
f 577/954/842 646/953/841 647/955/843
f 577/954/842 647/955/843 576/956/844
f 576/956/844 647/955/843 648/957/845
f 576/956/844 648/957/845 575/958/846
f 575/958/846 648/957/845 649/959/847
f 575/958/846 649/959/847 574/960/848
f 574/960/848 649/959/847 650/961/849
f 574/960/848 650/961/849 573/962/850
f 573/962/850 650/961/849 651/963/851
f 573/962/850 651/963/851 572/880/770
f 572/880/770 651/963/851 652/881/771
f 654/964/852 762/965/853 653/966/854
f 653/966/854 762/965/853 708/967/855
f 653/968/854 708/969/855 707/970/856
f 707/970/856 708/969/855 709/971/857
f 707/970/856 709/971/857 706/972/858
f 706/972/858 709/971/857 710/973/859
f 706/972/858 710/973/859 705/974/860
f 705/974/860 710/973/859 711/975/861
f 705/974/860 711/975/861 704/976/862
f 704/976/862 711/975/861 712/977/863
f 704/976/862 712/977/863 703/978/864
f 703/978/864 712/977/863 713/979/865
f 703/978/864 713/979/865 702/980/866
f 702/980/866 713/979/865 714/981/867
f 702/980/866 714/981/867 701/982/868
f 701/982/868 714/981/867 715/983/869
f 701/982/868 715/983/869 700/984/870
f 700/984/870 715/983/869 716/985/871
f 700/984/870 716/985/871 699/986/872
f 699/986/872 716/985/871 717/987/873
f 699/986/872 717/987/873 698/988/874
f 698/988/874 717/987/873 718/989/875
f 698/988/874 718/989/875 697/990/876
f 697/990/876 718/989/875 719/991/877
f 697/990/876 719/991/877 696/992/878
f 696/992/878 719/991/877 720/993/879
f 696/992/878 720/993/879 695/994/880
f 695/994/880 720/993/879 721/995/881
f 695/994/880 721/995/881 694/996/882
f 694/996/882 721/995/881 722/997/883
f 694/996/882 722/997/883 693/998/884
f 693/998/884 722/997/883 723/999/885
f 693/998/884 723/999/885 692/1000/886
f 692/1000/886 723/999/885 724/1001/887
f 692/1000/886 724/1001/887 691/1002/888
f 691/1002/888 724/1001/887 725/1003/889
f 691/1002/888 725/1003/889 690/1004/890
f 690/1004/890 725/1003/889 726/1005/891
f 690/1004/890 726/1005/891 689/1006/892
f 689/1006/892 726/1005/891 727/1007/893
f 689/1006/892 727/1007/893 688/1008/894
f 688/1008/894 727/1007/893 728/1009/895
f 688/1008/894 728/1009/895 687/1010/896
f 687/1010/896 728/1009/895 729/1011/897
f 687/1010/896 729/1011/897 686/1012/898
f 686/1012/898 729/1011/897 730/1013/899
f 686/1012/898 730/1013/899 685/1014/900
f 685/1014/900 730/1013/899 731/1015/901
f 685/1014/900 731/1015/901 684/1016/902
f 684/1016/902 731/1015/901 732/1017/903
f 684/1016/902 732/1017/903 683/1018/904
f 683/1018/904 732/1017/903 733/1019/905
f 683/1018/904 733/1019/905 682/1020/906
f 682/1020/906 733/1019/905 734/1021/907
f 682/1020/906 734/1021/907 681/1022/908
f 681/1022/908 734/1021/907 735/1023/909
f 681/1022/908 735/1023/909 680/1024/910
f 680/1024/910 735/1023/909 736/1025/911
f 680/1024/910 736/1025/911 679/1026/912
f 679/1026/912 736/1025/911 737/1027/913
f 679/1026/912 737/1027/913 678/1028/914
f 678/1028/914 737/1027/913 738/1029/915
f 678/1028/914 738/1029/915 677/1030/916
f 677/1030/916 738/1029/915 739/1031/917
f 677/1030/916 739/1031/917 676/1032/918
f 676/1032/918 739/1031/917 740/1033/919
f 676/1032/918 740/1033/919 675/1034/920
f 675/1034/920 740/1033/919 741/1035/921
f 675/1034/920 741/1035/921 674/1036/922
f 674/1036/922 741/1035/921 742/1037/923
f 674/1036/922 742/1037/923 673/1038/924
f 673/1038/924 742/1037/923 743/1039/925
f 673/1038/924 743/1039/925 672/1040/926
f 672/1040/926 743/1039/925 744/1041/927
f 672/1040/926 744/1041/927 671/1042/928
f 671/1042/928 744/1041/927 745/1043/929
f 671/1042/928 745/1043/929 670/1044/930
f 670/1044/930 745/1043/929 746/1045/931
f 670/1044/930 746/1045/931 669/1046/932
f 669/1046/932 746/1045/931 747/1047/933
f 669/1046/932 747/1047/933 668/1048/934
f 668/1048/934 747/1047/933 748/1049/935
f 668/1048/934 748/1049/935 667/1050/936
f 667/1050/936 748/1049/935 749/1051/937
f 667/1050/936 749/1051/937 666/1052/938
f 666/1052/938 749/1051/937 750/1053/939
f 666/1052/938 750/1053/939 665/1054/940
f 665/1054/940 750/1053/939 751/1055/941
f 665/1054/940 751/1055/941 664/1056/942
f 664/1056/942 751/1055/941 752/1057/943
f 664/1056/942 752/1057/943 663/1058/944
f 663/1058/944 752/1057/943 753/1059/945
f 663/1058/944 753/1059/945 662/1060/946
f 662/1060/946 753/1059/945 754/1061/947
f 662/1060/946 754/1061/947 661/1062/948
f 661/1062/948 754/1061/947 755/1063/949
f 661/1062/948 755/1063/949 660/1064/950
f 660/1064/950 755/1063/949 756/1065/951
f 660/1064/950 756/1065/951 659/1066/952
f 659/1066/952 756/1065/951 757/1067/953
f 659/1066/952 757/1067/953 658/1068/954
f 658/1068/954 757/1067/953 758/1069/955
f 658/1068/954 758/1069/955 657/1070/956
f 657/1070/956 758/1069/955 759/1071/957
f 657/1070/956 759/1071/957 656/1072/958
f 656/1072/958 759/1071/957 760/1073/959
f 656/1072/958 760/1073/959 655/1074/960
f 655/1074/960 760/1073/959 761/1075/961
f 655/1074/960 761/1075/961 654/964/852
f 654/964/852 761/1075/961 762/965/853
f 611/1076/962 654/1077/963 571/1078/964
f 571/1078/964 654/1077/963 653/1079/965
f 571/1078/964 653/1079/965 707/1080/966
f 654/1077/963 611/1076/962 655/1081/967
f 655/1081/967 611/1076/962 610/1082/968
f 655/1081/967 610/1082/968 656/1083/969
f 656/1083/969 610/1082/968 609/1084/970
f 656/1083/969 609/1084/970 657/1085/971
f 657/1085/971 609/1084/970 658/1086/972
f 658/1086/972 609/1084/970 608/1087/973
f 658/1086/972 608/1087/973 659/1088/974
f 659/1088/974 608/1087/973 607/1089/975
f 659/1088/974 607/1089/975 660/1090/976
f 660/1090/976 607/1089/975 606/1091/977
f 660/1090/976 606/1091/977 661/1092/978
f 661/1092/978 606/1091/977 662/1093/979
f 662/1093/979 606/1091/977 605/1094/980
f 662/1093/979 605/1094/980 663/1095/981
f 663/1095/981 605/1094/980 604/1096/982
f 663/1095/981 604/1096/982 664/1097/983
f 664/1097/983 604/1096/982 603/1098/984
f 664/1097/983 603/1098/984 665/1099/985
f 665/1099/985 603/1098/984 666/1100/986
f 666/1100/986 603/1098/984 602/1101/987
f 666/1100/986 602/1101/987 667/1102/988
f 667/1102/988 602/1101/987 601/1103/989
f 667/1102/988 601/1103/989 668/1104/990
f 668/1104/990 601/1103/989 600/1105/991
f 668/1104/990 600/1105/991 669/1106/992
f 669/1106/992 600/1105/991 670/1107/993
f 670/1107/993 600/1105/991 599/1108/994
f 670/1107/993 599/1108/994 671/1109/995
f 671/1109/995 599/1108/994 598/1110/996
f 671/1109/995 598/1110/996 672/1111/997
f 672/1111/997 598/1110/996 597/1112/998
f 672/1111/997 597/1112/998 673/1113/999
f 673/1113/999 597/1112/998 674/1114/1000
f 674/1114/1000 597/1112/998 596/1115/1001
f 674/1114/1000 596/1115/1001 675/1116/1002
f 675/1116/1002 596/1115/1001 595/1117/1003
f 675/1116/1002 595/1117/1003 676/1118/1004
f 676/1118/1004 595/1117/1003 594/1119/1005
f 676/1118/1004 594/1119/1005 677/1120/1006
f 677/1120/1006 594/1119/1005 678/1121/1007
f 678/1121/1007 594/1119/1005 593/1122/1008
f 678/1121/1007 593/1122/1008 679/1123/1009
f 679/1123/1009 593/1122/1008 592/1124/1010
f 679/1123/1009 592/1124/1010 680/1125/1011
f 680/1125/1011 592/1124/1010 681/1126/1012
f 681/1126/1012 592/1124/1010 591/1127/1013
f 681/1126/1012 591/1127/1013 682/1128/1014
f 682/1128/1014 591/1127/1013 590/1129/1015
f 682/1128/1014 590/1129/1015 683/1130/1016
f 683/1130/1016 590/1129/1015 589/1131/1017
f 683/1130/1016 589/1131/1017 684/1132/1018
f 684/1132/1018 589/1131/1017 685/1133/1019
f 685/1133/1019 589/1131/1017 588/1134/1020
f 685/1133/1019 588/1134/1020 686/1135/1021
f 686/1135/1021 588/1134/1020 587/1136/1022
f 686/1135/1021 587/1136/1022 687/1137/1023
f 687/1137/1023 587/1136/1022 586/1138/1024
f 687/1137/1023 586/1138/1024 688/1139/1025
f 688/1139/1025 586/1138/1024 689/1140/1026
f 689/1140/1026 586/1138/1024 585/1141/1027
f 689/1140/1026 585/1141/1027 690/1142/1028
f 690/1142/1028 585/1141/1027 584/1143/1029
f 690/1142/1028 584/1143/1029 691/1144/1030
f 691/1144/1030 584/1143/1029 583/1145/1031
f 691/1144/1030 583/1145/1031 692/1146/1032
f 692/1146/1032 583/1145/1031 693/1147/1033
f 693/1147/1033 583/1145/1031 582/1148/1034
f 693/1147/1033 582/1148/1034 694/1149/1035
f 694/1149/1035 582/1148/1034 581/1150/1036
f 694/1149/1035 581/1150/1036 695/1151/1037
f 695/1151/1037 581/1150/1036 580/1152/1038
f 695/1151/1037 580/1152/1038 696/1153/1039
f 696/1153/1039 580/1152/1038 697/1154/1040
f 697/1154/1040 580/1152/1038 579/1155/1041
f 697/1154/1040 579/1155/1041 698/1156/1042
f 698/1156/1042 579/1155/1041 578/1157/1043
f 698/1156/1042 578/1157/1043 699/1158/1044
f 699/1158/1044 578/1157/1043 577/1159/1045
f 699/1158/1044 577/1159/1045 700/1160/1046
f 700/1160/1046 577/1159/1045 701/1161/1047
f 701/1161/1047 577/1159/1045 576/1162/1048
f 701/1161/1047 576/1162/1048 702/1163/1049
f 702/1163/1049 576/1162/1048 575/1164/1050
f 702/1163/1049 575/1164/1050 703/1165/1051
f 703/1165/1051 575/1164/1050 574/1166/1052
f 703/1165/1051 574/1166/1052 704/1167/1053
f 704/1167/1053 574/1166/1052 705/1168/1054
f 705/1168/1054 574/1166/1052 573/1169/1055
f 705/1168/1054 573/1169/1055 706/1170/1056
f 706/1170/1056 573/1169/1055 572/1171/1057
f 706/1170/1056 572/1171/1057 707/1080/966
f 707/1080/966 572/1171/1057 571/1078/964
f 652/1172/1058 709/1173/1059 612/1174/1060
f 612/1174/1060 709/1173/1059 708/1175/1061
f 612/1174/1060 708/1175/1061 762/1176/1062
f 709/1173/1059 652/1172/1058 710/1177/1063
f 710/1177/1063 652/1172/1058 651/1178/1064
f 710/1177/1063 651/1178/1064 711/1179/1065
f 711/1179/1065 651/1178/1064 650/1180/1066
f 711/1179/1065 650/1180/1066 712/1181/1067
f 712/1181/1067 650/1180/1066 713/1182/1068
f 713/1182/1068 650/1180/1066 649/1183/1069
f 713/1182/1068 649/1183/1069 714/1184/1070
f 714/1184/1070 649/1183/1069 648/1185/1071
f 714/1184/1070 648/1185/1071 715/1186/1072
f 715/1186/1072 648/1185/1071 647/1187/1073
f 715/1186/1072 647/1187/1073 716/1188/1074
f 716/1188/1074 647/1187/1073 717/1189/1075
f 717/1189/1075 647/1187/1073 646/1190/1076
f 717/1189/1075 646/1190/1076 718/1191/1077
f 718/1191/1077 646/1190/1076 645/1192/1078
f 718/1191/1077 645/1192/1078 719/1193/1079
f 719/1193/1079 645/1192/1078 644/1194/1080
f 719/1193/1079 644/1194/1080 720/1195/1081
f 720/1195/1081 644/1194/1080 721/1196/1082
f 721/1196/1082 644/1194/1080 643/1197/1083
f 721/1196/1082 643/1197/1083 722/1198/1084
f 722/1198/1084 643/1197/1083 642/1199/1085
f 722/1198/1084 642/1199/1085 723/1200/1086
f 723/1200/1086 642/1199/1085 641/1201/1087
f 723/1200/1086 641/1201/1087 724/1202/1088
f 724/1202/1088 641/1201/1087 725/1203/1089
f 725/1203/1089 641/1201/1087 640/1204/1090
f 725/1203/1089 640/1204/1090 726/1205/1091
f 726/1205/1091 640/1204/1090 639/1206/1092
f 726/1205/1091 639/1206/1092 727/1207/1093
f 727/1207/1093 639/1206/1092 638/1208/1094
f 727/1207/1093 638/1208/1094 728/1209/1095
f 728/1209/1095 638/1208/1094 729/1210/1096
f 729/1210/1096 638/1208/1094 637/1211/1097
f 729/1210/1096 637/1211/1097 730/1212/1098
f 730/1212/1098 637/1211/1097 636/1213/1099
f 730/1212/1098 636/1213/1099 731/1214/1100
f 731/1214/1100 636/1213/1099 635/1215/1101
f 731/1214/1100 635/1215/1101 732/1216/1102
f 732/1216/1102 635/1215/1101 733/1217/1103
f 733/1217/1103 635/1215/1101 634/1218/1104
f 733/1217/1103 634/1218/1104 734/1219/1105
f 734/1219/1105 634/1218/1104 633/1220/1106
f 734/1219/1105 633/1220/1106 735/1221/1107
f 735/1221/1107 633/1220/1106 632/1222/1108
f 735/1221/1107 632/1222/1108 736/1223/1109
f 736/1223/1109 632/1222/1108 737/1224/1110
f 737/1224/1110 632/1222/1108 631/1225/1111
f 737/1224/1110 631/1225/1111 738/1226/1112
f 738/1226/1112 631/1225/1111 630/1227/1113
f 738/1226/1112 630/1227/1113 739/1228/1114
f 739/1228/1114 630/1227/1113 740/1229/1115
f 740/1229/1115 630/1227/1113 629/1230/1116
f 740/1229/1115 629/1230/1116 741/1231/1117
f 741/1231/1117 629/1230/1116 628/1232/1118
f 741/1231/1117 628/1232/1118 742/1233/1119
f 742/1233/1119 628/1232/1118 627/1234/1120
f 742/1233/1119 627/1234/1120 743/1235/1121
f 743/1235/1121 627/1234/1120 744/1236/1122
f 744/1236/1122 627/1234/1120 626/1237/1123
f 744/1236/1122 626/1237/1123 745/1238/1124
f 745/1238/1124 626/1237/1123 625/1239/1125
f 745/1238/1124 625/1239/1125 746/1240/1126
f 746/1240/1126 625/1239/1125 624/1241/1127
f 746/1240/1126 624/1241/1127 747/1242/1128
f 747/1242/1128 624/1241/1127 748/1243/1129
f 748/1243/1129 624/1241/1127 623/1244/1130
f 748/1243/1129 623/1244/1130 749/1245/1131
f 749/1245/1131 623/1244/1130 622/1246/1132
f 749/1245/1131 622/1246/1132 750/1247/1133
f 750/1247/1133 622/1246/1132 621/1248/1134
f 750/1247/1133 621/1248/1134 751/1249/1135
f 751/1249/1135 621/1248/1134 752/1250/1136
f 752/1250/1136 621/1248/1134 620/1251/1137
f 752/1250/1136 620/1251/1137 753/1252/1138
f 753/1252/1138 620/1251/1137 619/1253/1139
f 753/1252/1138 619/1253/1139 754/1254/1140
f 754/1254/1140 619/1253/1139 618/1255/1141
f 754/1254/1140 618/1255/1141 755/1256/1142
f 755/1256/1142 618/1255/1141 756/1257/1143
f 756/1257/1143 618/1255/1141 617/1258/1144
f 756/1257/1143 617/1258/1144 757/1259/1145
f 757/1259/1145 617/1258/1144 616/1260/1146
f 757/1259/1145 616/1260/1146 758/1261/1147
f 758/1261/1147 616/1260/1146 615/1262/1148
f 758/1261/1147 615/1262/1148 759/1263/1149
f 759/1263/1149 615/1262/1148 760/1264/1150
f 760/1264/1150 615/1262/1148 614/1265/1151
f 760/1264/1150 614/1265/1151 761/1266/1152
f 761/1266/1152 614/1265/1151 613/1267/1153
f 761/1266/1152 613/1267/1153 762/1176/1062
f 762/1176/1062 613/1267/1153 612/1174/1060
g Body1:2

v -0.080162 -0.077396 -0.018746
v -0.080194 -0.077091 -0.018746
v -0.080289 -0.076800 -0.018746
v -0.080442 -0.076535 -0.018746
v -0.080646 -0.076308 -0.018746
v -0.080894 -0.076128 -0.018746
v -0.081173 -0.076004 -0.018746
v -0.081473 -0.075940 -0.018746
v -0.081779 -0.075940 -0.018746
v -0.082078 -0.076004 -0.018746
v -0.082357 -0.076128 -0.018746
v -0.082605 -0.076308 -0.018746
v -0.082810 -0.076535 -0.018746
v -0.082963 -0.076800 -0.018746
v -0.083057 -0.077091 -0.018746
v -0.083089 -0.077396 -0.018746
v -0.083057 -0.077700 -0.018746
v -0.082963 -0.077991 -0.018746
v -0.082810 -0.078256 -0.018746
v -0.082605 -0.078483 -0.018746
v -0.082357 -0.078663 -0.018746
v -0.082078 -0.078787 -0.018746
v -0.081779 -0.078851 -0.018746
v -0.081473 -0.078851 -0.018746
v -0.081173 -0.078787 -0.018746
v -0.080894 -0.078663 -0.018746
v -0.080646 -0.078483 -0.018746
v -0.080442 -0.078256 -0.018746
v -0.080289 -0.077991 -0.018746
v -0.080194 -0.077700 -0.018746
v -0.082819 -0.077396 -0.018500
v -0.082787 -0.077120 -0.018500
v -0.082692 -0.076860 -0.018500
v -0.082540 -0.076629 -0.018500
v -0.082338 -0.076438 -0.018500
v -0.082098 -0.076300 -0.018500
v -0.081833 -0.076220 -0.018500
v -0.081556 -0.076204 -0.018500
v -0.081283 -0.076252 -0.018500
v -0.081029 -0.076362 -0.018500
v -0.080807 -0.076528 -0.018500
v -0.080629 -0.076740 -0.018500
v -0.080504 -0.076987 -0.018500
v -0.080440 -0.077257 -0.018500
v -0.080440 -0.077534 -0.018500
v -0.080504 -0.077804 -0.018500
v -0.080629 -0.078051 -0.018500
v -0.080807 -0.078263 -0.018500
v -0.081029 -0.078429 -0.018500
v -0.081283 -0.078539 -0.018500
v -0.081556 -0.078587 -0.018500
v -0.081833 -0.078571 -0.018500
v -0.082098 -0.078491 -0.018500
v -0.082338 -0.078353 -0.018500
v -0.082540 -0.078163 -0.018500
v -0.082692 -0.077931 -0.018500
v -0.082787 -0.077671 -0.018500
v -0.084076 -0.077396 -0.046500
v -0.084044 -0.077789 -0.046500
v -0.083950 -0.078171 -0.046500
v -0.083795 -0.078534 -0.046500
v -0.083584 -0.078867 -0.046500
v -0.083323 -0.079162 -0.046500
v -0.083017 -0.079412 -0.046500
v -0.082676 -0.079609 -0.046500
v -0.082307 -0.079749 -0.046500
v -0.081921 -0.079828 -0.046500
v -0.081527 -0.079844 -0.046500
v -0.081136 -0.079796 -0.046500
v -0.080757 -0.079686 -0.046500
v -0.080401 -0.079517 -0.046500
v -0.080076 -0.079293 -0.046500
v -0.079792 -0.079020 -0.046500
v -0.079555 -0.078705 -0.046500
v -0.079372 -0.078356 -0.046500
v -0.079247 -0.077982 -0.046500
v -0.079184 -0.077593 -0.046500
v -0.079184 -0.077198 -0.046500
v -0.079247 -0.076809 -0.046500
v -0.079372 -0.076435 -0.046500
v -0.079555 -0.076086 -0.046500
v -0.079792 -0.075771 -0.046500
v -0.080076 -0.075498 -0.046500
v -0.080401 -0.075274 -0.046500
v -0.080757 -0.075105 -0.046500
v -0.081136 -0.074995 -0.046500
v -0.081527 -0.074948 -0.046500
v -0.081921 -0.074963 -0.046500
v -0.082307 -0.075042 -0.046500
v -0.082676 -0.075182 -0.046500
v -0.083017 -0.075379 -0.046500
v -0.083323 -0.075629 -0.046500
v -0.083584 -0.075924 -0.046500
v -0.083795 -0.076257 -0.046500
v -0.083950 -0.076620 -0.046500
v -0.084044 -0.077003 -0.046500
v -0.084376 -0.077396 -0.046200
v -0.084343 -0.076976 -0.046200
v -0.084247 -0.076566 -0.046200
v -0.084090 -0.076175 -0.046200
v -0.083875 -0.075813 -0.046200
v -0.083607 -0.075489 -0.046200
v -0.083293 -0.075208 -0.046200
v -0.082939 -0.074980 -0.046200
v -0.082555 -0.074807 -0.046200
v -0.082149 -0.074696 -0.046200
v -0.081731 -0.074648 -0.046200
v -0.081310 -0.074664 -0.046200
v -0.080897 -0.074744 -0.046200
v -0.080501 -0.074886 -0.046200
v -0.080131 -0.075087 -0.046200
v -0.079796 -0.075343 -0.046200
v -0.079504 -0.075646 -0.046200
v -0.079262 -0.075990 -0.046200
v -0.079075 -0.076368 -0.046200
v -0.078948 -0.076769 -0.046200
v -0.078884 -0.077185 -0.046200
v -0.078884 -0.077606 -0.046200
v -0.078948 -0.078022 -0.046200
v -0.079075 -0.078424 -0.046200
v -0.079262 -0.078801 -0.046200
v -0.079504 -0.079145 -0.046200
v -0.079796 -0.079449 -0.046200
v -0.080131 -0.079704 -0.046200
v -0.080501 -0.079905 -0.046200
v -0.080897 -0.080047 -0.046200
v -0.081310 -0.080127 -0.046200
v -0.081731 -0.080144 -0.046200
v -0.082149 -0.080095 -0.046200
v -0.082555 -0.079984 -0.046200
v -0.082939 -0.079811 -0.046200
v -0.083293 -0.079583 -0.046200
v -0.083607 -0.079302 -0.046200
v -0.083875 -0.078978 -0.046200
v -0.084090 -0.078616 -0.046200
v -0.084247 -0.078225 -0.046200
v -0.084343 -0.077815 -0.046200
v -0.079098 -0.077396 -0.046490
v -0.079026 -0.077396 -0.046460
v -0.078963 -0.077396 -0.046412
v -0.078916 -0.077396 -0.046350
v -0.078886 -0.077396 -0.046278
v -0.081915 -0.074885 -0.046490
v -0.081915 -0.079906 -0.046490
v -0.084146 -0.077589 -0.046490
v -0.084218 -0.077595 -0.046460
v -0.084280 -0.077599 -0.046412
v -0.084327 -0.077603 -0.046350
v -0.084357 -0.077605 -0.046278
v -0.084357 -0.077186 -0.046278
v -0.084327 -0.077188 -0.046350
v -0.084280 -0.077192 -0.046412
v -0.084218 -0.077196 -0.046460
v -0.084146 -0.077202 -0.046490
v -0.084087 -0.077971 -0.046490
v -0.084157 -0.077988 -0.046460
v -0.084218 -0.078002 -0.046412
v -0.084264 -0.078013 -0.046350
v -0.084293 -0.078020 -0.046278
v -0.083970 -0.078340 -0.046490
v -0.084037 -0.078367 -0.046460
v -0.084095 -0.078391 -0.046412
v -0.084139 -0.078408 -0.046350
v -0.084167 -0.078420 -0.046278
v -0.083798 -0.078687 -0.046490
v -0.083860 -0.078724 -0.046460
v -0.083914 -0.078756 -0.046412
v -0.083955 -0.078780 -0.046350
v -0.083981 -0.078796 -0.046278
v -0.083576 -0.079004 -0.046490
v -0.083631 -0.079050 -0.046460
v -0.083679 -0.079089 -0.046412
v -0.083716 -0.079120 -0.046350
v -0.083739 -0.079139 -0.046278
v -0.083307 -0.079283 -0.046490
v -0.083355 -0.079337 -0.046460
v -0.083397 -0.079383 -0.046412
v -0.083428 -0.079419 -0.046350
v -0.083448 -0.079441 -0.046278
v -0.083000 -0.079517 -0.046490
v -0.083039 -0.079578 -0.046460
v -0.083073 -0.079630 -0.046412
v -0.083099 -0.079670 -0.046350
v -0.083115 -0.079695 -0.046278
v -0.082660 -0.079702 -0.046490
v -0.082689 -0.079768 -0.046460
v -0.082715 -0.079825 -0.046412
v -0.082734 -0.079868 -0.046350
v -0.082746 -0.079896 -0.046278
v -0.082295 -0.079833 -0.046490
v -0.082315 -0.079903 -0.046460
v -0.082331 -0.079962 -0.046412
v -0.082344 -0.080008 -0.046350
v -0.082352 -0.080037 -0.046278
v -0.081924 -0.079978 -0.046460
v -0.081931 -0.080040 -0.046412
v -0.081936 -0.080087 -0.046350
v -0.081940 -0.080117 -0.046278
v -0.081144 -0.079877 -0.046490
v -0.081131 -0.079948 -0.046460
v -0.081119 -0.080009 -0.046412
v -0.081110 -0.080056 -0.046350
v -0.081104 -0.080085 -0.046278
v -0.081521 -0.080133 -0.046278
v -0.081522 -0.080103 -0.046350
v -0.081524 -0.080056 -0.046412
v -0.081526 -0.079994 -0.046460
v -0.081529 -0.079921 -0.046490
v -0.080771 -0.079774 -0.046490
v -0.080747 -0.079842 -0.046460
v -0.080726 -0.079901 -0.046412
v -0.080710 -0.079946 -0.046350
v -0.080699 -0.079974 -0.046278
v -0.080418 -0.079616 -0.046490
v -0.080384 -0.079680 -0.046460
v -0.080354 -0.079734 -0.046412
v -0.080331 -0.079776 -0.046350
v -0.080317 -0.079802 -0.046278
v -0.080093 -0.079406 -0.046490
v -0.080049 -0.079463 -0.046460
v -0.080012 -0.079513 -0.046412
v -0.079983 -0.079551 -0.046350
v -0.079965 -0.079574 -0.046278
v -0.079804 -0.079148 -0.046490
v -0.079752 -0.079198 -0.046460
v -0.079707 -0.079242 -0.046412
v -0.079673 -0.079275 -0.046350
v -0.079652 -0.079295 -0.046278
v -0.079558 -0.078850 -0.046490
v -0.079499 -0.078891 -0.046460
v -0.079448 -0.078927 -0.046412
v -0.079409 -0.078955 -0.046350
v -0.079385 -0.078972 -0.046278
v -0.079360 -0.078517 -0.046490
v -0.079296 -0.078549 -0.046460
v -0.079240 -0.078577 -0.046412
v -0.079197 -0.078598 -0.046350
v -0.079170 -0.078611 -0.046278
v -0.079216 -0.078158 -0.046490
v -0.079147 -0.078180 -0.046460
v -0.079088 -0.078199 -0.046412
v -0.079042 -0.078213 -0.046350
v -0.079013 -0.078222 -0.046278
v -0.079128 -0.077781 -0.046490
v -0.079056 -0.077792 -0.046460
v -0.078995 -0.077802 -0.046412
v -0.078948 -0.077809 -0.046350
v -0.078918 -0.077814 -0.046278
v -0.079128 -0.077010 -0.046490
v -0.079056 -0.076999 -0.046460
v -0.078995 -0.076989 -0.046412
v -0.078948 -0.076982 -0.046350
v -0.078918 -0.076977 -0.046278
v -0.079216 -0.076633 -0.046490
v -0.079147 -0.076611 -0.046460
v -0.079088 -0.076592 -0.046412
v -0.079042 -0.076578 -0.046350
v -0.079013 -0.076569 -0.046278
v -0.079360 -0.076274 -0.046490
v -0.079296 -0.076242 -0.046460
v -0.079240 -0.076214 -0.046412
v -0.079197 -0.076193 -0.046350
v -0.079170 -0.076180 -0.046278
v -0.079558 -0.075941 -0.046490
v -0.079499 -0.075900 -0.046460
v -0.079448 -0.075864 -0.046412
v -0.079409 -0.075837 -0.046350
v -0.079385 -0.075819 -0.046278
v -0.079804 -0.075643 -0.046490
v -0.079752 -0.075593 -0.046460
v -0.079707 -0.075550 -0.046412
v -0.079673 -0.075516 -0.046350
v -0.079652 -0.075496 -0.046278
v -0.080093 -0.075385 -0.046490
v -0.080049 -0.075328 -0.046460
v -0.080012 -0.075278 -0.046412
v -0.079983 -0.075240 -0.046350
v -0.079965 -0.075217 -0.046278
v -0.080418 -0.075175 -0.046490
v -0.080384 -0.075111 -0.046460
v -0.080354 -0.075057 -0.046412
v -0.080331 -0.075015 -0.046350
v -0.080317 -0.074989 -0.046278
v -0.080771 -0.075017 -0.046490
v -0.080747 -0.074949 -0.046460
v -0.080726 -0.074890 -0.046412
v -0.080710 -0.074845 -0.046350
v -0.080699 -0.074817 -0.046278
v -0.081144 -0.074914 -0.046490
v -0.081131 -0.074843 -0.046460
v -0.081119 -0.074782 -0.046412
v -0.081110 -0.074735 -0.046350
v -0.081104 -0.074706 -0.046278
v -0.081529 -0.074870 -0.046490
v -0.081526 -0.074797 -0.046460
v -0.081524 -0.074735 -0.046412
v -0.081522 -0.074688 -0.046350
v -0.081521 -0.074658 -0.046278
v -0.082295 -0.074958 -0.046490
v -0.082315 -0.074888 -0.046460
v -0.082331 -0.074829 -0.046412
v -0.082344 -0.074783 -0.046350
v -0.082352 -0.074754 -0.046278
v -0.081940 -0.074674 -0.046278
v -0.081936 -0.074704 -0.046350
v -0.081931 -0.074751 -0.046412
v -0.081924 -0.074813 -0.046460
v -0.082660 -0.075089 -0.046490
v -0.082689 -0.075023 -0.046460
v -0.082715 -0.074966 -0.046412
v -0.082734 -0.074923 -0.046350
v -0.082746 -0.074895 -0.046278
v -0.083000 -0.075274 -0.046490
v -0.083039 -0.075213 -0.046460
v -0.083073 -0.075161 -0.046412
v -0.083099 -0.075121 -0.046350
v -0.083115 -0.075096 -0.046278
v -0.083307 -0.075509 -0.046490
v -0.083355 -0.075454 -0.046460
v -0.083397 -0.075408 -0.046412
v -0.083428 -0.075373 -0.046350
v -0.083448 -0.075350 -0.046278
v -0.083576 -0.075787 -0.046490
v -0.083631 -0.075741 -0.046460
v -0.083679 -0.075702 -0.046412
v -0.083716 -0.075671 -0.046350
v -0.083739 -0.075652 -0.046278
v -0.083798 -0.076104 -0.046490
v -0.083860 -0.076067 -0.046460
v -0.083914 -0.076035 -0.046412
v -0.083955 -0.076011 -0.046350
v -0.083981 -0.075995 -0.046278
v -0.083970 -0.076451 -0.046490
v -0.084037 -0.076424 -0.046460
v -0.084095 -0.076400 -0.046412
v -0.084139 -0.076383 -0.046350
v -0.084167 -0.076371 -0.046278
v -0.084087 -0.076820 -0.046490
v -0.084157 -0.076803 -0.046460
v -0.084218 -0.076789 -0.046412
v -0.084264 -0.076778 -0.046350
v -0.084293 -0.076771 -0.046278
v -0.080376 -0.076674 -0.046500
v -0.081626 -0.075952 -0.046500
v -0.082876 -0.076674 -0.046500
v -0.082876 -0.078117 -0.046500
v -0.081626 -0.078839 -0.046500
v -0.080376 -0.078117 -0.046500
v -0.084376 -0.077396 -0.043500
v -0.084343 -0.076976 -0.043500
v -0.084247 -0.076566 -0.043500
v -0.084090 -0.076175 -0.043500
v -0.083875 -0.075813 -0.043500
v -0.083607 -0.075489 -0.043500
v -0.083293 -0.075208 -0.043500
v -0.082939 -0.074980 -0.043500
v -0.082555 -0.074807 -0.043500
v -0.082149 -0.074696 -0.043500
v -0.081731 -0.074648 -0.043500
v -0.081310 -0.074664 -0.043500
v -0.080897 -0.074744 -0.043500
v -0.080501 -0.074886 -0.043500
v -0.080131 -0.075087 -0.043500
v -0.079796 -0.075343 -0.043500
v -0.079504 -0.075646 -0.043500
v -0.079262 -0.075990 -0.043500
v -0.079075 -0.076368 -0.043500
v -0.078948 -0.076769 -0.043500
v -0.078884 -0.077185 -0.043500
v -0.078884 -0.077606 -0.043500
v -0.078948 -0.078022 -0.043500
v -0.079075 -0.078424 -0.043500
v -0.079262 -0.078801 -0.043500
v -0.079504 -0.079145 -0.043500
v -0.079796 -0.079449 -0.043500
v -0.080131 -0.079704 -0.043500
v -0.080501 -0.079905 -0.043500
v -0.080897 -0.080047 -0.043500
v -0.081310 -0.080127 -0.043500
v -0.081731 -0.080144 -0.043500
v -0.082149 -0.080095 -0.043500
v -0.082555 -0.079984 -0.043500
v -0.082939 -0.079811 -0.043500
v -0.083293 -0.079583 -0.043500
v -0.083607 -0.079302 -0.043500
v -0.083875 -0.078978 -0.043500
v -0.084090 -0.078616 -0.043500
v -0.084247 -0.078225 -0.043500
v -0.084343 -0.077815 -0.043500
v -0.081626 -0.077396 -0.045091
v -0.081626 -0.075952 -0.045200
v -0.080376 -0.076674 -0.045200
v -0.080376 -0.078117 -0.045200
v -0.081626 -0.078839 -0.045200
v -0.082876 -0.078117 -0.045200
v -0.082876 -0.076674 -0.045200
v -0.080162 -0.077396 -0.043500
v -0.080194 -0.077091 -0.043500
v -0.080289 -0.076800 -0.043500
v -0.080442 -0.076535 -0.043500
v -0.080646 -0.076308 -0.043500
v -0.080894 -0.076128 -0.043500
v -0.081173 -0.076004 -0.043500
v -0.081473 -0.075940 -0.043500
v -0.081779 -0.075940 -0.043500
v -0.082078 -0.076004 -0.043500
v -0.082357 -0.076128 -0.043500
v -0.082605 -0.076308 -0.043500
v -0.082810 -0.076535 -0.043500
v -0.082963 -0.076800 -0.043500
v -0.083057 -0.077091 -0.043500
v -0.083089 -0.077396 -0.043500
v -0.083057 -0.077700 -0.043500
v -0.082963 -0.077991 -0.043500
v -0.082810 -0.078256 -0.043500
v -0.082605 -0.078483 -0.043500
v -0.082357 -0.078663 -0.043500
v -0.082078 -0.078787 -0.043500
v -0.081779 -0.078851 -0.043500
v -0.081473 -0.078851 -0.043500
v -0.081173 -0.078787 -0.043500
v -0.080894 -0.078663 -0.043500
v -0.080646 -0.078483 -0.043500
v -0.080442 -0.078256 -0.043500
v -0.080289 -0.077991 -0.043500
v -0.080194 -0.077700 -0.043500
v -0.080162 -0.077396 -0.024935
v -0.080162 -0.077396 -0.031123
v -0.080162 -0.077396 -0.037312
v -0.080194 -0.077700 -0.024935
v -0.080194 -0.077700 -0.031123
v -0.080194 -0.077700 -0.037312
v -0.080289 -0.077991 -0.024935
v -0.080289 -0.077991 -0.031123
v -0.080289 -0.077991 -0.037312
v -0.080442 -0.078256 -0.024935
v -0.080442 -0.078256 -0.031123
v -0.080442 -0.078256 -0.037312
v -0.080646 -0.078483 -0.024935
v -0.080646 -0.078483 -0.031123
v -0.080646 -0.078483 -0.037312
v -0.080894 -0.078663 -0.024935
v -0.080894 -0.078663 -0.031123
v -0.080894 -0.078663 -0.037312
v -0.081173 -0.078787 -0.024935
v -0.081173 -0.078787 -0.031123
v -0.081173 -0.078787 -0.037312
v -0.081473 -0.078851 -0.024935
v -0.081473 -0.078851 -0.031123
v -0.081473 -0.078851 -0.037312
v -0.081779 -0.078851 -0.024935
v -0.081779 -0.078851 -0.031123
v -0.081779 -0.078851 -0.037312
v -0.082078 -0.078787 -0.024935
v -0.082078 -0.078787 -0.031123
v -0.082078 -0.078787 -0.037312
v -0.082357 -0.078663 -0.024935
v -0.082357 -0.078663 -0.031123
v -0.082357 -0.078663 -0.037312
v -0.082605 -0.078483 -0.024935
v -0.082605 -0.078483 -0.031123
v -0.082605 -0.078483 -0.037312
v -0.082810 -0.078256 -0.024935
v -0.082810 -0.078256 -0.031123
v -0.082810 -0.078256 -0.037312
v -0.082963 -0.077991 -0.024935
v -0.082963 -0.077991 -0.031123
v -0.082963 -0.077991 -0.037312
v -0.083057 -0.077700 -0.024935
v -0.083057 -0.077700 -0.031123
v -0.083057 -0.077700 -0.037312
v -0.083089 -0.077396 -0.024935
v -0.083089 -0.077396 -0.031123
v -0.083089 -0.077396 -0.037312
v -0.083057 -0.077091 -0.024935
v -0.083057 -0.077091 -0.031123
v -0.083057 -0.077091 -0.037312
v -0.082963 -0.076800 -0.024935
v -0.082963 -0.076800 -0.031123
v -0.082963 -0.076800 -0.037312
v -0.082810 -0.076535 -0.024935
v -0.082810 -0.076535 -0.031123
v -0.082810 -0.076535 -0.037312
v -0.082605 -0.076308 -0.024935
v -0.082605 -0.076308 -0.031123
v -0.082605 -0.076308 -0.037312
v -0.082357 -0.076128 -0.024935
v -0.082357 -0.076128 -0.031123
v -0.082357 -0.076128 -0.037312
v -0.082078 -0.076004 -0.024935
v -0.082078 -0.076004 -0.031123
v -0.082078 -0.076004 -0.037312
v -0.081779 -0.075940 -0.024935
v -0.081779 -0.075940 -0.031123
v -0.081779 -0.075940 -0.037312
v -0.081473 -0.075940 -0.024935
v -0.081473 -0.075940 -0.031123
v -0.081473 -0.075940 -0.037312
v -0.081173 -0.076004 -0.024935
v -0.081173 -0.076004 -0.031123
v -0.081173 -0.076004 -0.037312
v -0.080894 -0.076128 -0.024935
v -0.080894 -0.076128 -0.031123
v -0.080894 -0.076128 -0.037312
v -0.080646 -0.076308 -0.024935
v -0.080646 -0.076308 -0.031123
v -0.080646 -0.076308 -0.037312
v -0.080442 -0.076535 -0.024935
v -0.080442 -0.076535 -0.031123
v -0.080442 -0.076535 -0.037312
v -0.080289 -0.076800 -0.024935
v -0.080289 -0.076800 -0.031123
v -0.080289 -0.076800 -0.037312
v -0.080194 -0.077091 -0.024935
v -0.080194 -0.077091 -0.031123
v -0.080194 -0.077091 -0.037312
vt 0.013779 -0.389504 0.000000
vt -0.022774 -0.401869 0.000000
vt 0.013779 -0.417325 0.000000
vt 0.013779 0.417325 0.000000
vt -0.022774 0.432782 0.000000
vt -0.022774 0.401869 0.000000
vt 0.013779 0.389504 0.000000
vt -0.022774 0.370956 0.000000
vt 0.013779 0.361682 0.000000
vt -0.022774 0.340043 0.000000
vt 0.013779 0.333860 0.000000
vt -0.022774 0.309130 0.000000
vt 0.013779 0.306039 0.000000
vt -0.022774 0.278217 0.000000
vt 0.013779 0.278217 0.000000
vt 0.013779 0.250395 0.000000
vt -0.022774 0.247304 0.000000
vt 0.013779 0.222573 0.000000
vt -0.022774 0.216391 0.000000
vt 0.013779 0.194752 0.000000
vt -0.022774 0.185478 0.000000
vt 0.013779 0.166930 0.000000
vt -0.022774 0.154565 0.000000
vt 0.013779 0.139108 0.000000
vt -0.022774 0.123652 0.000000
vt 0.013779 0.111287 0.000000
vt -0.022774 0.092739 0.000000
vt 0.013779 0.083465 0.000000
vt -0.022774 0.061826 0.000000
vt 0.013779 0.055643 0.000000
vt -0.022774 0.030913 0.000000
vt 0.013779 0.027822 0.000000
vt -0.022774 0.000000 0.000000
vt 0.013779 0.000000 0.000000
vt 0.013779 -0.027822 0.000000
vt -0.022774 -0.030913 0.000000
vt 0.013779 -0.055643 0.000000
vt -0.022774 -0.061826 0.000000
vt 0.013779 -0.083465 0.000000
vt -0.022774 -0.092739 0.000000
vt 0.013779 -0.111287 0.000000
vt -0.022774 -0.123652 0.000000
vt 0.013779 -0.139108 0.000000
vt -0.022774 -0.154565 0.000000
vt 0.013779 -0.166930 0.000000
vt -0.022774 -0.185478 0.000000
vt 0.013779 -0.194752 0.000000
vt -0.022774 -0.216391 0.000000
vt 0.013779 -0.222573 0.000000
vt -0.022774 -0.247304 0.000000
vt 0.013779 -0.250395 0.000000
vt -0.022774 -0.278217 0.000000
vt 0.013779 -0.278217 0.000000
vt 0.013779 -0.306039 0.000000
vt -0.022774 -0.309130 0.000000
vt 0.013779 -0.333860 0.000000
vt -0.022774 -0.340043 0.000000
vt 0.013779 -0.361682 0.000000
vt -0.022774 -0.370956 0.000000
vt 0.047124 0.042889 0.000000
vt 0.039270 0.020398 0.000000
vt 0.047124 0.000000 0.000000
vt 0.039270 -0.020398 0.000000
vt 0.047124 -0.042889 0.000000
vt 0.039270 -0.061195 0.000000
vt 0.047124 -0.085778 0.000000
vt 0.039270 -0.101992 0.000000
vt 0.047124 -0.128667 0.000000
vt 0.039270 -0.142789 0.000000
vt 0.047124 -0.171556 0.000000
vt 0.039270 -0.183585 0.000000
vt 0.047124 -0.214444 0.000000
vt 0.039270 -0.224382 0.000000
vt 0.047124 -0.257333 0.000000
vt 0.039270 -0.265179 0.000000
vt 0.047124 -0.300222 0.000000
vt 0.039270 -0.305976 0.000000
vt 0.047124 -0.343111 0.000000
vt 0.039270 -0.346772 0.000000
vt 0.047124 -0.386000 0.000000
vt 0.039270 -0.387569 0.000000
vt 0.047124 -0.428889 0.000000
vt 0.039270 -0.428366 0.000000
vt 0.039270 -0.469163 0.000000
vt 0.031416 -0.428366 0.000000
vt 0.031416 -0.469163 0.000000
vt 0.023562 -0.428366 0.000000
vt 0.023562 -0.469163 0.000000
vt 0.015708 -0.428366 0.000000
vt 0.015708 -0.469163 0.000000
vt 0.007854 -0.428366 0.000000
vt 0.007854 -0.469163 0.000000
vt 0.000000 -0.448764 0.000000
vt -0.000000 -0.489561 0.000000
vt 0.039270 0.061195 0.000000
vt 0.047124 0.085778 0.000000
vt 0.039270 0.101992 0.000000
vt 0.047124 0.128667 0.000000
vt 0.039270 0.142789 0.000000
vt 0.047124 0.171556 0.000000
vt 0.039270 0.183585 0.000000
vt 0.047124 0.214444 0.000000
vt 0.039270 0.224382 0.000000
vt 0.047124 0.257333 0.000000
vt 0.039270 0.265179 0.000000
vt 0.047124 0.300222 0.000000
vt 0.039270 0.305976 0.000000
vt 0.047124 0.343111 0.000000
vt 0.039270 0.346772 0.000000
vt 0.047124 0.386000 0.000000
vt 0.039270 0.387569 0.000000
vt 0.047124 0.428889 0.000000
vt 0.039270 0.428366 0.000000
vt 0.039270 0.469163 0.000000
vt 0.031416 0.469163 0.000000
vt 0.031416 0.509959 0.000000
vt 0.023562 0.509959 0.000000
vt 0.023562 0.550756 0.000000
vt 0.015708 0.550756 0.000000
vt 0.015708 0.591553 0.000000
vt 0.007854 0.591553 0.000000
vt 0.007854 0.632350 0.000000
vt -0.000000 0.611951 0.000000
vt -0.000000 0.652748 0.000000
vt 0.007854 0.673146 0.000000
vt 0.000000 0.693545 0.000000
vt 0.007854 0.713943 0.000000
vt 0.000000 0.734342 0.000000
vt 0.007854 0.754740 0.000000
vt -0.000000 0.775138 0.000000
vt 0.007854 0.795537 0.000000
vt -0.000000 0.815935 0.000000
vt 0.007854 0.836333 0.000000
vt -0.000000 0.856732 0.000000
vt -0.000000 -0.815935 0.000000
vt 0.007854 -0.836333 0.000000
vt 0.007854 -0.795537 0.000000
vt -0.000000 -0.775138 0.000000
vt 0.007854 -0.754740 0.000000
vt 0.000000 -0.734342 0.000000
vt 0.007854 -0.713943 0.000000
vt 0.000000 -0.693545 0.000000
vt 0.007854 -0.673146 0.000000
vt -0.000000 -0.652748 0.000000
vt 0.007854 -0.632350 0.000000
vt -0.000000 -0.611951 0.000000
vt 0.007854 -0.591553 0.000000
vt 0.000000 -0.571155 0.000000
vt 0.007854 -0.550756 0.000000
vt -0.000000 -0.530358 0.000000
vt 0.007854 -0.509959 0.000000
vt 0.047124 0.471778 0.000000
vt 0.039270 0.509959 0.000000
vt 0.031416 0.550756 0.000000
vt 0.023562 0.591553 0.000000
vt 0.015708 0.632350 0.000000
vt 0.047124 0.514667 0.000000
vt 0.039270 0.550756 0.000000
vt 0.031416 0.591553 0.000000
vt 0.023562 0.632350 0.000000
vt 0.015708 0.673146 0.000000
vt 0.047124 0.557556 0.000000
vt 0.039270 0.591553 0.000000
vt 0.031416 0.632350 0.000000
vt 0.023562 0.673146 0.000000
vt 0.015708 0.713943 0.000000
vt 0.047124 0.600445 0.000000
vt 0.039270 0.632350 0.000000
vt 0.031416 0.673146 0.000000
vt 0.023562 0.713943 0.000000
vt 0.015708 0.754740 0.000000
vt 0.047124 0.643333 0.000000
vt 0.039270 0.673146 0.000000
vt 0.031416 0.713943 0.000000
vt 0.023562 0.754740 0.000000
vt 0.015708 0.795537 0.000000
vt 0.047124 0.686222 0.000000
vt 0.039270 0.713943 0.000000
vt 0.031416 0.754740 0.000000
vt 0.023562 0.795537 0.000000
vt 0.015708 0.836333 0.000000
vt 0.015708 -0.836333 0.000000
vt 0.047124 0.729111 0.000000
vt 0.039270 0.754740 0.000000
vt 0.031416 0.795537 0.000000
vt 0.023562 0.836333 0.000000
vt 0.023562 -0.836333 0.000000
vt 0.015708 -0.795537 0.000000
vt 0.047124 0.772000 0.000000
vt 0.039270 0.795537 0.000000
vt 0.031416 0.836333 0.000000
vt 0.031416 -0.836333 0.000000
vt 0.023562 -0.795537 0.000000
vt 0.015708 -0.754740 0.000000
vt 0.047124 0.814889 0.000000
vt 0.039270 0.836333 0.000000
vt 0.039270 -0.836333 0.000000
vt 0.031416 -0.795537 0.000000
vt 0.023562 -0.754740 0.000000
vt 0.015708 -0.713943 0.000000
vt 0.047124 -0.857778 0.000000
vt 0.047124 -0.814889 0.000000
vt 0.039270 -0.795537 0.000000
vt 0.031416 -0.754740 0.000000
vt 0.023562 -0.713943 0.000000
vt 0.015708 -0.673146 0.000000
vt 0.047124 -0.772000 0.000000
vt 0.039270 -0.754740 0.000000
vt 0.031416 -0.713943 0.000000
vt 0.023562 -0.673146 0.000000
vt 0.015708 -0.632350 0.000000
vt 0.047124 -0.729111 0.000000
vt 0.039270 -0.713943 0.000000
vt 0.031416 -0.673146 0.000000
vt 0.023562 -0.632350 0.000000
vt 0.015708 -0.591553 0.000000
vt 0.047124 -0.686222 0.000000
vt 0.039270 -0.673146 0.000000
vt 0.031416 -0.632350 0.000000
vt 0.023562 -0.591553 0.000000
vt 0.015708 -0.550756 0.000000
vt 0.047124 -0.643333 0.000000
vt 0.039270 -0.632350 0.000000
vt 0.031416 -0.591553 0.000000
vt 0.023562 -0.550756 0.000000
vt 0.015708 -0.509959 0.000000
vt 0.047124 -0.600445 0.000000
vt 0.039270 -0.591553 0.000000
vt 0.031416 -0.550756 0.000000
vt 0.023562 -0.509959 0.000000
vt 0.047124 -0.557556 0.000000
vt 0.039270 -0.550756 0.000000
vt 0.031416 -0.509959 0.000000
vt 0.047124 -0.514667 0.000000
vt 0.039270 -0.509959 0.000000
vt 0.047124 -0.471778 0.000000
vt 0.000000 -0.040797 0.000000
vt 0.007854 -0.020398 0.000000
vt 0.000000 -0.000000 0.000000
vt 0.007854 0.020398 0.000000
vt 0.000000 0.040797 0.000000
vt 0.007854 0.061195 0.000000
vt 0.000000 0.081594 0.000000
vt 0.007854 0.101992 0.000000
vt -0.000000 0.122390 0.000000
vt 0.007854 0.142789 0.000000
vt 0.000000 0.163187 0.000000
vt 0.007854 0.183585 0.000000
vt -0.000000 0.203984 0.000000
vt 0.007854 0.224382 0.000000
vt 0.000000 0.244781 0.000000
vt 0.007854 0.265179 0.000000
vt -0.000000 0.285577 0.000000
vt 0.007854 0.305976 0.000000
vt -0.000000 0.326374 0.000000
vt 0.007854 0.346772 0.000000
vt 0.000000 0.367171 0.000000
vt 0.007854 0.387569 0.000000
vt 0.000000 0.407968 0.000000
vt 0.007854 0.428366 0.000000
vt 0.000000 0.448764 0.000000
vt 0.007854 0.469163 0.000000
vt -0.000000 0.489561 0.000000
vt 0.007854 0.509959 0.000000
vt -0.000000 0.530358 0.000000
vt 0.007854 0.550756 0.000000
vt 0.000000 0.571155 0.000000
vt 0.007854 -0.061195 0.000000
vt 0.000000 -0.081594 0.000000
vt 0.007854 -0.101992 0.000000
vt -0.000000 -0.122390 0.000000
vt 0.007854 -0.142789 0.000000
vt 0.000000 -0.163187 0.000000
vt 0.007854 -0.183585 0.000000
vt -0.000000 -0.203984 0.000000
vt 0.007854 -0.224382 0.000000
vt 0.000000 -0.244781 0.000000
vt 0.007854 -0.265179 0.000000
vt -0.000000 -0.285577 0.000000
vt 0.007854 -0.305976 0.000000
vt -0.000000 -0.326374 0.000000
vt 0.007854 -0.346772 0.000000
vt 0.000000 -0.367171 0.000000
vt 0.007854 -0.387569 0.000000
vt 0.000000 -0.407968 0.000000
vt 0.031416 0.020398 0.000000
vt 0.031416 -0.020398 0.000000
vt 0.031416 -0.061195 0.000000
vt 0.031416 -0.101992 0.000000
vt 0.031416 -0.142789 0.000000
vt 0.031416 -0.183585 0.000000
vt 0.031416 -0.224382 0.000000
vt 0.031416 -0.265179 0.000000
vt 0.031416 -0.305976 0.000000
vt 0.031416 -0.346772 0.000000
vt 0.031416 -0.387569 0.000000
vt 0.023562 0.020398 0.000000
vt 0.023562 -0.020398 0.000000
vt 0.023562 -0.061195 0.000000
vt 0.023562 -0.101992 0.000000
vt 0.023562 -0.142789 0.000000
vt 0.023562 -0.183585 0.000000
vt 0.023562 -0.224382 0.000000
vt 0.023562 -0.265179 0.000000
vt 0.023562 -0.305976 0.000000
vt 0.023562 -0.346772 0.000000
vt 0.023562 -0.387569 0.000000
vt 0.031416 0.061195 0.000000
vt 0.031416 0.101992 0.000000
vt 0.031416 0.142789 0.000000
vt 0.031416 0.183585 0.000000
vt 0.031416 0.224382 0.000000
vt 0.031416 0.265179 0.000000
vt 0.031416 0.305976 0.000000
vt 0.031416 0.346772 0.000000
vt 0.031416 0.387569 0.000000
vt 0.031416 0.428366 0.000000
vt 0.015708 0.020398 0.000000
vt 0.015708 -0.020398 0.000000
vt 0.015708 -0.061195 0.000000
vt 0.015708 -0.101992 0.000000
vt 0.015708 -0.142789 0.000000
vt 0.015708 -0.183585 0.000000
vt 0.015708 -0.224382 0.000000
vt 0.015708 -0.265179 0.000000
vt 0.015708 -0.305976 0.000000
vt 0.015708 -0.346772 0.000000
vt 0.015708 -0.387569 0.000000
vt 0.023562 0.061195 0.000000
vt 0.023562 0.101992 0.000000
vt 0.023562 0.142789 0.000000
vt 0.023562 0.183585 0.000000
vt 0.023562 0.224382 0.000000
vt 0.023562 0.265179 0.000000
vt 0.023562 0.305976 0.000000
vt 0.023562 0.346772 0.000000
vt 0.023562 0.387569 0.000000
vt 0.023562 0.428366 0.000000
vt 0.023562 0.469163 0.000000
vt 0.015708 0.061195 0.000000
vt 0.015708 0.101992 0.000000
vt 0.015708 0.142789 0.000000
vt 0.015708 0.183585 0.000000
vt 0.015708 0.224382 0.000000
vt 0.015708 0.265179 0.000000
vt 0.015708 0.305976 0.000000
vt 0.015708 0.346772 0.000000
vt 0.015708 0.387569 0.000000
vt 0.015708 0.428366 0.000000
vt 0.015708 0.469163 0.000000
vt 0.015708 0.509959 0.000000
vt 0.275000 -0.144338 0.000000
vt 0.397500 -0.212176 0.000000
vt 0.400000 -0.072169 0.000000
vt 0.429949 -0.189778 0.000000
vt 0.458385 -0.162465 0.000000
vt 0.150000 -0.072169 0.000000
vt 0.169970 -0.221345 0.000000
vt 0.206837 -0.235327 0.000000
vt 0.245469 -0.243214 0.000000
vt 0.150000 0.072169 0.000000
vt 0.030000 0.000000 0.000000
vt 0.033173 -0.039301 0.000000
vt 0.042609 -0.077584 0.000000
vt 0.275000 0.144338 0.000000
vt 0.169970 0.221345 0.000000
vt 0.135824 0.201631 0.000000
vt 0.105283 0.176695 0.000000
vt 0.400000 0.072169 0.000000
vt 0.397500 0.212176 0.000000
vt 0.361878 0.229079 0.000000
vt 0.324006 0.240049 0.000000
vt 0.519206 0.019714 0.000000
vt 0.512881 0.058632 0.000000
vt 0.500395 0.096032 0.000000
vt 0.058063 -0.113857 0.000000
vt 0.079137 -0.147182 0.000000
vt 0.105283 -0.176695 0.000000
vt 0.135824 -0.201631 0.000000
vt 0.284865 -0.244801 0.000000
vt 0.324006 -0.240049 0.000000
vt 0.361878 -0.229079 0.000000
vt 0.482072 -0.130944 0.000000
vt 0.500395 -0.096032 0.000000
vt 0.512881 -0.058632 0.000000
vt 0.519206 -0.019714 0.000000
vt 0.482072 0.130944 0.000000
vt 0.458385 0.162465 0.000000
vt 0.429949 0.189778 0.000000
vt 0.284865 0.244801 0.000000
vt 0.245469 0.243214 0.000000
vt 0.206837 0.235327 0.000000
vt 0.079137 0.147182 0.000000
vt 0.058063 0.113857 0.000000
vt 0.042609 0.077584 0.000000
vt 0.033173 0.039301 0.000000
vt -0.150000 -0.042143 0.000000
vt 0.120000 -0.000000 0.000000
vt -0.150000 0.000000 0.000000
vt 0.120000 0.042143 0.000000
vt -0.150000 0.042143 0.000000
vt 0.120000 0.084287 0.000000
vt -0.150000 0.084287 0.000000
vt 0.120000 0.126430 0.000000
vt -0.150000 0.126430 0.000000
vt 0.120000 0.168573 0.000000
vt -0.150000 0.168573 0.000000
vt 0.120000 0.210717 0.000000
vt -0.150000 0.210717 0.000000
vt 0.120000 0.252860 0.000000
vt -0.150000 0.252860 0.000000
vt 0.120000 0.295003 0.000000
vt -0.150000 0.295003 0.000000
vt 0.120000 0.337147 0.000000
vt -0.150000 0.337147 0.000000
vt 0.120000 0.379290 0.000000
vt -0.150000 0.379290 0.000000
vt 0.120000 0.421433 0.000000
vt -0.150000 0.421433 0.000000
vt 0.120000 0.463576 0.000000
vt -0.150000 0.463576 0.000000
vt 0.120000 0.505720 0.000000
vt -0.150000 0.505720 0.000000
vt 0.120000 0.547863 0.000000
vt -0.150000 0.547863 0.000000
vt 0.120000 0.590006 0.000000
vt -0.150000 0.590006 0.000000
vt 0.120000 0.632150 0.000000
vt -0.150000 0.632150 0.000000
vt 0.120000 0.674293 0.000000
vt -0.150000 0.674293 0.000000
vt 0.120000 0.716436 0.000000
vt -0.150000 0.716436 0.000000
vt 0.120000 0.758580 0.000000
vt -0.150000 0.758580 0.000000
vt 0.120000 0.800723 0.000000
vt -0.150000 0.800723 0.000000
vt 0.120000 0.842866 0.000000
vt -0.150000 0.842866 0.000000
vt -0.150000 -0.885010 0.000000
vt 0.120000 -0.885010 0.000000
vt 0.120000 -0.842866 0.000000
vt -0.150000 -0.842866 0.000000
vt 0.120000 -0.800723 0.000000
vt -0.150000 -0.800723 0.000000
vt 0.120000 -0.758580 0.000000
vt -0.150000 -0.758580 0.000000
vt 0.120000 -0.716436 0.000000
vt -0.150000 -0.716436 0.000000
vt 0.120000 -0.674293 0.000000
vt -0.150000 -0.674293 0.000000
vt 0.120000 -0.632150 0.000000
vt -0.150000 -0.632150 0.000000
vt 0.120000 -0.590006 0.000000
vt -0.150000 -0.590006 0.000000
vt 0.120000 -0.547863 0.000000
vt -0.150000 -0.547863 0.000000
vt 0.120000 -0.505720 0.000000
vt -0.150000 -0.505720 0.000000
vt 0.120000 -0.463576 0.000000
vt -0.150000 -0.463576 0.000000
vt 0.120000 -0.421433 0.000000
vt -0.150000 -0.421433 0.000000
vt 0.120000 -0.379290 0.000000
vt -0.150000 -0.379290 0.000000
vt 0.120000 -0.337147 0.000000
vt -0.150000 -0.337147 0.000000
vt 0.120000 -0.295003 0.000000
vt -0.150000 -0.295003 0.000000
vt 0.120000 -0.252860 0.000000
vt -0.150000 -0.252860 0.000000
vt 0.120000 -0.210717 0.000000
vt -0.150000 -0.210717 0.000000
vt 0.120000 -0.168573 0.000000
vt -0.150000 -0.168573 0.000000
vt 0.120000 -0.126430 0.000000
vt -0.150000 -0.126430 0.000000
vt 0.120000 -0.084287 0.000000
vt -0.150000 -0.084287 0.000000
vt 0.120000 -0.042143 0.000000
vt 0.072169 0.125477 0.000000
vt 0.000000 0.000000 0.000000
vt 0.144338 0.000000 0.000000
vt 0.000000 0.000000 0.000000
vt 0.144338 0.000000 0.000000
vt 0.072169 0.125477 0.000000
vt -0.000000 -0.000000 0.000000
vt 0.144338 0.000000 0.000000
vt -0.000000 0.000000 0.000000
vt 0.144338 0.000000 0.000000
vt 0.072169 0.125477 0.000000
vt -0.000000 0.000000 0.000000
vt 0.144338 0.000000 0.000000
vt -0.000000 0.000000 0.000000
vt 0.144338 0.000000 0.000000
vt -0.144338 -0.000000 0.000000
vt 0.000000 0.000000 0.000000
vt -0.144338 0.130000 0.000000
vt -0.000000 0.130000 0.000000
vt -0.144338 0.000000 0.000000
vt 0.000000 0.000000 0.000000
vt -0.144338 0.130000 0.000000
vt 0.000000 0.130000 0.000000
vt -0.144338 0.000000 0.000000
vt 0.000000 0.000000 0.000000
vt -0.144338 0.130000 0.000000
vt 0.000000 0.130000 0.000000
vt -0.144338 0.000000 0.000000
vt -0.000000 0.000000 0.000000
vt -0.144338 0.130000 0.000000
vt 0.000000 0.130000 0.000000
vt -0.144338 0.000000 0.000000
vt 0.000000 -0.000000 0.000000
vt -0.144338 0.130000 0.000000
vt 0.000000 0.130000 0.000000
vt -0.144338 0.000000 0.000000
vt -0.000000 0.000000 0.000000
vt -0.144338 0.130000 0.000000
vt -0.000000 0.130000 0.000000
vt -1.225385 0.429121 0.000000
vt -0.606539 0.429121 0.000000
vt -1.225385 0.459772 0.000000
vt -0.606539 0.459772 0.000000
vt -1.225385 -0.459772 0.000000
vt -0.606539 -0.459772 0.000000
vt -1.225385 -0.429121 0.000000
vt -0.606539 -0.429121 0.000000
vt -1.225385 -0.398469 0.000000
vt -0.606539 -0.398469 0.000000
vt -1.225385 -0.367818 0.000000
vt -0.606539 -0.367818 0.000000
vt -1.225385 -0.337166 0.000000
vt -0.606539 -0.337166 0.000000
vt -1.225385 -0.306515 0.000000
vt -0.606539 -0.306515 0.000000
vt -1.225385 -0.275863 0.000000
vt -0.606539 -0.275863 0.000000
vt -1.225385 -0.245212 0.000000
vt -0.606539 -0.245212 0.000000
vt -1.225385 -0.214560 0.000000
vt -0.606539 -0.214560 0.000000
vt -1.225385 -0.183909 0.000000
vt -0.606539 -0.183909 0.000000
vt -1.225385 -0.153257 0.000000
vt -0.606539 -0.153257 0.000000
vt -1.225385 -0.122606 0.000000
vt -0.606539 -0.122606 0.000000
vt -1.225385 -0.091954 0.000000
vt -0.606539 -0.091954 0.000000
vt -1.225385 -0.061303 0.000000
vt -0.606539 -0.061303 0.000000
vt -1.225385 -0.030651 0.000000
vt -0.606539 -0.030651 0.000000
vt -1.225385 0.000000 0.000000
vt -0.606539 0.000000 0.000000
vt -1.225385 0.030651 0.000000
vt -0.606539 0.030651 0.000000
vt -1.225385 0.061303 0.000000
vt -0.606539 0.061303 0.000000
vt -1.225385 0.091954 0.000000
vt -0.606539 0.091954 0.000000
vt -1.225385 0.122606 0.000000
vt -0.606539 0.122606 0.000000
vt -1.225385 0.153257 0.000000
vt -0.606539 0.153257 0.000000
vt -1.225385 0.183909 0.000000
vt -0.606539 0.183909 0.000000
vt -1.225385 0.214560 0.000000
vt -0.606539 0.214560 0.000000
vt -1.225385 0.245212 0.000000
vt -0.606539 0.245212 0.000000
vt -1.225385 0.275863 0.000000
vt -0.606539 0.275863 0.000000
vt -1.225385 0.306515 0.000000
vt -0.606539 0.306515 0.000000
vt -1.225385 0.337166 0.000000
vt -0.606539 0.337166 0.000000
vt -1.225385 0.367818 0.000000
vt -0.606539 0.367818 0.000000
vt -1.225385 0.398469 0.000000
vt -0.606539 0.398469 0.000000
vt 1.250000 -0.429121 0.000000
vt 0.631154 -0.429121 0.000000
vt 1.250000 -0.459772 0.000000
vt 0.631154 -0.459772 0.000000
vt 1.250000 0.459772 0.000000
vt 0.631154 0.459772 0.000000
vt 1.250000 0.429121 0.000000
vt 0.631154 0.429121 0.000000
vt 1.250000 0.398469 0.000000
vt 0.631154 0.398469 0.000000
vt 1.250000 0.367818 0.000000
vt 0.631154 0.367818 0.000000
vt 1.250000 0.337166 0.000000
vt 0.631154 0.337166 0.000000
vt 1.250000 0.306515 0.000000
vt 0.631154 0.306515 0.000000
vt 1.250000 0.275863 0.000000
vt 0.631154 0.275863 0.000000
vt 1.250000 0.245212 0.000000
vt 0.631154 0.245212 0.000000
vt 1.250000 0.214560 0.000000
vt 0.631154 0.214560 0.000000
vt 1.250000 0.183909 0.000000
vt 0.631154 0.183909 0.000000
vt 1.250000 0.153257 0.000000
vt 0.631154 0.153257 0.000000
vt 1.250000 0.122606 0.000000
vt 0.631154 0.122606 0.000000
vt 1.250000 0.091954 0.000000
vt 0.631154 0.091954 0.000000
vt 1.250000 0.061303 0.000000
vt 0.631154 0.061303 0.000000
vt 1.250000 0.030651 0.000000
vt 0.631154 0.030651 0.000000
vt 1.250000 0.000000 0.000000
vt 0.631154 0.000000 0.000000
vt 1.250000 -0.030651 0.000000
vt 0.631154 -0.030651 0.000000
vt 1.250000 -0.061303 0.000000
vt 0.631154 -0.061303 0.000000
vt 1.250000 -0.091954 0.000000
vt 0.631154 -0.091954 0.000000
vt 1.250000 -0.122606 0.000000
vt 0.631154 -0.122606 0.000000
vt 1.250000 -0.153257 0.000000
vt 0.631154 -0.153257 0.000000
vt 1.250000 -0.183909 0.000000
vt 0.631154 -0.183909 0.000000
vt 1.250000 -0.214560 0.000000
vt 0.631154 -0.214560 0.000000
vt 1.250000 -0.245212 0.000000
vt 0.631154 -0.245212 0.000000
vt 1.250000 -0.275863 0.000000
vt 0.631154 -0.275863 0.000000
vt 1.250000 -0.306515 0.000000
vt 0.631154 -0.306515 0.000000
vt 1.250000 -0.337166 0.000000
vt 0.631154 -0.337166 0.000000
vt 1.250000 -0.367818 0.000000
vt 0.631154 -0.367818 0.000000
vt 1.250000 -0.398469 0.000000
vt 0.631154 -0.398469 0.000000
vt 0.012307 -0.459772 0.000000
vt 0.012307 -0.429121 0.000000
vt 0.012307 -0.398469 0.000000
vt 0.012307 -0.367818 0.000000
vt 0.012307 -0.337166 0.000000
vt 0.012307 -0.306515 0.000000
vt 0.012307 -0.275863 0.000000
vt 0.012307 -0.245212 0.000000
vt 0.012307 -0.214560 0.000000
vt 0.012307 -0.183909 0.000000
vt 0.012307 -0.153257 0.000000
vt 0.012307 -0.122606 0.000000
vt 0.012307 -0.091954 0.000000
vt 0.012307 -0.061303 0.000000
vt 0.012307 -0.030651 0.000000
vt 0.012307 0.000000 0.000000
vt 0.012307 0.030651 0.000000
vt 0.012307 0.061303 0.000000
vt 0.012307 0.091954 0.000000
vt 0.012307 0.122606 0.000000
vt 0.012307 0.153257 0.000000
vt 0.012307 0.183909 0.000000
vt 0.012307 0.214560 0.000000
vt 0.012307 0.245212 0.000000
vt 0.012307 0.275863 0.000000
vt 0.012307 0.306515 0.000000
vt 0.012307 0.337166 0.000000
vt 0.012307 0.367818 0.000000
vt 0.012307 0.398469 0.000000
vt 0.012307 0.429121 0.000000
vt 0.012307 0.459772 0.000000
vt 0.119328 0.000000 0.000000
vt 0.116111 0.027519 0.000000
vt 0.116111 -0.027519 0.000000
vt 0.106635 0.053554 0.000000
vt 0.106635 -0.053554 0.000000
vt 0.091410 0.076702 0.000000
vt 0.091410 -0.076702 0.000000
vt 0.071257 0.095715 0.000000
vt 0.071257 -0.095715 0.000000
vt 0.047263 0.109568 0.000000
vt 0.020721 0.117515 0.000000
vt -0.006938 0.119126 0.000000
vt -0.034224 0.114314 0.000000
vt -0.059664 0.103341 0.000000
vt -0.081887 0.086796 0.000000
vt -0.099697 0.065572 0.000000
vt -0.112131 0.040812 0.000000
vt -0.118521 0.013853 0.000000
vt -0.118521 -0.013853 0.000000
vt -0.112131 -0.040812 0.000000
vt -0.099697 -0.065572 0.000000
vt -0.081887 -0.086796 0.000000
vt 0.047263 -0.109568 0.000000
vt -0.059664 -0.103341 0.000000
vt -0.034224 -0.114314 0.000000
vt -0.006938 -0.119126 0.000000
vt 0.020721 -0.117515 0.000000
vt 0.121777 -0.041979 0.000000
vt 0.125000 0.000000 0.000000
vt -0.003650 0.000000 0.000000
vt 0.121777 0.041979 0.000000
vt -0.006848 0.030428 0.000000
vt 0.112184 0.082973 0.000000
vt -0.016303 0.059526 0.000000
vt 0.096446 0.122023 0.000000
vt -0.031600 0.086022 0.000000
vt 0.074931 0.158213 0.000000
vt 0.048143 0.190694 0.000000
vt -0.052073 0.108759 0.000000
vt 0.016712 0.218706 0.000000
vt -0.076825 0.126743 0.000000
vt -0.018627 0.241591 0.000000
vt -0.057045 0.258814 0.000000
vt -0.104775 0.139187 0.000000
vt -0.097642 0.269970 0.000000
vt -0.134702 0.145548 0.000000
vt -0.139467 0.274798 0.000000
vt -0.165298 0.145548 0.000000
vt -0.181538 0.273186 0.000000
vt -0.222870 0.265170 0.000000
vt -0.195225 0.139187 0.000000
vt -0.262494 0.250938 0.000000
vt -0.223175 0.126743 0.000000
vt -0.299481 0.230825 0.000000
vt -0.247927 0.108759 0.000000
vt -0.332965 0.205302 0.000000
vt -0.362160 0.174967 0.000000
vt -0.268400 0.086022 0.000000
vt -0.386382 0.140530 0.000000
vt -0.283697 0.059526 0.000000
vt -0.405063 0.102800 0.000000
vt -0.293152 0.030428 0.000000
vt -0.417766 0.062660 0.000000
vt -0.424193 0.021051 0.000000
vt -0.296350 0.000000 0.000000
vt -0.424193 -0.021051 0.000000
vt -0.293152 -0.030428 0.000000
vt -0.417766 -0.062660 0.000000
vt -0.405063 -0.102800 0.000000
vt -0.283697 -0.059526 0.000000
vt -0.386382 -0.140530 0.000000
vt -0.268400 -0.086022 0.000000
vt -0.362160 -0.174967 0.000000
vt -0.247927 -0.108759 0.000000
vt -0.332965 -0.205302 0.000000
vt -0.299481 -0.230825 0.000000
vt -0.223175 -0.126743 0.000000
vt -0.262494 -0.250938 0.000000
vt -0.195225 -0.139187 0.000000
vt -0.222870 -0.265170 0.000000
vt -0.165298 -0.145548 0.000000
vt -0.181538 -0.273186 0.000000
vt -0.139467 -0.274798 0.000000
vt -0.134702 -0.145548 0.000000
vt -0.097642 -0.269970 0.000000
vt -0.104775 -0.139187 0.000000
vt -0.057045 -0.258814 0.000000
vt -0.076825 -0.126743 0.000000
vt -0.018627 -0.241591 0.000000
vt 0.016712 -0.218706 0.000000
vt -0.052073 -0.108759 0.000000
vt 0.048143 -0.190694 0.000000
vt -0.031600 -0.086022 0.000000
vt 0.074931 -0.158213 0.000000
vt 0.096446 -0.122023 0.000000
vt -0.016303 -0.059526 0.000000
vt 0.112184 -0.082973 0.000000
vt -0.006848 -0.030428 0.000000
vn 65.869178 14.000926 73.927163
vn 66.885401 7.817782 73.927163
vn 67.340735 0.000000 73.927163
vn 66.885401 -7.817782 73.927163
vn 65.869178 -14.000926 73.927163
vn 63.279592 -23.031888 73.927163
vn 61.518823 -27.389945 73.927163
vn 56.262363 -37.004339 73.927163
vn 54.479799 -39.581891 73.927163
vn 46.212016 -48.981876 73.927163
vn 45.059747 -50.043919 73.927163
vn 33.670368 -58.318787 73.927163
vn 33.670368 -58.318787 73.927163
vn 20.809432 -64.044845 73.927163
vn 19.313541 -64.511718 73.927163
vn 7.039024 -66.971835 73.927163
vn 3.915516 -67.226805 73.927163
vn -7.039024 -66.971835 73.927163
vn -11.693596 -66.317678 73.927163
vn -20.809432 -64.044845 73.927163
vn -26.672303 -61.833348 73.927163
vn -33.670368 -58.318787 73.927163
vn -40.213099 -54.015565 73.927163
vn -45.059747 -50.043919 73.927163
vn -51.585996 -43.285790 73.927163
vn -54.479799 -39.581891 73.927163
vn -60.177879 -30.222467 73.927163
vn -61.518823 -27.389945 73.927163
vn -65.525557 -15.529842 73.927163
vn -65.869178 -14.000926 73.927163
vn -67.340735 0.000000 73.927163
vn -67.340735 0.000000 73.927163
vn -65.869178 14.000926 73.927163
vn -65.525557 15.529842 73.927163
vn -61.518823 27.389945 73.927163
vn -60.177879 30.222467 73.927163
vn -54.479799 39.581891 73.927163
vn -51.585996 43.285790 73.927163
vn -45.059747 50.043919 73.927163
vn -40.213099 54.015565 73.927163
vn -33.670368 58.318787 73.927163
vn -26.672303 61.833348 73.927163
vn -20.809432 64.044845 73.927163
vn -11.693596 66.317678 73.927163
vn -7.039024 66.971835 73.927163
vn 3.915516 67.226805 73.927163
vn 7.039024 66.971835 73.927163
vn 19.313541 64.511718 73.927163
vn 20.809432 64.044845 73.927163
vn 33.670368 58.318787 73.927163
vn 33.670368 58.318787 73.927163
vn 45.059747 50.043919 73.927163
vn 46.212016 48.981876 73.927163
vn 54.479799 39.581891 73.927163
vn 56.262363 37.004339 73.927163
vn 61.518823 27.389945 73.927163
vn 63.279592 23.031888 73.927163
vn -0.000000 -0.000000 -100.000000
vn -25.805962 -1.981240 -96.592583
vn -0.000000 -0.000000 -100.000000
vn -25.805962 1.981240 -96.592583
vn -0.000000 0.000000 -100.000000
vn -25.201092 5.897283 -96.592583
vn -0.000000 0.000000 -100.000000
vn -24.005530 9.675098 -96.592583
vn -0.000000 -0.000000 -100.000000
vn -22.247298 13.226137 -96.592583
vn -0.000000 0.000000 -100.000000
vn -19.967609 16.467166 -96.592583
vn -0.000000 0.000000 -100.000000
vn -17.219896 19.322219 -96.592583
vn -0.000000 0.000000 -100.000000
vn -14.068563 21.724376 -96.592583
vn -0.000000 0.000000 -100.000000
vn -10.587475 23.617331 -96.592583
vn -0.000000 0.000000 -100.000000
vn -6.858226 24.956717 -96.592583
vn -0.000000 -0.000000 -100.000000
vn -2.968225 25.711138 -96.592583
vn -0.000000 0.000000 -100.000000
vn 0.991348 25.862912 -96.592583
vn 4.927685 25.408481 -96.592583
vn 1.915137 49.963309 -86.602540
vn 9.519555 49.085416 -86.602540
vn 2.708412 70.658789 -70.710678
vn 13.462684 69.417261 -70.710678
vn 3.317114 86.538990 -50.000000
vn 16.488354 85.018434 -50.000000
vn 3.699760 96.521701 -25.881905
vn 18.390369 94.825742 -25.881905
vn 11.468343 99.340209 -0.000000
vn 26.498150 96.425350 0.000000
vn -25.201092 -5.897283 -96.592583
vn -0.000000 -0.000000 -100.000000
vn -24.005530 -9.675098 -96.592583
vn -0.000000 -0.000000 -100.000000
vn -22.247298 -13.226137 -96.592583
vn -0.000000 -0.000000 -100.000000
vn -19.967609 -16.467166 -96.592583
vn -0.000000 -0.000000 -100.000000
vn -17.219896 -19.322219 -96.592583
vn -0.000000 -0.000000 -100.000000
vn -14.068563 -21.724376 -96.592583
vn -0.000000 -0.000000 -100.000000
vn -10.587475 -23.617331 -96.592583
vn -0.000000 -0.000000 -100.000000
vn -6.858226 -24.956717 -96.592583
vn -0.000000 0.000000 -100.000000
vn -2.968225 -25.711138 -96.592583
vn -0.000000 -0.000000 -100.000000
vn 0.991348 -25.862912 -96.592583
vn 4.927685 -25.408481 -96.592583
vn 9.519555 -49.085416 -86.602540
vn 16.900844 -47.057002 -86.602540
vn 23.901403 -66.548651 -70.710678
vn 33.779892 -62.120197 -70.710678
vn 41.371750 -76.081393 -50.000000
vn 52.500661 -68.874383 -50.000000
vn 58.556878 -76.819392 -25.881905
vn 69.597042 -66.980436 -25.881905
vn 66.532570 -74.655322 0.000000
vn 77.148918 -63.624244 -0.000000
vn 79.005909 -55.571515 -25.881905
vn 85.956961 -51.101868 -0.000000
vn 86.562946 -42.860045 -25.881905
vn 92.750245 -37.381707 -0.000000
vn 92.091020 -29.143972 -25.881905
vn 97.369542 -22.785351 -0.000000
vn 95.460558 -14.744789 -25.881905
vn 99.706580 -7.654925 -0.000000
vn 96.592583 -0.000000 -25.881905
vn 99.706580 7.654925 -0.000000
vn 95.460558 14.744789 -25.881905
vn 97.369542 22.785351 -0.000000
vn 92.091020 29.143972 -25.881905
vn 92.750245 37.381707 -0.000000
vn 86.562946 42.860045 -25.881905
vn 85.956961 51.101868 -0.000000
vn 79.005909 55.571515 -25.881905
vn 77.148918 63.624244 -0.000000
vn 69.597042 66.980436 -25.881905
vn 66.532570 74.655322 0.000000
vn 58.556878 76.819392 -25.881905
vn 54.356755 83.936543 -0.000000
vn 46.144191 84.857767 -25.881905
vn 40.906864 91.250362 -0.000000
vn 32.649923 90.907148 -25.881905
vn -0.000000 0.000000 -100.000000
vn 8.748521 -24.358497 -96.592583
vn 23.885991 -43.925613 -86.602540
vn 42.866610 -56.235698 -70.710678
vn 62.399000 -60.053016 -50.000000
vn -0.000000 -0.000000 -100.000000
vn 12.364299 -22.737570 -96.592583
vn 30.311271 -39.764644 -86.602540
vn 50.948570 -49.033082 -70.710678
vn 70.834760 -49.824058 -50.000000
vn -0.000000 -0.000000 -100.000000
vn 15.690268 -20.583694 -96.592583
vn 36.026080 -34.671625 -86.602540
vn 57.836340 -40.681173 -70.710678
vn 77.610214 -38.427265 -50.000000
vn -0.000000 -0.000000 -100.000000
vn 18.648471 -17.947354 -96.592583
vn 40.896468 -28.765933 -86.602540
vn 63.368474 -31.375731 -70.710678
vn 82.566550 -26.129770 -50.000000
vn -0.000000 -0.000000 -100.000000
vn 21.169570 -14.890343 -96.592583
vn 44.808278 -22.185992 -86.602540
vn 67.415305 -21.334868 -70.710678
vn 85.587595 -13.219816 -50.000000
vn -0.000000 0.000000 -100.000000
vn 23.194471 -11.484314 -96.592583
vn 47.669820 -15.086030 -86.602540
vn 69.881979 -10.793934 -70.710678
vn 86.602540 -0.000000 -50.000000
vn -0.000000 0.000000 -100.000000
vn 24.675714 -7.809104 -96.592583
vn 49.414021 -7.632464 -86.602540
vn 70.710678 -0.000000 -70.710678
vn 85.587595 13.219816 -50.000000
vn -0.000000 -0.000000 -100.000000
vn 25.578580 -3.950854 -96.592583
vn 50.000000 -0.000000 -86.602540
vn 69.881979 10.793934 -70.710678
vn 82.566550 26.129770 -50.000000
vn -0.000000 0.000000 -100.000000
vn 25.881905 -0.000000 -96.592583
vn 49.414021 7.632464 -86.602540
vn 67.415305 21.334868 -70.710678
vn 77.610214 38.427265 -50.000000
vn -0.000000 0.000000 -100.000000
vn 25.578580 3.950854 -96.592583
vn 47.669820 15.086030 -86.602540
vn 63.368474 31.375731 -70.710678
vn 70.834760 49.824058 -50.000000
vn -0.000000 0.000000 -100.000000
vn 24.675714 7.809104 -96.592583
vn 44.808278 22.185992 -86.602540
vn 57.836340 40.681173 -70.710678
vn 62.399000 60.053016 -50.000000
vn -0.000000 -0.000000 -100.000000
vn 23.194471 11.484314 -96.592583
vn 40.896468 28.765933 -86.602540
vn 50.948570 49.033082 -70.710678
vn 52.500661 68.874383 -50.000000
vn -0.000000 0.000000 -100.000000
vn 21.169570 14.890343 -96.592583
vn 36.026080 34.671625 -86.602540
vn 42.866610 56.235698 -70.710678
vn 41.371750 76.081393 -50.000000
vn -0.000000 -0.000000 -100.000000
vn 18.648471 17.947354 -96.592583
vn 30.311271 39.764644 -86.602540
vn 33.779892 62.120197 -70.710678
vn 29.273120 81.505119 -50.000000
vn -0.000000 -0.000000 -100.000000
vn 15.690268 20.583694 -96.592583
vn 23.885991 43.925613 -86.602540
vn 23.901403 66.548651 -70.710678
vn -0.000000 0.000000 -100.000000
vn 12.364299 22.737570 -96.592583
vn 16.900844 47.057002 -86.602540
vn -0.000000 0.000000 -100.000000
vn 8.748521 24.358497 -96.592583
vn -0.000000 -0.000000 -100.000000
vn -98.828042 15.264928 0.000000
vn -96.309161 7.394090 -25.881905
vn -100.000000 0.000000 0.000000
vn -96.309161 -7.394090 -25.881905
vn -98.828042 -15.264928 0.000000
vn -94.051756 -22.008959 -25.881905
vn -95.339639 -30.172060 0.000000
vn -89.589857 -36.107956 -25.881905
vn -89.616556 -44.371984 0.000000
vn -83.028048 -49.360614 -25.881905
vn -81.792936 -57.531866 0.000000
vn -74.520132 -61.456301 -25.881905
vn -72.052159 -69.343250 0.000000
vn -64.265528 -72.111504 -25.881905
vn -60.622541 -79.529287 0.000000
vn -52.504593 -81.076474 -25.881905
vn -47.771982 -87.851225 0.000000
vn -39.512996 -88.141081 -25.881905
vn -33.801688 -94.114005 0.000000
vn -25.595248 -93.139735 -25.881905
vn -19.039111 -98.170832 0.000000
vn -11.077568 -95.955273 -25.881905
vn -3.830273 -99.926618 -0.000000
vn 3.699760 -96.521701 -25.881905
vn 11.468343 -99.340209 -0.000000
vn 18.390369 -94.825742 -25.881905
vn 26.498150 -96.425350 0.000000
vn 32.649923 -90.907148 -25.881905
vn 40.906864 -91.250362 -0.000000
vn 46.144191 -84.857767 -25.881905
vn 54.356755 -83.936543 -0.000000
vn -94.051756 22.008959 -25.881905
vn -95.339639 30.172060 0.000000
vn -89.589857 36.107956 -25.881905
vn -89.616556 44.371984 0.000000
vn -83.028048 49.360614 -25.881905
vn -81.792936 57.531866 0.000000
vn -74.520132 61.456301 -25.881905
vn -72.052159 69.343250 0.000000
vn -64.265528 72.111504 -25.881905
vn -60.622541 79.529287 0.000000
vn -52.504593 81.076474 -25.881905
vn -47.771982 87.851225 0.000000
vn -39.512996 88.141081 -25.881905
vn -33.801688 94.114005 0.000000
vn -25.595248 93.139735 -25.881905
vn -19.039111 98.170832 0.000000
vn -11.077568 95.955273 -25.881905
vn -3.830273 99.926618 -0.000000
vn -49.853290 -3.827463 -86.602540
vn -49.853290 3.827463 -86.602540
vn -48.684771 11.392675 -86.602540
vn -46.375123 18.690854 -86.602540
vn -42.978480 25.550934 -86.602540
vn -38.574459 31.812122 -86.602540
vn -33.266285 37.327661 -86.602540
vn -27.178378 41.968271 -86.602540
vn -20.453432 45.625181 -86.602540
vn -13.249075 48.212675 -86.602540
vn -5.734171 49.670104 -86.602540
vn -70.503199 -5.412850 -70.710678
vn -70.503199 5.412850 -70.710678
vn -68.850664 16.111676 -70.710678
vn -65.584327 26.432859 -70.710678
vn -60.780750 36.134477 -70.710678
vn -54.552523 44.989135 -70.710678
vn -47.045631 52.789285 -70.710678
vn -38.436030 59.352098 -70.710678
vn -28.925521 64.523750 -70.710678
vn -18.737022 68.183019 -70.710678
vn -8.109343 70.244135 -70.710678
vn -48.684771 -11.392675 -86.602540
vn -46.375123 -18.690854 -86.602540
vn -42.978480 -25.550934 -86.602540
vn -38.574459 -31.812122 -86.602540
vn -33.266285 -37.327661 -86.602540
vn -27.178378 -41.968271 -86.602540
vn -20.453432 -45.625181 -86.602540
vn -13.249075 -48.212675 -86.602540
vn -5.734171 -49.670104 -86.602540
vn 1.915137 -49.963309 -86.602540
vn -86.348431 -6.629360 -50.000000
vn -86.348431 6.629360 -50.000000
vn -84.324497 19.732693 -50.000000
vn -80.324068 32.373508 -50.000000
vn -74.440912 44.255516 -50.000000
vn -66.812923 55.100212 -50.000000
vn -57.618896 64.653406 -50.000000
vn -47.074331 72.691178 -50.000000
vn -35.426383 79.025131 -50.000000
vn -22.948071 83.506802 -50.000000
vn -9.931876 86.031145 -50.000000
vn -68.850664 -16.111676 -70.710678
vn -65.584327 -26.432859 -70.710678
vn -60.780750 -36.134477 -70.710678
vn -54.552523 -44.989135 -70.710678
vn -47.045631 -52.789285 -70.710678
vn -38.436030 -59.352098 -70.710678
vn -28.925521 -64.523750 -70.710678
vn -18.737022 -68.183019 -70.710678
vn -8.109343 -70.244135 -70.710678
vn 2.708412 -70.658789 -70.710678
vn 13.462684 -69.417261 -70.710678
vn -84.324497 -19.732693 -50.000000
vn -80.324068 -32.373508 -50.000000
vn -74.440912 -44.255516 -50.000000
vn -66.812923 -55.100212 -50.000000
vn -57.618896 -64.653406 -50.000000
vn -47.074331 -72.691178 -50.000000
vn -35.426383 -79.025131 -50.000000
vn -22.948071 -83.506802 -50.000000
vn -9.931876 -86.031145 -50.000000
vn 3.317114 -86.538990 -50.000000
vn 16.488354 -85.018434 -50.000000
vn 29.273120 -81.505119 -50.000000
vn -0.000000 -0.000000 -100.000000
vn -0.000000 -0.000000 -100.000000
vn -0.000000 -0.000000 -100.000000
vn -0.000000 -0.000000 -100.000000
vn -0.000000 -0.000000 -100.000000
vn -0.000000 -0.000000 -100.000000
vn -98.828042 15.264928 0.000000
vn -100.000000 0.000000 0.000000
vn -98.828042 -15.264928 0.000000
vn -95.339639 -30.172060 0.000000
vn -89.616556 -44.371984 0.000000
vn -81.792936 -57.531866 0.000000
vn -72.052159 -69.343250 0.000000
vn -60.622541 -79.529287 0.000000
vn -47.771982 -87.851225 0.000000
vn -33.801688 -94.114005 0.000000
vn -19.039111 -98.170832 0.000000
vn -3.830273 -99.926618 0.000000
vn 11.468343 -99.340209 -0.000000
vn 26.498150 -96.425350 -0.000000
vn 40.906864 -91.250362 -0.000000
vn 54.356755 -83.936543 -0.000000
vn 66.532570 -74.655322 -0.000000
vn 77.148918 -63.624244 -0.000000
vn 85.956961 -51.101868 -0.000000
vn 92.750245 -37.381707 -0.000000
vn 97.369542 -22.785351 -0.000000
vn 99.706580 -7.654925 -0.000000
vn 99.706580 7.654925 -0.000000
vn 97.369542 22.785351 -0.000000
vn 92.750245 37.381707 -0.000000
vn 85.956961 51.101868 -0.000000
vn 77.148918 63.624244 -0.000000
vn 66.532570 74.655322 -0.000000
vn 54.356755 83.936543 -0.000000
vn 40.906864 91.250362 -0.000000
vn 26.498150 96.425350 -0.000000
vn 11.468343 99.340209 -0.000000
vn -3.830273 99.926618 0.000000
vn -19.039111 98.170832 0.000000
vn -33.801688 94.114005 0.000000
vn -47.771982 87.851225 0.000000
vn -60.622541 79.529287 0.000000
vn -72.052159 69.343250 0.000000
vn -81.792936 57.531866 0.000000
vn -89.616556 44.371984 0.000000
vn -95.339639 30.172060 0.000000
vn -4.357787 -7.547909 -99.619470
vn -4.357787 -7.547909 -99.619470
vn -4.357787 -7.547909 -99.619470
vn -8.715574 -0.000000 -99.619470
vn -8.715574 -0.000000 -99.619470
vn -8.715574 -0.000000 -99.619470
vn -4.357787 7.547909 -99.619470
vn -4.357787 7.547909 -99.619470
vn -4.357787 7.547909 -99.619470
vn 4.357787 7.547909 -99.619470
vn 4.357787 7.547909 -99.619470
vn 4.357787 7.547909 -99.619470
vn 8.715574 0.000000 -99.619470
vn 8.715574 0.000000 -99.619470
vn 8.715574 0.000000 -99.619470
vn 4.357787 -7.547909 -99.619470
vn 4.357787 -7.547909 -99.619470
vn 4.357787 -7.547909 -99.619470
vn -50.000000 -86.602540 0.000000
vn -50.000000 -86.602540 0.000000
vn -50.000000 -86.602540 0.000000
vn -50.000000 -86.602540 0.000000
vn -100.000000 0.000000 0.000000
vn -100.000000 0.000000 0.000000
vn -100.000000 0.000000 0.000000
vn -100.000000 0.000000 0.000000
vn -50.000000 86.602540 0.000000
vn -50.000000 86.602540 0.000000
vn -50.000000 86.602540 0.000000
vn -50.000000 86.602540 0.000000
vn 50.000000 86.602540 0.000000
vn 50.000000 86.602540 0.000000
vn 50.000000 86.602540 0.000000
vn 50.000000 86.602540 0.000000
vn 100.000000 0.000000 0.000000
vn 100.000000 0.000000 0.000000
vn 100.000000 0.000000 0.000000
vn 100.000000 0.000000 0.000000
vn 50.000000 -86.602540 0.000000
vn 50.000000 -86.602540 0.000000
vn 50.000000 -86.602540 0.000000
vn 50.000000 -86.602540 0.000000
vn 97.814760 -20.791169 -0.000000
vn 97.814760 -20.791169 -0.000000
vn 100.000000 -0.000000 -0.000000
vn 100.000000 -0.000000 -0.000000
vn 97.814760 20.791169 -0.000000
vn 97.814760 20.791169 -0.000000
vn 91.354546 40.673664 -0.000000
vn 91.354546 40.673664 -0.000000
vn 80.901699 58.778525 -0.000000
vn 80.901699 58.778525 -0.000000
vn 66.913061 74.314483 -0.000000
vn 66.913061 74.314483 -0.000000
vn 50.000000 86.602540 -0.000000
vn 50.000000 86.602540 -0.000000
vn 30.901699 95.105652 -0.000000
vn 30.901699 95.105652 -0.000000
vn 10.452846 99.452190 -0.000000
vn 10.452846 99.452190 -0.000000
vn -10.452846 99.452190 0.000000
vn -10.452846 99.452190 0.000000
vn -30.901699 95.105652 0.000000
vn -30.901699 95.105652 0.000000
vn -50.000000 86.602540 0.000000
vn -50.000000 86.602540 0.000000
vn -66.913061 74.314483 0.000000
vn -66.913061 74.314483 0.000000
vn -80.901699 58.778525 0.000000
vn -80.901699 58.778525 0.000000
vn -91.354546 40.673664 0.000000
vn -91.354546 40.673664 0.000000
vn -97.814760 20.791169 0.000000
vn -97.814760 20.791169 0.000000
vn -100.000000 0.000000 0.000000
vn -100.000000 0.000000 0.000000
vn -97.814760 -20.791169 0.000000
vn -97.814760 -20.791169 0.000000
vn -91.354546 -40.673664 0.000000
vn -91.354546 -40.673664 0.000000
vn -80.901699 -58.778525 0.000000
vn -80.901699 -58.778525 0.000000
vn -66.913061 -74.314483 0.000000
vn -66.913061 -74.314483 0.000000
vn -50.000000 -86.602540 0.000000
vn -50.000000 -86.602540 0.000000
vn -30.901699 -95.105652 0.000000
vn -30.901699 -95.105652 0.000000
vn -10.452846 -99.452190 0.000000
vn -10.452846 -99.452190 0.000000
vn 10.452846 -99.452190 -0.000000
vn 10.452846 -99.452190 -0.000000
vn 30.901699 -95.105652 -0.000000
vn 30.901699 -95.105652 -0.000000
vn 50.000000 -86.602540 -0.000000
vn 50.000000 -86.602540 -0.000000
vn 66.913061 -74.314483 -0.000000
vn 66.913061 -74.314483 -0.000000
vn 80.901699 -58.778525 -0.000000
vn 80.901699 -58.778525 -0.000000
vn 91.354546 -40.673664 -0.000000
vn 91.354546 -40.673664 -0.000000
vn 97.814760 20.791169 -0.000000
vn 97.814760 20.791169 -0.000000
vn 100.000000 0.000000 -0.000000
vn 100.000000 0.000000 -0.000000
vn 97.814760 -20.791169 -0.000000
vn 97.814760 -20.791169 -0.000000
vn 91.354546 -40.673664 -0.000000
vn 91.354546 -40.673664 -0.000000
vn 80.901699 -58.778525 -0.000000
vn 80.901699 -58.778525 -0.000000
vn 66.913061 -74.314483 -0.000000
vn 66.913061 -74.314483 -0.000000
vn 50.000000 -86.602540 -0.000000
vn 50.000000 -86.602540 -0.000000
vn 30.901699 -95.105652 -0.000000
vn 30.901699 -95.105652 -0.000000
vn 10.452846 -99.452190 -0.000000
vn 10.452846 -99.452190 -0.000000
vn -10.452846 -99.452190 0.000000
vn -10.452846 -99.452190 0.000000
vn -30.901699 -95.105652 0.000000
vn -30.901699 -95.105652 0.000000
vn -50.000000 -86.602540 0.000000
vn -50.000000 -86.602540 0.000000
vn -66.913061 -74.314483 0.000000
vn -66.913061 -74.314483 0.000000
vn -80.901699 -58.778525 0.000000
vn -80.901699 -58.778525 0.000000
vn -91.354546 -40.673664 0.000000
vn -91.354546 -40.673664 0.000000
vn -97.814760 -20.791169 0.000000
vn -97.814760 -20.791169 0.000000
vn -100.000000 0.000000 0.000000
vn -100.000000 0.000000 0.000000
vn -97.814760 20.791169 0.000000
vn -97.814760 20.791169 0.000000
vn -91.354546 40.673664 0.000000
vn -91.354546 40.673664 0.000000
vn -80.901699 58.778525 0.000000
vn -80.901699 58.778525 0.000000
vn -66.913061 74.314483 0.000000
vn -66.913061 74.314483 0.000000
vn -50.000000 86.602540 0.000000
vn -50.000000 86.602540 0.000000
vn -30.901699 95.105652 0.000000
vn -30.901699 95.105652 0.000000
vn -10.452846 99.452190 0.000000
vn -10.452846 99.452190 0.000000
vn 10.452846 99.452190 -0.000000
vn 10.452846 99.452190 -0.000000
vn 30.901699 95.105652 -0.000000
vn 30.901699 95.105652 -0.000000
vn 50.000000 86.602540 -0.000000
vn 50.000000 86.602540 -0.000000
vn 66.913061 74.314483 -0.000000
vn 66.913061 74.314483 -0.000000
vn 80.901699 58.778525 -0.000000
vn 80.901699 58.778525 -0.000000
vn 91.354546 40.673664 -0.000000
vn 91.354546 40.673664 -0.000000
vn 100.000000 0.000000 -0.000000
vn 97.814760 20.791169 -0.000000
vn 91.354546 40.673664 -0.000000
vn 80.901699 58.778525 -0.000000
vn 66.913061 74.314483 -0.000000
vn 50.000000 86.602540 -0.000000
vn 30.901699 95.105652 -0.000000
vn 10.452846 99.452190 -0.000000
vn -10.452846 99.452190 0.000000
vn -30.901699 95.105652 0.000000
vn -50.000000 86.602540 0.000000
vn -66.913061 74.314483 0.000000
vn -80.901699 58.778525 0.000000
vn -91.354546 40.673664 0.000000
vn -97.814760 20.791169 0.000000
vn -100.000000 0.000000 0.000000
vn -97.814760 -20.791169 0.000000
vn -91.354546 -40.673664 0.000000
vn -80.901699 -58.778525 0.000000
vn -66.913061 -74.314483 0.000000
vn -50.000000 -86.602540 0.000000
vn -30.901699 -95.105652 0.000000
vn -10.452846 -99.452190 0.000000
vn 10.452846 -99.452190 -0.000000
vn 30.901699 -95.105652 -0.000000
vn 50.000000 -86.602540 -0.000000
vn 66.913061 -74.314483 -0.000000
vn 80.901699 -58.778525 -0.000000
vn 91.354546 -40.673664 -0.000000
vn 97.814760 -20.791169 -0.000000
vn 0.000000 0.000000 100.000000
vn 0.000000 0.000000 100.000000
vn 0.000000 0.000000 100.000000
vn 0.000000 0.000000 100.000000
vn 0.000000 0.000000 100.000000
vn 0.000000 0.000000 100.000000
vn 0.000000 0.000000 100.000000
vn 0.000000 0.000000 100.000000
vn 0.000000 0.000000 100.000000
vn 0.000000 0.000000 100.000000
vn 0.000000 0.000000 100.000000
vn 0.000000 0.000000 100.000000
vn 0.000000 0.000000 100.000000
vn 0.000000 0.000000 100.000000
vn 0.000000 0.000000 100.000000
vn 0.000000 0.000000 100.000000
vn 0.000000 0.000000 100.000000
vn 0.000000 0.000000 100.000000
vn 0.000000 0.000000 100.000000
vn 0.000000 0.000000 100.000000
vn 0.000000 0.000000 100.000000
vn 0.000000 0.000000 100.000000
vn 0.000000 0.000000 100.000000
vn 0.000000 0.000000 100.000000
vn 0.000000 0.000000 100.000000
vn 0.000000 0.000000 100.000000
vn 0.000000 0.000000 100.000000
vn 0.000000 0.000000 100.000000
vn 0.000000 0.000000 100.000000
vn 0.000000 0.000000 100.000000
vn 0.000000 0.000000 100.000000
vn 0.000000 0.000000 100.000000
vn 0.000000 0.000000 100.000000
vn 0.000000 0.000000 100.000000
vn 0.000000 0.000000 100.000000
vn 0.000000 0.000000 100.000000
vn 0.000000 0.000000 100.000000
vn 0.000000 0.000000 100.000000
vn 0.000000 0.000000 100.000000
vn 0.000000 0.000000 100.000000
vn 0.000000 0.000000 100.000000
vn 0.000000 0.000000 100.000000
vn 0.000000 0.000000 100.000000
vn 0.000000 0.000000 100.000000
vn 0.000000 0.000000 100.000000
vn 0.000000 0.000000 100.000000
vn 0.000000 0.000000 100.000000
vn 0.000000 0.000000 100.000000
vn 0.000000 0.000000 100.000000
vn 0.000000 0.000000 100.000000
vn 0.000000 0.000000 100.000000
vn 0.000000 0.000000 100.000000
vn 0.000000 0.000000 100.000000
vn 0.000000 0.000000 100.000000
vn 0.000000 0.000000 100.000000
vn 0.000000 0.000000 100.000000
vn 0.000000 0.000000 100.000000
vn 0.000000 0.000000 100.000000
vn 0.000000 0.000000 100.000000
vn 0.000000 0.000000 100.000000
vn 0.000000 0.000000 100.000000
vn 0.000000 0.000000 100.000000
vn 0.000000 0.000000 100.000000
vn 0.000000 0.000000 100.000000
vn 0.000000 0.000000 100.000000
vn 0.000000 0.000000 100.000000
vn 0.000000 0.000000 100.000000
vn 0.000000 0.000000 100.000000
vn 0.000000 0.000000 100.000000
vn 0.000000 0.000000 100.000000
vn 0.000000 0.000000 100.000000
vn 0.000000 0.000000 100.000000
vn 0.000000 0.000000 100.000000
vn 0.000000 0.000000 100.000000
vn 0.000000 0.000000 100.000000
vn 0.000000 0.000000 100.000000
vn 0.000000 0.000000 100.000000
vn 0.000000 0.000000 100.000000
vn 0.000000 0.000000 100.000000
vn 0.000000 0.000000 100.000000
vn 0.000000 0.000000 100.000000
vn 0.000000 0.000000 100.000000
vn 0.000000 0.000000 100.000000
vn 0.000000 0.000000 100.000000
vn 0.000000 0.000000 100.000000
vn 0.000000 0.000000 100.000000
vn 0.000000 0.000000 100.000000
vn 0.000000 0.000000 100.000000
vn 0.000000 0.000000 100.000000
vn 0.000000 0.000000 100.000000
vn 0.000000 0.000000 100.000000
vn 0.000000 0.000000 100.000000
vn 0.000000 0.000000 100.000000
vn 0.000000 0.000000 100.000000
vn 0.000000 0.000000 100.000000
vn 0.000000 0.000000 100.000000
vn 0.000000 0.000000 100.000000
vn 0.000000 0.000000 100.000000
usemtl Steel_-_Satin
f 764/1268/1154 806/1269/1155 763/1270/1156
f 763/1271/1156 806/1272/1155 807/1273/1157
f 763/1271/1156 807/1273/1157 792/1274/1158
f 792/1274/1158 807/1273/1157 808/1275/1159
f 792/1274/1158 808/1275/1159 791/1276/1160
f 791/1276/1160 808/1275/1159 809/1277/1161
f 791/1276/1160 809/1277/1161 790/1278/1162
f 790/1278/1162 809/1277/1161 810/1279/1163
f 790/1278/1162 810/1279/1163 789/1280/1164
f 789/1280/1164 810/1279/1163 811/1281/1165
f 789/1280/1164 811/1281/1165 788/1282/1166
f 788/1282/1166 811/1281/1165 787/1283/1167
f 787/1283/1167 811/1281/1165 812/1284/1168
f 787/1283/1167 812/1284/1168 786/1285/1169
f 786/1285/1169 812/1284/1168 813/1286/1170
f 786/1285/1169 813/1286/1170 785/1287/1171
f 785/1287/1171 813/1286/1170 814/1288/1172
f 785/1287/1171 814/1288/1172 784/1289/1173
f 784/1289/1173 814/1288/1172 815/1290/1174
f 784/1289/1173 815/1290/1174 783/1291/1175
f 783/1291/1175 815/1290/1174 816/1292/1176
f 783/1291/1175 816/1292/1176 782/1293/1177
f 782/1293/1177 816/1292/1176 817/1294/1178
f 782/1293/1177 817/1294/1178 781/1295/1179
f 781/1295/1179 817/1294/1178 818/1296/1180
f 781/1295/1179 818/1296/1180 780/1297/1181
f 780/1297/1181 818/1296/1180 819/1298/1182
f 780/1297/1181 819/1298/1182 779/1299/1183
f 779/1299/1183 819/1298/1182 793/1300/1184
f 779/1299/1183 793/1300/1184 778/1301/1185
f 778/1301/1185 793/1300/1184 777/1302/1186
f 777/1302/1186 793/1300/1184 794/1303/1187
f 777/1302/1186 794/1303/1187 776/1304/1188
f 776/1304/1188 794/1303/1187 795/1305/1189
f 776/1304/1188 795/1305/1189 775/1306/1190
f 775/1306/1190 795/1305/1189 796/1307/1191
f 775/1306/1190 796/1307/1191 774/1308/1192
f 774/1308/1192 796/1307/1191 797/1309/1193
f 774/1308/1192 797/1309/1193 773/1310/1194
f 773/1310/1194 797/1309/1193 798/1311/1195
f 773/1310/1194 798/1311/1195 772/1312/1196
f 772/1312/1196 798/1311/1195 799/1313/1197
f 772/1312/1196 799/1313/1197 771/1314/1198
f 771/1314/1198 799/1313/1197 800/1315/1199
f 771/1314/1198 800/1315/1199 770/1316/1200
f 770/1316/1200 800/1315/1199 801/1317/1201
f 770/1316/1200 801/1317/1201 769/1318/1202
f 769/1318/1202 801/1317/1201 802/1319/1203
f 769/1318/1202 802/1319/1203 768/1320/1204
f 768/1320/1204 802/1319/1203 767/1321/1205
f 767/1321/1205 802/1319/1203 803/1322/1206
f 767/1321/1205 803/1322/1206 766/1323/1207
f 766/1323/1207 803/1322/1206 804/1324/1208
f 766/1323/1207 804/1324/1208 765/1325/1209
f 765/1325/1209 804/1324/1208 805/1326/1210
f 765/1325/1209 805/1326/1210 764/1268/1154
f 764/1268/1154 805/1326/1210 806/1269/1155
f 821/1327/1211 907/1328/1212 820/1329/1213
f 820/1329/1213 907/1328/1212 916/1330/1214
f 820/1329/1213 916/1330/1214 858/1331/1215
f 858/1331/1215 916/1330/1214 1100/1332/1216
f 858/1331/1215 1100/1332/1216 857/1333/1217
f 857/1333/1217 1100/1332/1216 1095/1334/1218
f 857/1333/1217 1095/1334/1218 856/1335/1219
f 856/1335/1219 1095/1334/1218 1090/1336/1220
f 856/1335/1219 1090/1336/1220 855/1337/1221
f 855/1337/1221 1090/1336/1220 1085/1338/1222
f 855/1337/1221 1085/1338/1222 854/1339/1223
f 854/1339/1223 1085/1338/1222 1080/1340/1224
f 854/1339/1223 1080/1340/1224 853/1341/1225
f 853/1341/1225 1080/1340/1224 1075/1342/1226
f 853/1341/1225 1075/1342/1226 852/1343/1227
f 852/1343/1227 1075/1342/1226 1070/1344/1228
f 852/1343/1227 1070/1344/1228 851/1345/1229
f 851/1345/1229 1070/1344/1228 1061/1346/1230
f 851/1345/1229 1061/1346/1230 850/1347/1231
f 850/1347/1231 1061/1346/1230 905/1348/1232
f 850/1347/1231 905/1348/1232 849/1349/1233
f 849/1349/1233 905/1348/1232 1056/1350/1234
f 849/1349/1233 1056/1350/1234 1051/1351/1235
f 1051/1351/1235 1056/1350/1234 1057/1352/1236
f 1051/1351/1235 1057/1352/1236 1052/1353/1237
f 1052/1353/1237 1057/1352/1236 1058/1354/1238
f 1052/1353/1237 1058/1354/1238 1053/1355/1239
f 1053/1355/1239 1058/1354/1238 1059/1356/1240
f 1053/1355/1239 1059/1356/1240 1054/1357/1241
f 1054/1357/1241 1059/1356/1240 1060/1358/1242
f 1054/1357/1241 1060/1358/1242 1055/1359/1243
f 1055/1359/1243 1060/1358/1242 870/1360/1244
f 1055/1359/1243 870/1360/1244 871/1361/1245
f 907/1328/1212 821/1327/1211 917/1362/1246
f 917/1362/1246 821/1327/1211 822/1363/1247
f 917/1362/1246 822/1363/1247 922/1364/1248
f 922/1364/1248 822/1363/1247 823/1365/1249
f 922/1364/1248 823/1365/1249 927/1366/1250
f 927/1366/1250 823/1365/1249 824/1367/1251
f 927/1366/1250 824/1367/1251 932/1368/1252
f 932/1368/1252 824/1367/1251 825/1369/1253
f 932/1368/1252 825/1369/1253 937/1370/1254
f 937/1370/1254 825/1369/1253 826/1371/1255
f 937/1370/1254 826/1371/1255 942/1372/1256
f 942/1372/1256 826/1371/1255 827/1373/1257
f 942/1372/1256 827/1373/1257 947/1374/1258
f 947/1374/1258 827/1373/1257 828/1375/1259
f 947/1374/1258 828/1375/1259 952/1376/1260
f 952/1376/1260 828/1375/1259 829/1377/1261
f 952/1376/1260 829/1377/1261 906/1378/1262
f 906/1378/1262 829/1377/1261 830/1379/1263
f 906/1378/1262 830/1379/1263 970/1380/1264
f 970/1380/1264 830/1379/1263 961/1381/1265
f 970/1380/1264 961/1381/1265 962/1382/1266
f 962/1382/1266 961/1381/1265 972/1383/1267
f 962/1382/1266 972/1383/1267 973/1384/1268
f 973/1384/1268 972/1383/1267 978/1385/1269
f 973/1384/1268 978/1385/1269 979/1386/1270
f 979/1386/1270 978/1385/1269 984/1387/1271
f 979/1386/1270 984/1387/1271 985/1388/1272
f 985/1388/1272 984/1387/1271 990/1389/1273
f 985/1388/1272 990/1389/1273 885/1390/1274
f 885/1390/1274 990/1389/1273 884/1391/1275
f 884/1391/1275 990/1389/1273 995/1392/1276
f 884/1391/1275 995/1392/1276 883/1393/1277
f 883/1393/1277 995/1392/1276 1000/1394/1278
f 883/1393/1277 1000/1394/1278 882/1395/1279
f 882/1395/1279 1000/1394/1278 1005/1396/1280
f 882/1395/1279 1005/1396/1280 881/1397/1281
f 881/1397/1281 1005/1396/1280 1010/1398/1282
f 881/1397/1281 1010/1398/1282 880/1399/1283
f 880/1399/1283 1010/1398/1282 904/1400/1284
f 880/1399/1283 904/1400/1284 879/1401/1285
f 879/1402/1285 904/1403/1284 1015/1404/1286
f 879/1402/1285 1015/1404/1286 878/1405/1287
f 878/1405/1287 1015/1404/1286 1020/1406/1288
f 878/1405/1287 1020/1406/1288 877/1407/1289
f 877/1407/1289 1020/1406/1288 1025/1408/1290
f 877/1407/1289 1025/1408/1290 876/1409/1291
f 876/1409/1291 1025/1408/1290 1030/1410/1292
f 876/1409/1291 1030/1410/1292 875/1411/1293
f 875/1411/1293 1030/1410/1292 1035/1412/1294
f 875/1411/1293 1035/1412/1294 874/1413/1295
f 874/1413/1295 1035/1412/1294 1040/1414/1296
f 874/1413/1295 1040/1414/1296 873/1415/1297
f 873/1415/1297 1040/1414/1296 1045/1416/1298
f 873/1415/1297 1045/1416/1298 872/1417/1299
f 872/1417/1299 1045/1416/1298 1050/1418/1300
f 872/1417/1299 1050/1418/1300 871/1361/1245
f 871/1361/1245 1050/1418/1300 1055/1359/1243
f 830/1379/1263 831/1419/1301 961/1381/1265
f 961/1381/1265 831/1419/1301 971/1420/1302
f 961/1381/1265 971/1420/1302 972/1383/1267
f 972/1383/1267 971/1420/1302 977/1421/1303
f 972/1383/1267 977/1421/1303 978/1385/1269
f 978/1385/1269 977/1421/1303 983/1422/1304
f 978/1385/1269 983/1422/1304 984/1387/1271
f 984/1387/1271 983/1422/1304 989/1423/1305
f 984/1387/1271 989/1423/1305 990/1389/1273
f 990/1389/1273 989/1423/1305 995/1392/1276
f 831/1419/1301 832/1424/1306 971/1420/1302
f 971/1420/1302 832/1424/1306 976/1425/1307
f 971/1420/1302 976/1425/1307 977/1421/1303
f 977/1421/1303 976/1425/1307 982/1426/1308
f 977/1421/1303 982/1426/1308 983/1422/1304
f 983/1422/1304 982/1426/1308 988/1427/1309
f 983/1422/1304 988/1427/1309 989/1423/1305
f 989/1423/1305 988/1427/1309 994/1428/1310
f 989/1423/1305 994/1428/1310 995/1392/1276
f 995/1392/1276 994/1428/1310 1000/1394/1278
f 832/1424/1306 833/1429/1311 976/1425/1307
f 976/1425/1307 833/1429/1311 981/1430/1312
f 976/1425/1307 981/1430/1312 982/1426/1308
f 982/1426/1308 981/1430/1312 987/1431/1313
f 982/1426/1308 987/1431/1313 988/1427/1309
f 988/1427/1309 987/1431/1313 993/1432/1314
f 988/1427/1309 993/1432/1314 994/1428/1310
f 994/1428/1310 993/1432/1314 999/1433/1315
f 994/1428/1310 999/1433/1315 1000/1394/1278
f 1000/1394/1278 999/1433/1315 1005/1396/1280
f 833/1429/1311 834/1434/1316 981/1430/1312
f 981/1430/1312 834/1434/1316 986/1435/1317
f 981/1430/1312 986/1435/1317 987/1431/1313
f 987/1431/1313 986/1435/1317 992/1436/1318
f 987/1431/1313 992/1436/1318 993/1432/1314
f 993/1432/1314 992/1436/1318 998/1437/1319
f 993/1432/1314 998/1437/1319 999/1433/1315
f 999/1433/1315 998/1437/1319 1004/1438/1320
f 999/1433/1315 1004/1438/1320 1005/1396/1280
f 1005/1396/1280 1004/1438/1320 1010/1398/1282
f 834/1434/1316 835/1439/1321 986/1435/1317
f 986/1435/1317 835/1439/1321 991/1440/1322
f 986/1435/1317 991/1440/1322 992/1436/1318
f 992/1436/1318 991/1440/1322 997/1441/1323
f 992/1436/1318 997/1441/1323 998/1437/1319
f 998/1437/1319 997/1441/1323 1003/1442/1324
f 998/1437/1319 1003/1442/1324 1004/1438/1320
f 1004/1438/1320 1003/1442/1324 1009/1443/1325
f 1004/1438/1320 1009/1443/1325 1010/1398/1282
f 1010/1398/1282 1009/1443/1325 904/1400/1284
f 835/1439/1321 836/1444/1326 991/1440/1322
f 991/1440/1322 836/1444/1326 996/1445/1327
f 991/1440/1322 996/1445/1327 997/1441/1323
f 997/1441/1323 996/1445/1327 1002/1446/1328
f 997/1441/1323 1002/1446/1328 1003/1442/1324
f 1003/1442/1324 1002/1446/1328 1008/1447/1329
f 1003/1442/1324 1008/1447/1329 1009/1443/1325
f 1009/1443/1325 1008/1447/1329 903/1448/1330
f 1009/1443/1325 903/1448/1330 904/1400/1284
f 904/1403/1284 903/1449/1330 1015/1404/1286
f 836/1444/1326 837/1450/1331 996/1445/1327
f 996/1445/1327 837/1450/1331 1001/1451/1332
f 996/1445/1327 1001/1451/1332 1002/1446/1328
f 1002/1446/1328 1001/1451/1332 1007/1452/1333
f 1002/1446/1328 1007/1452/1333 1008/1447/1329
f 1008/1447/1329 1007/1452/1333 902/1453/1334
f 1008/1447/1329 902/1453/1334 903/1448/1330
f 903/1449/1330 902/1454/1334 1014/1455/1335
f 903/1449/1330 1014/1455/1335 1015/1404/1286
f 1015/1404/1286 1014/1455/1335 1020/1406/1288
f 837/1450/1331 838/1456/1336 1001/1451/1332
f 1001/1451/1332 838/1456/1336 1006/1457/1337
f 1001/1451/1332 1006/1457/1337 1007/1452/1333
f 1007/1452/1333 1006/1457/1337 901/1458/1338
f 1007/1452/1333 901/1458/1338 902/1453/1334
f 902/1454/1334 901/1459/1338 1013/1460/1339
f 902/1454/1334 1013/1460/1339 1014/1455/1335
f 1014/1455/1335 1013/1460/1339 1019/1461/1340
f 1014/1455/1335 1019/1461/1340 1020/1406/1288
f 1020/1406/1288 1019/1461/1340 1025/1408/1290
f 838/1456/1336 839/1462/1341 1006/1457/1337
f 1006/1457/1337 839/1462/1341 900/1463/1342
f 1006/1457/1337 900/1463/1342 901/1458/1338
f 901/1459/1338 900/1464/1342 1012/1465/1343
f 901/1459/1338 1012/1465/1343 1013/1460/1339
f 1013/1460/1339 1012/1465/1343 1018/1466/1344
f 1013/1460/1339 1018/1466/1344 1019/1461/1340
f 1019/1461/1340 1018/1466/1344 1024/1467/1345
f 1019/1461/1340 1024/1467/1345 1025/1408/1290
f 1025/1408/1290 1024/1467/1345 1030/1410/1292
f 839/1468/1341 840/1469/1346 900/1464/1342
f 900/1464/1342 840/1469/1346 1011/1470/1347
f 900/1464/1342 1011/1470/1347 1012/1465/1343
f 1012/1465/1343 1011/1470/1347 1017/1471/1348
f 1012/1465/1343 1017/1471/1348 1018/1466/1344
f 1018/1466/1344 1017/1471/1348 1023/1472/1349
f 1018/1466/1344 1023/1472/1349 1024/1467/1345
f 1024/1467/1345 1023/1472/1349 1029/1473/1350
f 1024/1467/1345 1029/1473/1350 1030/1410/1292
f 1030/1410/1292 1029/1473/1350 1035/1412/1294
f 840/1469/1346 841/1474/1351 1011/1470/1347
f 1011/1470/1347 841/1474/1351 1016/1475/1352
f 1011/1470/1347 1016/1475/1352 1017/1471/1348
f 1017/1471/1348 1016/1475/1352 1022/1476/1353
f 1017/1471/1348 1022/1476/1353 1023/1472/1349
f 1023/1472/1349 1022/1476/1353 1028/1477/1354
f 1023/1472/1349 1028/1477/1354 1029/1473/1350
f 1029/1473/1350 1028/1477/1354 1034/1478/1355
f 1029/1473/1350 1034/1478/1355 1035/1412/1294
f 1035/1412/1294 1034/1478/1355 1040/1414/1296
f 841/1474/1351 842/1479/1356 1016/1475/1352
f 1016/1475/1352 842/1479/1356 1021/1480/1357
f 1016/1475/1352 1021/1480/1357 1022/1476/1353
f 1022/1476/1353 1021/1480/1357 1027/1481/1358
f 1022/1476/1353 1027/1481/1358 1028/1477/1354
f 1028/1477/1354 1027/1481/1358 1033/1482/1359
f 1028/1477/1354 1033/1482/1359 1034/1478/1355
f 1034/1478/1355 1033/1482/1359 1039/1483/1360
f 1034/1478/1355 1039/1483/1360 1040/1414/1296
f 1040/1414/1296 1039/1483/1360 1045/1416/1298
f 842/1479/1356 843/1484/1361 1021/1480/1357
f 1021/1480/1357 843/1484/1361 1026/1485/1362
f 1021/1480/1357 1026/1485/1362 1027/1481/1358
f 1027/1481/1358 1026/1485/1362 1032/1486/1363
f 1027/1481/1358 1032/1486/1363 1033/1482/1359
f 1033/1482/1359 1032/1486/1363 1038/1487/1364
f 1033/1482/1359 1038/1487/1364 1039/1483/1360
f 1039/1483/1360 1038/1487/1364 1044/1488/1365
f 1039/1483/1360 1044/1488/1365 1045/1416/1298
f 1045/1416/1298 1044/1488/1365 1050/1418/1300
f 843/1484/1361 844/1489/1366 1026/1485/1362
f 1026/1485/1362 844/1489/1366 1031/1490/1367
f 1026/1485/1362 1031/1490/1367 1032/1486/1363
f 1032/1486/1363 1031/1490/1367 1037/1491/1368
f 1032/1486/1363 1037/1491/1368 1038/1487/1364
f 1038/1487/1364 1037/1491/1368 1043/1492/1369
f 1038/1487/1364 1043/1492/1369 1044/1488/1365
f 1044/1488/1365 1043/1492/1369 1049/1493/1370
f 1044/1488/1365 1049/1493/1370 1050/1418/1300
f 1050/1418/1300 1049/1493/1370 1055/1359/1243
f 844/1489/1366 845/1494/1371 1031/1490/1367
f 1031/1490/1367 845/1494/1371 1036/1495/1372
f 1031/1490/1367 1036/1495/1372 1037/1491/1368
f 1037/1491/1368 1036/1495/1372 1042/1496/1373
f 1037/1491/1368 1042/1496/1373 1043/1492/1369
f 1043/1492/1369 1042/1496/1373 1048/1497/1374
f 1043/1492/1369 1048/1497/1374 1049/1493/1370
f 1049/1493/1370 1048/1497/1374 1054/1357/1241
f 1049/1493/1370 1054/1357/1241 1055/1359/1243
f 845/1494/1371 846/1498/1375 1036/1495/1372
f 1036/1495/1372 846/1498/1375 1041/1499/1376
f 1036/1495/1372 1041/1499/1376 1042/1496/1373
f 1042/1496/1373 1041/1499/1376 1047/1500/1377
f 1042/1496/1373 1047/1500/1377 1048/1497/1374
f 1048/1497/1374 1047/1500/1377 1053/1355/1239
f 1048/1497/1374 1053/1355/1239 1054/1357/1241
f 846/1498/1375 847/1501/1378 1041/1499/1376
f 1041/1499/1376 847/1501/1378 1046/1502/1379
f 1041/1499/1376 1046/1502/1379 1047/1500/1377
f 1047/1500/1377 1046/1502/1379 1052/1353/1237
f 1047/1500/1377 1052/1353/1237 1053/1355/1239
f 847/1501/1378 848/1503/1380 1046/1502/1379
f 1046/1502/1379 848/1503/1380 1051/1351/1235
f 1046/1502/1379 1051/1351/1235 1052/1353/1237
f 848/1503/1380 849/1349/1233 1051/1351/1235
f 860/1504/1381 912/1505/1382 859/1506/1383
f 859/1506/1383 912/1505/1382 911/1507/1384
f 859/1506/1383 911/1507/1384 899/1508/1385
f 899/1508/1385 911/1507/1384 921/1509/1386
f 899/1508/1385 921/1509/1386 898/1510/1387
f 898/1510/1387 921/1509/1386 926/1511/1388
f 898/1510/1387 926/1511/1388 897/1512/1389
f 897/1512/1389 926/1511/1388 931/1513/1390
f 897/1512/1389 931/1513/1390 896/1514/1391
f 896/1514/1391 931/1513/1390 936/1515/1392
f 896/1514/1391 936/1515/1392 895/1516/1393
f 895/1516/1393 936/1515/1392 941/1517/1394
f 895/1516/1393 941/1517/1394 894/1518/1395
f 894/1518/1395 941/1517/1394 946/1519/1396
f 894/1518/1395 946/1519/1396 893/1520/1397
f 893/1520/1397 946/1519/1396 951/1521/1398
f 893/1520/1397 951/1521/1398 892/1522/1399
f 892/1522/1399 951/1521/1398 956/1523/1400
f 892/1522/1399 956/1523/1400 891/1524/1401
f 891/1524/1401 956/1523/1400 960/1525/1402
f 891/1524/1401 960/1525/1402 890/1526/1403
f 890/1526/1403 960/1525/1402 966/1527/1404
f 890/1526/1403 966/1527/1404 889/1528/1405
f 889/1528/1405 966/1527/1404 965/1529/1406
f 889/1528/1405 965/1529/1406 888/1530/1407
f 888/1530/1407 965/1529/1406 975/1531/1408
f 888/1530/1407 975/1531/1408 887/1532/1409
f 887/1532/1409 975/1531/1408 980/1533/1410
f 887/1532/1409 980/1533/1410 886/1534/1411
f 886/1534/1411 980/1533/1410 985/1388/1272
f 886/1534/1411 985/1388/1272 885/1390/1274
f 912/1505/1382 860/1504/1381 1104/1535/1412
f 1104/1535/1412 860/1504/1381 861/1536/1413
f 1104/1535/1412 861/1536/1413 1099/1537/1414
f 1099/1537/1414 861/1536/1413 862/1538/1415
f 1099/1537/1414 862/1538/1415 1094/1539/1416
f 1094/1539/1416 862/1538/1415 863/1540/1417
f 1094/1539/1416 863/1540/1417 1089/1541/1418
f 1089/1541/1418 863/1540/1417 864/1542/1419
f 1089/1541/1418 864/1542/1419 1084/1543/1420
f 1084/1543/1420 864/1542/1419 865/1544/1421
f 1084/1543/1420 865/1544/1421 1079/1545/1422
f 1079/1545/1422 865/1544/1421 866/1546/1423
f 1079/1545/1422 866/1546/1423 1074/1547/1424
f 1074/1547/1424 866/1546/1423 867/1548/1425
f 1074/1547/1424 867/1548/1425 1065/1549/1426
f 1065/1549/1426 867/1548/1425 868/1550/1427
f 1065/1549/1426 868/1550/1427 1066/1551/1428
f 1066/1551/1428 868/1550/1427 869/1552/1429
f 1066/1551/1428 869/1552/1429 1060/1358/1242
f 1060/1358/1242 869/1552/1429 870/1360/1244
f 907/1328/1212 908/1553/1430 916/1330/1214
f 916/1330/1214 908/1553/1430 915/1554/1431
f 916/1330/1214 915/1554/1431 1100/1332/1216
f 1100/1332/1216 915/1554/1431 1101/1555/1432
f 1100/1332/1216 1101/1555/1432 1095/1334/1218
f 1095/1334/1218 1101/1555/1432 1096/1556/1433
f 1095/1334/1218 1096/1556/1433 1090/1336/1220
f 1090/1336/1220 1096/1556/1433 1091/1557/1434
f 1090/1336/1220 1091/1557/1434 1085/1338/1222
f 1085/1338/1222 1091/1557/1434 1086/1558/1435
f 1085/1338/1222 1086/1558/1435 1080/1340/1224
f 1080/1340/1224 1086/1558/1435 1081/1559/1436
f 1080/1340/1224 1081/1559/1436 1075/1342/1226
f 1075/1342/1226 1081/1559/1436 1076/1560/1437
f 1075/1342/1226 1076/1560/1437 1070/1344/1228
f 1070/1344/1228 1076/1560/1437 1071/1561/1438
f 1070/1344/1228 1071/1561/1438 1061/1346/1230
f 1061/1346/1230 1071/1561/1438 1062/1562/1439
f 1061/1346/1230 1062/1562/1439 905/1348/1232
f 905/1348/1232 1062/1562/1439 1069/1563/1440
f 905/1348/1232 1069/1563/1440 1056/1350/1234
f 1056/1350/1234 1069/1563/1440 1057/1352/1236
f 908/1553/1430 909/1564/1441 915/1554/1431
f 915/1554/1431 909/1564/1441 914/1565/1442
f 915/1554/1431 914/1565/1442 1101/1555/1432
f 1101/1555/1432 914/1565/1442 1102/1566/1443
f 1101/1555/1432 1102/1566/1443 1096/1556/1433
f 1096/1556/1433 1102/1566/1443 1097/1567/1444
f 1096/1556/1433 1097/1567/1444 1091/1557/1434
f 1091/1557/1434 1097/1567/1444 1092/1568/1445
f 1091/1557/1434 1092/1568/1445 1086/1558/1435
f 1086/1558/1435 1092/1568/1445 1087/1569/1446
f 1086/1558/1435 1087/1569/1446 1081/1559/1436
f 1081/1559/1436 1087/1569/1446 1082/1570/1447
f 1081/1559/1436 1082/1570/1447 1076/1560/1437
f 1076/1560/1437 1082/1570/1447 1077/1571/1448
f 1076/1560/1437 1077/1571/1448 1071/1561/1438
f 1071/1561/1438 1077/1571/1448 1072/1572/1449
f 1071/1561/1438 1072/1572/1449 1062/1562/1439
f 1062/1562/1439 1072/1572/1449 1063/1573/1450
f 1062/1562/1439 1063/1573/1450 1069/1563/1440
f 1069/1563/1440 1063/1573/1450 1068/1574/1451
f 1069/1563/1440 1068/1574/1451 1057/1352/1236
f 1057/1352/1236 1068/1574/1451 1058/1354/1238
f 908/1553/1430 907/1328/1212 918/1575/1452
f 918/1575/1452 907/1328/1212 917/1362/1246
f 918/1575/1452 917/1362/1246 923/1576/1453
f 923/1576/1453 917/1362/1246 922/1364/1248
f 923/1576/1453 922/1364/1248 928/1577/1454
f 928/1577/1454 922/1364/1248 927/1366/1250
f 928/1577/1454 927/1366/1250 933/1578/1455
f 933/1578/1455 927/1366/1250 932/1368/1252
f 933/1578/1455 932/1368/1252 938/1579/1456
f 938/1579/1456 932/1368/1252 937/1370/1254
f 938/1579/1456 937/1370/1254 943/1580/1457
f 943/1580/1457 937/1370/1254 942/1372/1256
f 943/1580/1457 942/1372/1256 948/1581/1458
f 948/1581/1458 942/1372/1256 947/1374/1258
f 948/1581/1458 947/1374/1258 953/1582/1459
f 953/1582/1459 947/1374/1258 952/1376/1260
f 953/1582/1459 952/1376/1260 957/1583/1460
f 957/1583/1460 952/1376/1260 906/1378/1262
f 957/1583/1460 906/1378/1262 969/1584/1461
f 969/1584/1461 906/1378/1262 970/1380/1264
f 969/1584/1461 970/1380/1264 962/1382/1266
f 909/1564/1441 910/1585/1462 914/1565/1442
f 914/1565/1442 910/1585/1462 913/1586/1463
f 914/1565/1442 913/1586/1463 1102/1566/1443
f 1102/1566/1443 913/1586/1463 1103/1587/1464
f 1102/1566/1443 1103/1587/1464 1097/1567/1444
f 1097/1567/1444 1103/1587/1464 1098/1588/1465
f 1097/1567/1444 1098/1588/1465 1092/1568/1445
f 1092/1568/1445 1098/1588/1465 1093/1589/1466
f 1092/1568/1445 1093/1589/1466 1087/1569/1446
f 1087/1569/1446 1093/1589/1466 1088/1590/1467
f 1087/1569/1446 1088/1590/1467 1082/1570/1447
f 1082/1570/1447 1088/1590/1467 1083/1591/1468
f 1082/1570/1447 1083/1591/1468 1077/1571/1448
f 1077/1571/1448 1083/1591/1468 1078/1592/1469
f 1077/1571/1448 1078/1592/1469 1072/1572/1449
f 1072/1572/1449 1078/1592/1469 1073/1593/1470
f 1072/1572/1449 1073/1593/1470 1063/1573/1450
f 1063/1573/1450 1073/1593/1470 1064/1594/1471
f 1063/1573/1450 1064/1594/1471 1068/1574/1451
f 1068/1574/1451 1064/1594/1471 1067/1595/1472
f 1068/1574/1451 1067/1595/1472 1058/1354/1238
f 1058/1354/1238 1067/1595/1472 1059/1356/1240
f 909/1564/1441 908/1553/1430 919/1596/1473
f 919/1596/1473 908/1553/1430 918/1575/1452
f 919/1596/1473 918/1575/1452 924/1597/1474
f 924/1597/1474 918/1575/1452 923/1576/1453
f 924/1597/1474 923/1576/1453 929/1598/1475
f 929/1598/1475 923/1576/1453 928/1577/1454
f 929/1598/1475 928/1577/1454 934/1599/1476
f 934/1599/1476 928/1577/1454 933/1578/1455
f 934/1599/1476 933/1578/1455 939/1600/1477
f 939/1600/1477 933/1578/1455 938/1579/1456
f 939/1600/1477 938/1579/1456 944/1601/1478
f 944/1601/1478 938/1579/1456 943/1580/1457
f 944/1601/1478 943/1580/1457 949/1602/1479
f 949/1602/1479 943/1580/1457 948/1581/1458
f 949/1602/1479 948/1581/1458 954/1603/1480
f 954/1603/1480 948/1581/1458 953/1582/1459
f 954/1603/1480 953/1582/1459 958/1604/1481
f 958/1604/1481 953/1582/1459 957/1583/1460
f 958/1604/1481 957/1583/1460 968/1605/1482
f 968/1605/1482 957/1583/1460 969/1584/1461
f 968/1605/1482 969/1584/1461 963/1606/1483
f 963/1606/1483 969/1584/1461 962/1382/1266
f 963/1606/1483 962/1382/1266 973/1384/1268
f 910/1585/1462 911/1507/1384 913/1586/1463
f 913/1586/1463 911/1507/1384 912/1505/1382
f 913/1586/1463 912/1505/1382 1103/1587/1464
f 1103/1587/1464 912/1505/1382 1104/1535/1412
f 1103/1587/1464 1104/1535/1412 1098/1588/1465
f 1098/1588/1465 1104/1535/1412 1099/1537/1414
f 1098/1588/1465 1099/1537/1414 1093/1589/1466
f 1093/1589/1466 1099/1537/1414 1094/1539/1416
f 1093/1589/1466 1094/1539/1416 1088/1590/1467
f 1088/1590/1467 1094/1539/1416 1089/1541/1418
f 1088/1590/1467 1089/1541/1418 1083/1591/1468
f 1083/1591/1468 1089/1541/1418 1084/1543/1420
f 1083/1591/1468 1084/1543/1420 1078/1592/1469
f 1078/1592/1469 1084/1543/1420 1079/1545/1422
f 1078/1592/1469 1079/1545/1422 1073/1593/1470
f 1073/1593/1470 1079/1545/1422 1074/1547/1424
f 1073/1593/1470 1074/1547/1424 1064/1594/1471
f 1064/1594/1471 1074/1547/1424 1065/1549/1426
f 1064/1594/1471 1065/1549/1426 1067/1595/1472
f 1067/1595/1472 1065/1549/1426 1066/1551/1428
f 1067/1595/1472 1066/1551/1428 1059/1356/1240
f 1059/1356/1240 1066/1551/1428 1060/1358/1242
f 910/1585/1462 909/1564/1441 920/1607/1484
f 920/1607/1484 909/1564/1441 919/1596/1473
f 920/1607/1484 919/1596/1473 925/1608/1485
f 925/1608/1485 919/1596/1473 924/1597/1474
f 925/1608/1485 924/1597/1474 930/1609/1486
f 930/1609/1486 924/1597/1474 929/1598/1475
f 930/1609/1486 929/1598/1475 935/1610/1487
f 935/1610/1487 929/1598/1475 934/1599/1476
f 935/1610/1487 934/1599/1476 940/1611/1488
f 940/1611/1488 934/1599/1476 939/1600/1477
f 940/1611/1488 939/1600/1477 945/1612/1489
f 945/1612/1489 939/1600/1477 944/1601/1478
f 945/1612/1489 944/1601/1478 950/1613/1490
f 950/1613/1490 944/1601/1478 949/1602/1479
f 950/1613/1490 949/1602/1479 955/1614/1491
f 955/1614/1491 949/1602/1479 954/1603/1480
f 955/1614/1491 954/1603/1480 959/1615/1492
f 959/1615/1492 954/1603/1480 958/1604/1481
f 959/1615/1492 958/1604/1481 967/1616/1493
f 967/1616/1493 958/1604/1481 968/1605/1482
f 967/1616/1493 968/1605/1482 964/1617/1494
f 964/1617/1494 968/1605/1482 963/1606/1483
f 964/1617/1494 963/1606/1483 974/1618/1495
f 974/1618/1495 963/1606/1483 973/1384/1268
f 974/1618/1495 973/1384/1268 979/1386/1270
f 911/1507/1384 910/1585/1462 921/1509/1386
f 921/1509/1386 910/1585/1462 920/1607/1484
f 921/1509/1386 920/1607/1484 926/1511/1388
f 926/1511/1388 920/1607/1484 925/1608/1485
f 926/1511/1388 925/1608/1485 931/1513/1390
f 931/1513/1390 925/1608/1485 930/1609/1486
f 931/1513/1390 930/1609/1486 936/1515/1392
f 936/1515/1392 930/1609/1486 935/1610/1487
f 936/1515/1392 935/1610/1487 941/1517/1394
f 941/1517/1394 935/1610/1487 940/1611/1488
f 941/1517/1394 940/1611/1488 946/1519/1396
f 946/1519/1396 940/1611/1488 945/1612/1489
f 946/1519/1396 945/1612/1489 951/1521/1398
f 951/1521/1398 945/1612/1489 950/1613/1490
f 951/1521/1398 950/1613/1490 956/1523/1400
f 956/1523/1400 950/1613/1490 955/1614/1491
f 956/1523/1400 955/1614/1491 960/1525/1402
f 960/1525/1402 955/1614/1491 959/1615/1492
f 960/1525/1402 959/1615/1492 966/1527/1404
f 966/1527/1404 959/1615/1492 967/1616/1493
f 966/1527/1404 967/1616/1493 965/1529/1406
f 965/1529/1406 967/1616/1493 964/1617/1494
f 965/1529/1406 964/1617/1494 975/1531/1408
f 975/1531/1408 964/1617/1494 974/1618/1495
f 975/1531/1408 974/1618/1495 980/1533/1410
f 980/1533/1410 974/1618/1495 979/1386/1270
f 980/1533/1410 979/1386/1270 985/1388/1272
f 1106/1619/1496 846/1620/1375 1105/1621/1497
f 1105/1621/1497 846/1620/1375 845/1622/1371
f 1105/1621/1497 845/1622/1371 844/1623/1366
f 1107/1624/1498 852/1625/1227 1106/1619/1496
f 1106/1619/1496 852/1625/1227 851/1626/1229
f 1106/1619/1496 851/1626/1229 850/1627/1231
f 1108/1628/1499 820/1629/1213 1107/1624/1498
f 1107/1624/1498 820/1629/1213 858/1630/1215
f 1107/1624/1498 858/1630/1215 857/1631/1217
f 1109/1632/1500 827/1633/1257 1108/1628/1499
f 1108/1628/1499 827/1633/1257 826/1634/1255
f 1108/1628/1499 826/1634/1255 825/1635/1253
f 1110/1636/1501 833/1637/1311 1109/1632/1500
f 1109/1632/1500 833/1637/1311 832/1638/1306
f 1109/1632/1500 832/1638/1306 831/1639/1301
f 1105/1621/1497 839/1640/1341 1110/1636/1501
f 1110/1636/1501 839/1640/1341 838/1641/1336
f 1110/1636/1501 838/1641/1336 837/1642/1331
f 857/1631/1217 856/1643/1219 1107/1624/1498
f 1107/1624/1498 856/1643/1219 855/1644/1221
f 1107/1624/1498 855/1644/1221 854/1645/1223
f 854/1645/1223 853/1646/1225 1107/1624/1498
f 1107/1624/1498 853/1646/1225 852/1625/1227
f 850/1627/1231 849/1647/1233 1106/1619/1496
f 1106/1619/1496 849/1647/1233 848/1648/1380
f 1106/1619/1496 848/1648/1380 847/1649/1378
f 847/1649/1378 846/1620/1375 1106/1619/1496
f 844/1623/1366 843/1650/1361 1105/1621/1497
f 1105/1621/1497 843/1650/1361 842/1651/1356
f 1105/1621/1497 842/1651/1356 841/1652/1351
f 841/1652/1351 840/1653/1346 1105/1621/1497
f 1105/1621/1497 840/1653/1346 839/1640/1341
f 837/1642/1331 836/1654/1326 1110/1636/1501
f 1110/1636/1501 836/1654/1326 835/1655/1321
f 1110/1636/1501 835/1655/1321 834/1656/1316
f 834/1656/1316 833/1637/1311 1110/1636/1501
f 831/1639/1301 830/1657/1263 1109/1632/1500
f 1109/1632/1500 830/1657/1263 829/1658/1261
f 1109/1632/1500 829/1658/1261 828/1659/1259
f 828/1659/1259 827/1633/1257 1109/1632/1500
f 825/1635/1253 824/1660/1251 1108/1628/1499
f 1108/1628/1499 824/1660/1251 823/1661/1249
f 1108/1628/1499 823/1661/1249 822/1662/1247
f 822/1662/1247 821/1663/1211 1108/1628/1499
f 1108/1628/1499 821/1663/1211 820/1629/1213
f 1112/1664/1502 859/1665/1383 1111/1666/1503
f 1111/1666/1503 859/1665/1383 899/1667/1385
f 1111/1666/1503 899/1667/1385 1151/1668/1504
f 1151/1668/1504 899/1667/1385 898/1669/1387
f 1151/1668/1504 898/1669/1387 1150/1670/1505
f 1150/1670/1505 898/1669/1387 897/1671/1389
f 1150/1670/1505 897/1671/1389 1149/1672/1506
f 1149/1672/1506 897/1671/1389 896/1673/1391
f 1149/1672/1506 896/1673/1391 1148/1674/1507
f 1148/1674/1507 896/1673/1391 895/1675/1393
f 1148/1674/1507 895/1675/1393 1147/1676/1508
f 1147/1676/1508 895/1675/1393 894/1677/1395
f 1147/1676/1508 894/1677/1395 1146/1678/1509
f 1146/1678/1509 894/1677/1395 893/1679/1397
f 1146/1678/1509 893/1679/1397 1145/1680/1510
f 1145/1680/1510 893/1679/1397 892/1681/1399
f 1145/1680/1510 892/1681/1399 1144/1682/1511
f 1144/1682/1511 892/1681/1399 891/1683/1401
f 1144/1682/1511 891/1683/1401 1143/1684/1512
f 1143/1684/1512 891/1683/1401 890/1685/1403
f 1143/1684/1512 890/1685/1403 1142/1686/1513
f 1142/1686/1513 890/1685/1403 889/1687/1405
f 1142/1686/1513 889/1687/1405 1141/1688/1514
f 1141/1688/1514 889/1687/1405 888/1689/1407
f 1141/1688/1514 888/1689/1407 1140/1690/1515
f 1140/1690/1515 888/1689/1407 887/1691/1409
f 1140/1690/1515 887/1691/1409 1139/1692/1516
f 1139/1692/1516 887/1691/1409 886/1693/1411
f 1139/1692/1516 886/1693/1411 1138/1694/1517
f 1138/1694/1517 886/1693/1411 885/1695/1274
f 1138/1694/1517 885/1695/1274 1137/1696/1518
f 1137/1696/1518 885/1695/1274 884/1697/1275
f 1137/1696/1518 884/1697/1275 1136/1698/1519
f 1136/1698/1519 884/1697/1275 883/1699/1277
f 1136/1698/1519 883/1699/1277 1135/1700/1520
f 1135/1700/1520 883/1699/1277 882/1701/1279
f 1135/1700/1520 882/1701/1279 1134/1702/1521
f 1134/1702/1521 882/1701/1279 881/1703/1281
f 1134/1702/1521 881/1703/1281 1133/1704/1522
f 1133/1704/1522 881/1703/1281 880/1705/1283
f 1133/1704/1522 880/1705/1283 1132/1706/1523
f 1132/1707/1523 880/1708/1283 879/1709/1285
f 1132/1707/1523 879/1709/1285 1131/1710/1524
f 1131/1710/1524 879/1709/1285 878/1711/1287
f 1131/1710/1524 878/1711/1287 1130/1712/1525
f 1130/1712/1525 878/1711/1287 877/1713/1289
f 1130/1712/1525 877/1713/1289 1129/1714/1526
f 1129/1714/1526 877/1713/1289 876/1715/1291
f 1129/1714/1526 876/1715/1291 1128/1716/1527
f 1128/1716/1527 876/1715/1291 875/1717/1293
f 1128/1716/1527 875/1717/1293 1127/1718/1528
f 1127/1718/1528 875/1717/1293 874/1719/1295
f 1127/1718/1528 874/1719/1295 1126/1720/1529
f 1126/1720/1529 874/1719/1295 873/1721/1297
f 1126/1720/1529 873/1721/1297 1125/1722/1530
f 1125/1722/1530 873/1721/1297 872/1723/1299
f 1125/1722/1530 872/1723/1299 1124/1724/1531
f 1124/1724/1531 872/1723/1299 871/1725/1245
f 1124/1724/1531 871/1725/1245 1123/1726/1532
f 1123/1726/1532 871/1725/1245 870/1727/1244
f 1123/1726/1532 870/1727/1244 1122/1728/1533
f 1122/1728/1533 870/1727/1244 869/1729/1429
f 1122/1728/1533 869/1729/1429 1121/1730/1534
f 1121/1730/1534 869/1729/1429 868/1731/1427
f 1121/1730/1534 868/1731/1427 1120/1732/1535
f 1120/1732/1535 868/1731/1427 867/1733/1425
f 1120/1732/1535 867/1733/1425 1119/1734/1536
f 1119/1734/1536 867/1733/1425 866/1735/1423
f 1119/1734/1536 866/1735/1423 1118/1736/1537
f 1118/1736/1537 866/1735/1423 865/1737/1421
f 1118/1736/1537 865/1737/1421 1117/1738/1538
f 1117/1738/1538 865/1737/1421 864/1739/1419
f 1117/1738/1538 864/1739/1419 1116/1740/1539
f 1116/1740/1539 864/1739/1419 863/1741/1417
f 1116/1740/1539 863/1741/1417 1115/1742/1540
f 1115/1742/1540 863/1741/1417 862/1743/1415
f 1115/1742/1540 862/1743/1415 1114/1744/1541
f 1114/1744/1541 862/1743/1415 861/1745/1413
f 1114/1744/1541 861/1745/1413 1113/1746/1542
f 1113/1746/1542 861/1745/1413 860/1747/1381
f 1113/1746/1542 860/1747/1381 1112/1664/1502
f 1112/1664/1502 860/1747/1381 859/1665/1383
f 1152/1748/1543 1153/1749/1544 1154/1750/1545
f 1152/1748/1546 1154/1751/1547 1155/1752/1548
f 1152/1753/1549 1155/1754/1550 1156/1755/1551
f 1152/1753/1552 1156/1756/1553 1157/1757/1554
f 1152/1758/1555 1157/1759/1556 1158/1760/1557
f 1152/1758/1558 1158/1761/1559 1153/1762/1560
f 1106/1763/1561 1105/1764/1562 1153/1765/1563
f 1153/1765/1563 1105/1764/1562 1154/1766/1564
f 1105/1767/1565 1110/1768/1566 1154/1769/1567
f 1154/1769/1567 1110/1768/1566 1155/1770/1568
f 1110/1771/1569 1109/1772/1570 1155/1773/1571
f 1155/1773/1571 1109/1772/1570 1156/1774/1572
f 1109/1775/1573 1108/1776/1574 1156/1777/1575
f 1156/1777/1575 1108/1776/1574 1157/1778/1576
f 1108/1779/1577 1107/1780/1578 1157/1781/1579
f 1157/1781/1579 1107/1780/1578 1158/1782/1580
f 1107/1783/1581 1106/1784/1582 1158/1785/1583
f 1158/1785/1583 1106/1784/1582 1153/1786/1584
f 792/1787/1585 1192/1788/1586 763/1789/1587
f 763/1789/1587 1192/1788/1586 1189/1790/1588
f 763/1791/1587 1189/1792/1588 764/1793/1589
f 764/1793/1589 1189/1792/1588 1276/1794/1590
f 764/1793/1589 1276/1794/1590 765/1795/1591
f 765/1795/1591 1276/1794/1590 1273/1796/1592
f 765/1795/1591 1273/1796/1592 766/1797/1593
f 766/1797/1593 1273/1796/1592 1270/1798/1594
f 766/1797/1593 1270/1798/1594 767/1799/1595
f 767/1799/1595 1270/1798/1594 1267/1800/1596
f 767/1799/1595 1267/1800/1596 768/1801/1597
f 768/1801/1597 1267/1800/1596 1264/1802/1598
f 768/1801/1597 1264/1802/1598 769/1803/1599
f 769/1803/1599 1264/1802/1598 1261/1804/1600
f 769/1803/1599 1261/1804/1600 770/1805/1601
f 770/1805/1601 1261/1804/1600 1258/1806/1602
f 770/1805/1601 1258/1806/1602 771/1807/1603
f 771/1807/1603 1258/1806/1602 1255/1808/1604
f 771/1807/1603 1255/1808/1604 772/1809/1605
f 772/1809/1605 1255/1808/1604 1252/1810/1606
f 772/1809/1605 1252/1810/1606 773/1811/1607
f 773/1811/1607 1252/1810/1606 1249/1812/1608
f 773/1811/1607 1249/1812/1608 774/1813/1609
f 774/1813/1609 1249/1812/1608 1246/1814/1610
f 774/1813/1609 1246/1814/1610 775/1815/1611
f 775/1815/1611 1246/1814/1610 1243/1816/1612
f 775/1815/1611 1243/1816/1612 776/1817/1613
f 776/1817/1613 1243/1816/1612 1240/1818/1614
f 776/1817/1613 1240/1818/1614 777/1819/1615
f 777/1819/1615 1240/1818/1614 1237/1820/1616
f 777/1819/1615 1237/1820/1616 778/1821/1617
f 778/1821/1617 1237/1820/1616 1234/1822/1618
f 778/1821/1617 1234/1822/1618 779/1823/1619
f 779/1823/1619 1234/1822/1618 1231/1824/1620
f 779/1823/1619 1231/1824/1620 780/1825/1621
f 780/1825/1621 1231/1824/1620 1228/1826/1622
f 780/1825/1621 1228/1826/1622 781/1827/1623
f 781/1827/1623 1228/1826/1622 1225/1828/1624
f 781/1827/1623 1225/1828/1624 782/1829/1625
f 782/1829/1625 1225/1828/1624 1222/1830/1626
f 782/1829/1625 1222/1830/1626 783/1831/1627
f 783/1831/1627 1222/1830/1626 1219/1832/1628
f 783/1831/1627 1219/1832/1628 784/1833/1629
f 784/1833/1629 1219/1832/1628 1216/1834/1630
f 784/1833/1629 1216/1834/1630 785/1835/1631
f 785/1835/1631 1216/1834/1630 1213/1836/1632
f 785/1835/1631 1213/1836/1632 786/1837/1633
f 786/1837/1633 1213/1836/1632 1210/1838/1634
f 786/1837/1633 1210/1838/1634 787/1839/1635
f 787/1839/1635 1210/1838/1634 1207/1840/1636
f 787/1839/1635 1207/1840/1636 788/1841/1637
f 788/1841/1637 1207/1840/1636 1204/1842/1638
f 788/1841/1637 1204/1842/1638 789/1843/1639
f 789/1843/1639 1204/1842/1638 1201/1844/1640
f 789/1843/1639 1201/1844/1640 790/1845/1641
f 790/1845/1641 1201/1844/1640 1198/1846/1642
f 790/1845/1641 1198/1846/1642 791/1847/1643
f 791/1847/1643 1198/1846/1642 1195/1848/1644
f 791/1847/1643 1195/1848/1644 792/1787/1585
f 792/1787/1585 1195/1848/1644 1192/1788/1586
f 1160/1849/1645 1278/1850/1646 1159/1851/1647
f 1159/1851/1647 1278/1850/1646 1191/1852/1648
f 1159/1853/1647 1191/1854/1648 1188/1855/1649
f 1188/1855/1649 1191/1854/1648 1194/1856/1650
f 1188/1855/1649 1194/1856/1650 1187/1857/1651
f 1187/1857/1651 1194/1856/1650 1197/1858/1652
f 1187/1857/1651 1197/1858/1652 1186/1859/1653
f 1186/1859/1653 1197/1858/1652 1200/1860/1654
f 1186/1859/1653 1200/1860/1654 1185/1861/1655
f 1185/1861/1655 1200/1860/1654 1203/1862/1656
f 1185/1861/1655 1203/1862/1656 1184/1863/1657
f 1184/1863/1657 1203/1862/1656 1206/1864/1658
f 1184/1863/1657 1206/1864/1658 1183/1865/1659
f 1183/1865/1659 1206/1864/1658 1209/1866/1660
f 1183/1865/1659 1209/1866/1660 1182/1867/1661
f 1182/1867/1661 1209/1866/1660 1212/1868/1662
f 1182/1867/1661 1212/1868/1662 1181/1869/1663
f 1181/1869/1663 1212/1868/1662 1215/1870/1664
f 1181/1869/1663 1215/1870/1664 1180/1871/1665
f 1180/1871/1665 1215/1870/1664 1218/1872/1666
f 1180/1871/1665 1218/1872/1666 1179/1873/1667
f 1179/1873/1667 1218/1872/1666 1221/1874/1668
f 1179/1873/1667 1221/1874/1668 1178/1875/1669
f 1178/1875/1669 1221/1874/1668 1224/1876/1670
f 1178/1875/1669 1224/1876/1670 1177/1877/1671
f 1177/1877/1671 1224/1876/1670 1227/1878/1672
f 1177/1877/1671 1227/1878/1672 1176/1879/1673
f 1176/1879/1673 1227/1878/1672 1230/1880/1674
f 1176/1879/1673 1230/1880/1674 1175/1881/1675
f 1175/1881/1675 1230/1880/1674 1233/1882/1676
f 1175/1881/1675 1233/1882/1676 1174/1883/1677
f 1174/1883/1677 1233/1882/1676 1236/1884/1678
f 1174/1883/1677 1236/1884/1678 1173/1885/1679
f 1173/1885/1679 1236/1884/1678 1239/1886/1680
f 1173/1885/1679 1239/1886/1680 1172/1887/1681
f 1172/1887/1681 1239/1886/1680 1242/1888/1682
f 1172/1887/1681 1242/1888/1682 1171/1889/1683
f 1171/1889/1683 1242/1888/1682 1245/1890/1684
f 1171/1889/1683 1245/1890/1684 1170/1891/1685
f 1170/1891/1685 1245/1890/1684 1248/1892/1686
f 1170/1891/1685 1248/1892/1686 1169/1893/1687
f 1169/1893/1687 1248/1892/1686 1251/1894/1688
f 1169/1893/1687 1251/1894/1688 1168/1895/1689
f 1168/1895/1689 1251/1894/1688 1254/1896/1690
f 1168/1895/1689 1254/1896/1690 1167/1897/1691
f 1167/1897/1691 1254/1896/1690 1257/1898/1692
f 1167/1897/1691 1257/1898/1692 1166/1899/1693
f 1166/1899/1693 1257/1898/1692 1260/1900/1694
f 1166/1899/1693 1260/1900/1694 1165/1901/1695
f 1165/1901/1695 1260/1900/1694 1263/1902/1696
f 1165/1901/1695 1263/1902/1696 1164/1903/1697
f 1164/1903/1697 1263/1902/1696 1266/1904/1698
f 1164/1903/1697 1266/1904/1698 1163/1905/1699
f 1163/1905/1699 1266/1904/1698 1269/1906/1700
f 1163/1905/1699 1269/1906/1700 1162/1907/1701
f 1162/1907/1701 1269/1906/1700 1272/1908/1702
f 1162/1907/1701 1272/1908/1702 1161/1909/1703
f 1161/1909/1703 1272/1908/1702 1275/1910/1704
f 1161/1909/1703 1275/1910/1704 1160/1849/1645
f 1160/1849/1645 1275/1910/1704 1278/1850/1646
f 1189/1792/1588 1190/1911/1705 1276/1794/1590
f 1276/1794/1590 1190/1911/1705 1277/1912/1706
f 1276/1794/1590 1277/1912/1706 1273/1796/1592
f 1273/1796/1592 1277/1912/1706 1274/1913/1707
f 1273/1796/1592 1274/1913/1707 1270/1798/1594
f 1270/1798/1594 1274/1913/1707 1271/1914/1708
f 1270/1798/1594 1271/1914/1708 1267/1800/1596
f 1267/1800/1596 1271/1914/1708 1268/1915/1709
f 1267/1800/1596 1268/1915/1709 1264/1802/1598
f 1264/1802/1598 1268/1915/1709 1265/1916/1710
f 1264/1802/1598 1265/1916/1710 1261/1804/1600
f 1261/1804/1600 1265/1916/1710 1262/1917/1711
f 1261/1804/1600 1262/1917/1711 1258/1806/1602
f 1258/1806/1602 1262/1917/1711 1259/1918/1712
f 1258/1806/1602 1259/1918/1712 1255/1808/1604
f 1255/1808/1604 1259/1918/1712 1256/1919/1713
f 1255/1808/1604 1256/1919/1713 1252/1810/1606
f 1252/1810/1606 1256/1919/1713 1253/1920/1714
f 1252/1810/1606 1253/1920/1714 1249/1812/1608
f 1249/1812/1608 1253/1920/1714 1250/1921/1715
f 1249/1812/1608 1250/1921/1715 1246/1814/1610
f 1246/1814/1610 1250/1921/1715 1247/1922/1716
f 1246/1814/1610 1247/1922/1716 1243/1816/1612
f 1243/1816/1612 1247/1922/1716 1244/1923/1717
f 1243/1816/1612 1244/1923/1717 1240/1818/1614
f 1240/1818/1614 1244/1923/1717 1241/1924/1718
f 1240/1818/1614 1241/1924/1718 1237/1820/1616
f 1237/1820/1616 1241/1924/1718 1238/1925/1719
f 1237/1820/1616 1238/1925/1719 1234/1822/1618
f 1234/1822/1618 1238/1925/1719 1235/1926/1720
f 1234/1822/1618 1235/1926/1720 1231/1824/1620
f 1231/1824/1620 1235/1926/1720 1232/1927/1721
f 1231/1824/1620 1232/1927/1721 1228/1826/1622
f 1228/1826/1622 1232/1927/1721 1229/1928/1722
f 1228/1826/1622 1229/1928/1722 1225/1828/1624
f 1225/1828/1624 1229/1928/1722 1226/1929/1723
f 1225/1828/1624 1226/1929/1723 1222/1830/1626
f 1222/1830/1626 1226/1929/1723 1223/1930/1724
f 1222/1830/1626 1223/1930/1724 1219/1832/1628
f 1219/1832/1628 1223/1930/1724 1220/1931/1725
f 1219/1832/1628 1220/1931/1725 1216/1834/1630
f 1216/1834/1630 1220/1931/1725 1217/1932/1726
f 1216/1834/1630 1217/1932/1726 1213/1836/1632
f 1213/1836/1632 1217/1932/1726 1214/1933/1727
f 1213/1836/1632 1214/1933/1727 1210/1838/1634
f 1210/1838/1634 1214/1933/1727 1211/1934/1728
f 1210/1838/1634 1211/1934/1728 1207/1840/1636
f 1207/1840/1636 1211/1934/1728 1208/1935/1729
f 1207/1840/1636 1208/1935/1729 1204/1842/1638
f 1204/1842/1638 1208/1935/1729 1205/1936/1730
f 1204/1842/1638 1205/1936/1730 1201/1844/1640
f 1201/1844/1640 1205/1936/1730 1202/1937/1731
f 1201/1844/1640 1202/1937/1731 1198/1846/1642
f 1198/1846/1642 1202/1937/1731 1199/1938/1732
f 1198/1846/1642 1199/1938/1732 1195/1848/1644
f 1195/1848/1644 1199/1938/1732 1196/1939/1733
f 1195/1848/1644 1196/1939/1733 1192/1788/1586
f 1192/1788/1586 1196/1939/1733 1193/1940/1734
f 1192/1788/1586 1193/1940/1734 1189/1790/1588
f 1189/1790/1588 1193/1940/1734 1190/1941/1705
f 1190/1911/1705 1191/1852/1648 1277/1912/1706
f 1277/1912/1706 1191/1852/1648 1278/1850/1646
f 1277/1912/1706 1278/1850/1646 1274/1913/1707
f 1274/1913/1707 1278/1850/1646 1275/1910/1704
f 1274/1913/1707 1275/1910/1704 1271/1914/1708
f 1271/1914/1708 1275/1910/1704 1272/1908/1702
f 1271/1914/1708 1272/1908/1702 1268/1915/1709
f 1268/1915/1709 1272/1908/1702 1269/1906/1700
f 1268/1915/1709 1269/1906/1700 1265/1916/1710
f 1265/1916/1710 1269/1906/1700 1266/1904/1698
f 1265/1916/1710 1266/1904/1698 1262/1917/1711
f 1262/1917/1711 1266/1904/1698 1263/1902/1696
f 1262/1917/1711 1263/1902/1696 1259/1918/1712
f 1259/1918/1712 1263/1902/1696 1260/1900/1694
f 1259/1918/1712 1260/1900/1694 1256/1919/1713
f 1256/1919/1713 1260/1900/1694 1257/1898/1692
f 1256/1919/1713 1257/1898/1692 1253/1920/1714
f 1253/1920/1714 1257/1898/1692 1254/1896/1690
f 1253/1920/1714 1254/1896/1690 1250/1921/1715
f 1250/1921/1715 1254/1896/1690 1251/1894/1688
f 1250/1921/1715 1251/1894/1688 1247/1922/1716
f 1247/1922/1716 1251/1894/1688 1248/1892/1686
f 1247/1922/1716 1248/1892/1686 1244/1923/1717
f 1244/1923/1717 1248/1892/1686 1245/1890/1684
f 1244/1923/1717 1245/1890/1684 1241/1924/1718
f 1241/1924/1718 1245/1890/1684 1242/1888/1682
f 1241/1924/1718 1242/1888/1682 1238/1925/1719
f 1238/1925/1719 1242/1888/1682 1239/1886/1680
f 1238/1925/1719 1239/1886/1680 1235/1926/1720
f 1235/1926/1720 1239/1886/1680 1236/1884/1678
f 1235/1926/1720 1236/1884/1678 1232/1927/1721
f 1232/1927/1721 1236/1884/1678 1233/1882/1676
f 1232/1927/1721 1233/1882/1676 1229/1928/1722
f 1229/1928/1722 1233/1882/1676 1230/1880/1674
f 1229/1928/1722 1230/1880/1674 1226/1929/1723
f 1226/1929/1723 1230/1880/1674 1227/1878/1672
f 1226/1929/1723 1227/1878/1672 1223/1930/1724
f 1223/1930/1724 1227/1878/1672 1224/1876/1670
f 1223/1930/1724 1224/1876/1670 1220/1931/1725
f 1220/1931/1725 1224/1876/1670 1221/1874/1668
f 1220/1931/1725 1221/1874/1668 1217/1932/1726
f 1217/1932/1726 1221/1874/1668 1218/1872/1666
f 1217/1932/1726 1218/1872/1666 1214/1933/1727
f 1214/1933/1727 1218/1872/1666 1215/1870/1664
f 1214/1933/1727 1215/1870/1664 1211/1934/1728
f 1211/1934/1728 1215/1870/1664 1212/1868/1662
f 1211/1934/1728 1212/1868/1662 1208/1935/1729
f 1208/1935/1729 1212/1868/1662 1209/1866/1660
f 1208/1935/1729 1209/1866/1660 1205/1936/1730
f 1205/1936/1730 1209/1866/1660 1206/1864/1658
f 1205/1936/1730 1206/1864/1658 1202/1937/1731
f 1202/1937/1731 1206/1864/1658 1203/1862/1656
f 1202/1937/1731 1203/1862/1656 1199/1938/1732
f 1199/1938/1732 1203/1862/1656 1200/1860/1654
f 1199/1938/1732 1200/1860/1654 1196/1939/1733
f 1196/1939/1733 1200/1860/1654 1197/1858/1652
f 1196/1939/1733 1197/1858/1652 1193/1940/1734
f 1193/1940/1734 1197/1858/1652 1194/1856/1650
f 1193/1940/1734 1194/1856/1650 1190/1941/1705
f 1190/1941/1705 1194/1856/1650 1191/1854/1648
f 793/1942/1735 819/1943/1736 794/1944/1737
f 794/1944/1737 819/1943/1736 818/1945/1738
f 794/1944/1737 818/1945/1738 795/1946/1739
f 795/1946/1739 818/1945/1738 817/1947/1740
f 795/1946/1739 817/1947/1740 796/1948/1741
f 796/1948/1741 817/1947/1740 816/1949/1742
f 796/1948/1741 816/1949/1742 797/1950/1743
f 797/1950/1743 816/1949/1742 815/1951/1744
f 797/1950/1743 815/1951/1744 814/1952/1745
f 814/1952/1745 813/1953/1746 797/1950/1743
f 797/1950/1743 813/1953/1746 812/1954/1747
f 797/1950/1743 812/1954/1747 811/1955/1748
f 811/1955/1748 810/1956/1749 797/1950/1743
f 797/1950/1743 810/1956/1749 809/1957/1750
f 797/1950/1743 809/1957/1750 808/1958/1751
f 808/1958/1751 807/1959/1752 797/1950/1743
f 797/1950/1743 807/1959/1752 806/1960/1753
f 797/1950/1743 806/1960/1753 805/1961/1754
f 805/1961/1754 804/1962/1755 797/1950/1743
f 797/1950/1743 804/1962/1755 803/1963/1756
f 797/1950/1743 803/1963/1756 798/1964/1757
f 798/1964/1757 803/1963/1756 802/1965/1758
f 798/1964/1757 802/1965/1758 801/1966/1759
f 800/1967/1760 799/1968/1761 801/1966/1759
f 801/1966/1759 799/1968/1761 798/1964/1757
f 1112/1969/1762 1111/1970/1763 1174/1971/1764
f 1174/1971/1764 1111/1970/1763 1151/1972/1765
f 1174/1971/1764 1151/1972/1765 1175/1973/1766
f 1175/1973/1766 1151/1972/1765 1150/1974/1767
f 1175/1973/1766 1150/1974/1767 1176/1975/1768
f 1176/1975/1768 1150/1974/1767 1149/1976/1769
f 1176/1975/1768 1149/1976/1769 1177/1977/1770
f 1177/1977/1770 1149/1976/1769 1148/1978/1771
f 1177/1977/1770 1148/1978/1771 1147/1979/1772
f 1177/1977/1770 1147/1979/1772 1178/1980/1773
f 1178/1980/1773 1147/1979/1772 1146/1981/1774
f 1178/1980/1773 1146/1981/1774 1179/1982/1775
f 1179/1982/1775 1146/1981/1774 1145/1983/1776
f 1179/1982/1775 1145/1983/1776 1144/1984/1777
f 1179/1982/1775 1144/1984/1777 1180/1985/1778
f 1180/1985/1778 1144/1984/1777 1143/1986/1779
f 1180/1985/1778 1143/1986/1779 1181/1987/1780
f 1181/1987/1780 1143/1986/1779 1142/1988/1781
f 1181/1987/1780 1142/1988/1781 1182/1989/1782
f 1182/1989/1782 1142/1988/1781 1141/1990/1783
f 1182/1989/1782 1141/1990/1783 1140/1991/1784
f 1182/1989/1782 1140/1991/1784 1183/1992/1785
f 1183/1992/1785 1140/1991/1784 1139/1993/1786
f 1183/1992/1785 1139/1993/1786 1184/1994/1787
f 1184/1994/1787 1139/1993/1786 1138/1995/1788
f 1184/1994/1787 1138/1995/1788 1185/1996/1789
f 1185/1996/1789 1138/1995/1788 1137/1997/1790
f 1185/1996/1789 1137/1997/1790 1136/1998/1791
f 1185/1996/1789 1136/1998/1791 1186/1999/1792
f 1186/1999/1792 1136/1998/1791 1135/2000/1793
f 1186/1999/1792 1135/2000/1793 1187/2001/1794
f 1187/2001/1794 1135/2000/1793 1134/2002/1795
f 1187/2001/1794 1134/2002/1795 1188/2003/1796
f 1188/2003/1796 1134/2002/1795 1133/2004/1797
f 1188/2003/1796 1133/2004/1797 1132/2005/1798
f 1188/2003/1796 1132/2005/1798 1159/2006/1799
f 1159/2006/1799 1132/2005/1798 1131/2007/1800
f 1159/2006/1799 1131/2007/1800 1160/2008/1801
f 1160/2008/1801 1131/2007/1800 1130/2009/1802
f 1160/2008/1801 1130/2009/1802 1129/2010/1803
f 1160/2008/1801 1129/2010/1803 1161/2011/1804
f 1161/2011/1804 1129/2010/1803 1128/2012/1805
f 1161/2011/1804 1128/2012/1805 1162/2013/1806
f 1162/2013/1806 1128/2012/1805 1127/2014/1807
f 1162/2013/1806 1127/2014/1807 1163/2015/1808
f 1163/2015/1808 1127/2014/1807 1126/2016/1809
f 1163/2015/1808 1126/2016/1809 1125/2017/1810
f 1163/2015/1808 1125/2017/1810 1164/2018/1811
f 1164/2018/1811 1125/2017/1810 1124/2019/1812
f 1164/2018/1811 1124/2019/1812 1165/2020/1813
f 1165/2020/1813 1124/2019/1812 1123/2021/1814
f 1165/2020/1813 1123/2021/1814 1166/2022/1815
f 1166/2022/1815 1123/2021/1814 1122/2023/1816
f 1166/2022/1815 1122/2023/1816 1121/2024/1817
f 1166/2022/1815 1121/2024/1817 1167/2025/1818
f 1167/2025/1818 1121/2024/1817 1120/2026/1819
f 1167/2025/1818 1120/2026/1819 1168/2027/1820
f 1168/2027/1820 1120/2026/1819 1119/2028/1821
f 1168/2027/1820 1119/2028/1821 1169/2029/1822
f 1169/2029/1822 1119/2028/1821 1118/2030/1823
f 1169/2029/1822 1118/2030/1823 1117/2031/1824
f 1169/2029/1822 1117/2031/1824 1170/2032/1825
f 1170/2032/1825 1117/2031/1824 1116/2033/1826
f 1170/2032/1825 1116/2033/1826 1171/2034/1827
f 1171/2034/1827 1116/2033/1826 1115/2035/1828
f 1171/2034/1827 1115/2035/1828 1114/2036/1829
f 1171/2034/1827 1114/2036/1829 1172/2037/1830
f 1172/2037/1830 1114/2036/1829 1113/2038/1831
f 1172/2037/1830 1113/2038/1831 1173/2039/1832
f 1173/2039/1832 1113/2038/1831 1112/1969/1762
f 1173/2039/1832 1112/1969/1762 1174/1971/1764
g Body1:3

v -0.089586 -0.088441 -0.018746
v -0.089618 -0.088136 -0.018746
v -0.089713 -0.087846 -0.018746
v -0.089866 -0.087581 -0.018746
v -0.090070 -0.087353 -0.018746
v -0.090318 -0.087173 -0.018746
v -0.090598 -0.087049 -0.018746
v -0.090897 -0.086985 -0.018746
v -0.091203 -0.086985 -0.018746
v -0.091502 -0.087049 -0.018746
v -0.091782 -0.087173 -0.018746
v -0.092029 -0.087353 -0.018746
v -0.092234 -0.087581 -0.018746
v -0.092387 -0.087846 -0.018746
v -0.092481 -0.088136 -0.018746
v -0.092513 -0.088441 -0.018746
v -0.092481 -0.088745 -0.018746
v -0.092387 -0.089036 -0.018746
v -0.092234 -0.089301 -0.018746
v -0.092029 -0.089528 -0.018746
v -0.091782 -0.089708 -0.018746
v -0.091502 -0.089833 -0.018746
v -0.091203 -0.089896 -0.018746
v -0.090897 -0.089896 -0.018746
v -0.090598 -0.089833 -0.018746
v -0.090318 -0.089708 -0.018746
v -0.090070 -0.089528 -0.018746
v -0.089866 -0.089301 -0.018746
v -0.089713 -0.089036 -0.018746
v -0.089618 -0.088745 -0.018746
v -0.092243 -0.088441 -0.018500
v -0.092211 -0.088166 -0.018500
v -0.092116 -0.087905 -0.018500
v -0.091964 -0.087674 -0.018500
v -0.091762 -0.087484 -0.018500
v -0.091522 -0.087345 -0.018500
v -0.091257 -0.087266 -0.018500
v -0.090980 -0.087250 -0.018500
v -0.090708 -0.087298 -0.018500
v -0.090453 -0.087407 -0.018500
v -0.090231 -0.087573 -0.018500
v -0.090053 -0.087785 -0.018500
v -0.089928 -0.088033 -0.018500
v -0.089865 -0.088302 -0.018500
v -0.089865 -0.088579 -0.018500
v -0.089928 -0.088849 -0.018500
v -0.090053 -0.089096 -0.018500
v -0.090231 -0.089309 -0.018500
v -0.090453 -0.089474 -0.018500
v -0.090708 -0.089584 -0.018500
v -0.090980 -0.089632 -0.018500
v -0.091257 -0.089616 -0.018500
v -0.091522 -0.089536 -0.018500
v -0.091762 -0.089398 -0.018500
v -0.091964 -0.089208 -0.018500
v -0.092116 -0.088976 -0.018500
v -0.092211 -0.088716 -0.018500
v -0.093500 -0.088441 -0.046500
v -0.093468 -0.088834 -0.046500
v -0.093374 -0.089217 -0.046500
v -0.093219 -0.089579 -0.046500
v -0.093008 -0.089913 -0.046500
v -0.092747 -0.090208 -0.046500
v -0.092442 -0.090457 -0.046500
v -0.092100 -0.090654 -0.046500
v -0.091731 -0.090794 -0.046500
v -0.091345 -0.090873 -0.046500
v -0.090951 -0.090889 -0.046500
v -0.090560 -0.090841 -0.046500
v -0.090181 -0.090732 -0.046500
v -0.089825 -0.090563 -0.046500
v -0.089500 -0.090339 -0.046500
v -0.089216 -0.090065 -0.046500
v -0.088979 -0.089750 -0.046500
v -0.088796 -0.089401 -0.046500
v -0.088671 -0.089027 -0.046500
v -0.088608 -0.088638 -0.046500
v -0.088608 -0.088244 -0.046500
v -0.088671 -0.087854 -0.046500
v -0.088796 -0.087480 -0.046500
v -0.088979 -0.087131 -0.046500
v -0.089216 -0.086816 -0.046500
v -0.089500 -0.086543 -0.046500
v -0.089825 -0.086319 -0.046500
v -0.090181 -0.086150 -0.046500
v -0.090560 -0.086040 -0.046500
v -0.090951 -0.085993 -0.046500
v -0.091345 -0.086009 -0.046500
v -0.091731 -0.086087 -0.046500
v -0.092100 -0.086227 -0.046500
v -0.092442 -0.086424 -0.046500
v -0.092747 -0.086674 -0.046500
v -0.093008 -0.086969 -0.046500
v -0.093219 -0.087302 -0.046500
v -0.093374 -0.087665 -0.046500
v -0.093468 -0.088048 -0.046500
v -0.093800 -0.088441 -0.046200
v -0.093768 -0.088021 -0.046200
v -0.093672 -0.087611 -0.046200
v -0.093514 -0.087221 -0.046200
v -0.093299 -0.086859 -0.046200
v -0.093031 -0.086534 -0.046200
v -0.092717 -0.086254 -0.046200
v -0.092363 -0.086025 -0.046200
v -0.091979 -0.085853 -0.046200
v -0.091573 -0.085741 -0.046200
v -0.091155 -0.085693 -0.046200
v -0.090734 -0.085709 -0.046200
v -0.090321 -0.085789 -0.046200
v -0.089925 -0.085931 -0.046200
v -0.089555 -0.086133 -0.046200
v -0.089220 -0.086388 -0.046200
v -0.088928 -0.086691 -0.046200
v -0.088686 -0.087035 -0.046200
v -0.088499 -0.087413 -0.046200
v -0.088372 -0.087814 -0.046200
v -0.088308 -0.088230 -0.046200
v -0.088308 -0.088651 -0.046200
v -0.088372 -0.089067 -0.046200
v -0.088499 -0.089469 -0.046200
v -0.088686 -0.089846 -0.046200
v -0.088928 -0.090190 -0.046200
v -0.089220 -0.090494 -0.046200
v -0.089555 -0.090749 -0.046200
v -0.089925 -0.090950 -0.046200
v -0.090321 -0.091092 -0.046200
v -0.090734 -0.091173 -0.046200
v -0.091155 -0.091189 -0.046200
v -0.091573 -0.091140 -0.046200
v -0.091979 -0.091029 -0.046200
v -0.092363 -0.090857 -0.046200
v -0.092717 -0.090628 -0.046200
v -0.093031 -0.090348 -0.046200
v -0.093299 -0.090023 -0.046200
v -0.093514 -0.089661 -0.046200
v -0.093672 -0.089270 -0.046200
v -0.093768 -0.088861 -0.046200
v -0.088522 -0.088441 -0.046490
v -0.088450 -0.088441 -0.046460
v -0.088388 -0.088441 -0.046412
v -0.088340 -0.088441 -0.046350
v -0.088310 -0.088441 -0.046278
v -0.091340 -0.085930 -0.046490
v -0.091340 -0.090952 -0.046490
v -0.093570 -0.088634 -0.046490
v -0.093642 -0.088640 -0.046460
v -0.093704 -0.088645 -0.046412
v -0.093752 -0.088648 -0.046350
v -0.093781 -0.088650 -0.046278
v -0.093781 -0.088231 -0.046278
v -0.093752 -0.088233 -0.046350
v -0.093704 -0.088237 -0.046412
v -0.093642 -0.088242 -0.046460
v -0.093570 -0.088247 -0.046490
v -0.093511 -0.089017 -0.046490
v -0.093581 -0.089033 -0.046460
v -0.093642 -0.089047 -0.046412
v -0.093688 -0.089058 -0.046350
v -0.093717 -0.089065 -0.046278
v -0.093394 -0.089386 -0.046490
v -0.093461 -0.089413 -0.046460
v -0.093519 -0.089436 -0.046412
v -0.093563 -0.089454 -0.046350
v -0.093591 -0.089465 -0.046278
v -0.093222 -0.089732 -0.046490
v -0.093285 -0.089769 -0.046460
v -0.093338 -0.089801 -0.046412
v -0.093379 -0.089826 -0.046350
v -0.093405 -0.089841 -0.046278
v -0.093000 -0.090049 -0.046490
v -0.093056 -0.090095 -0.046460
v -0.093104 -0.090135 -0.046412
v -0.093140 -0.090165 -0.046350
v -0.093163 -0.090184 -0.046278
v -0.092731 -0.090328 -0.046490
v -0.092780 -0.090382 -0.046460
v -0.092821 -0.090428 -0.046412
v -0.092853 -0.090464 -0.046350
v -0.092873 -0.090486 -0.046278
v -0.092424 -0.090562 -0.046490
v -0.092463 -0.090623 -0.046460
v -0.092497 -0.090675 -0.046412
v -0.092523 -0.090715 -0.046350
v -0.092539 -0.090740 -0.046278
v -0.092084 -0.090747 -0.046490
v -0.092113 -0.090813 -0.046460
v -0.092139 -0.090870 -0.046412
v -0.092158 -0.090913 -0.046350
v -0.092171 -0.090941 -0.046278
v -0.091720 -0.090878 -0.046490
v -0.091739 -0.090948 -0.046460
v -0.091755 -0.091008 -0.046412
v -0.091768 -0.091054 -0.046350
v -0.091776 -0.091083 -0.046278
v -0.091348 -0.091024 -0.046460
v -0.091355 -0.091085 -0.046412
v -0.091361 -0.091133 -0.046350
v -0.091364 -0.091162 -0.046278
v -0.090569 -0.090922 -0.046490
v -0.090555 -0.090993 -0.046460
v -0.090543 -0.091054 -0.046412
v -0.090534 -0.091101 -0.046350
v -0.090528 -0.091130 -0.046278
v -0.090945 -0.091179 -0.046278
v -0.090946 -0.091149 -0.046350
v -0.090948 -0.091101 -0.046412
v -0.090950 -0.091039 -0.046460
v -0.090953 -0.090967 -0.046490
v -0.090195 -0.090820 -0.046490
v -0.090171 -0.090888 -0.046460
v -0.090150 -0.090946 -0.046412
v -0.090134 -0.090991 -0.046350
v -0.090124 -0.091019 -0.046278
v -0.089842 -0.090661 -0.046490
v -0.089808 -0.090725 -0.046460
v -0.089778 -0.090779 -0.046412
v -0.089755 -0.090821 -0.046350
v -0.089741 -0.090848 -0.046278
v -0.089517 -0.090451 -0.046490
v -0.089474 -0.090509 -0.046460
v -0.089436 -0.090558 -0.046412
v -0.089407 -0.090596 -0.046350
v -0.089389 -0.090620 -0.046278
v -0.089229 -0.090194 -0.046490
v -0.089176 -0.090244 -0.046460
v -0.089132 -0.090287 -0.046412
v -0.089097 -0.090320 -0.046350
v -0.089076 -0.090341 -0.046278
v -0.088982 -0.089895 -0.046490
v -0.088923 -0.089937 -0.046460
v -0.088872 -0.089972 -0.046412
v -0.088833 -0.090000 -0.046350
v -0.088809 -0.090017 -0.046278
v -0.088785 -0.089562 -0.046490
v -0.088720 -0.089594 -0.046460
v -0.088664 -0.089622 -0.046412
v -0.088621 -0.089643 -0.046350
v -0.088594 -0.089656 -0.046278
v -0.088640 -0.089203 -0.046490
v -0.088571 -0.089225 -0.046460
v -0.088512 -0.089244 -0.046412
v -0.088466 -0.089258 -0.046350
v -0.088438 -0.089267 -0.046278
v -0.088552 -0.088827 -0.046490
v -0.088480 -0.088838 -0.046460
v -0.088419 -0.088847 -0.046412
v -0.088372 -0.088854 -0.046350
v -0.088342 -0.088859 -0.046278
v -0.088552 -0.088055 -0.046490
v -0.088480 -0.088044 -0.046460
v -0.088419 -0.088034 -0.046412
v -0.088372 -0.088027 -0.046350
v -0.088342 -0.088023 -0.046278
v -0.088640 -0.087678 -0.046490
v -0.088571 -0.087656 -0.046460
v -0.088512 -0.087638 -0.046412
v -0.088466 -0.087623 -0.046350
v -0.088438 -0.087614 -0.046278
v -0.088785 -0.087319 -0.046490
v -0.088720 -0.087287 -0.046460
v -0.088664 -0.087260 -0.046412
v -0.088621 -0.087238 -0.046350
v -0.088594 -0.087225 -0.046278
v -0.088982 -0.086987 -0.046490
v -0.088923 -0.086945 -0.046460
v -0.088872 -0.086909 -0.046412
v -0.088833 -0.086882 -0.046350
v -0.088809 -0.086865 -0.046278
v -0.089229 -0.086688 -0.046490
v -0.089176 -0.086638 -0.046460
v -0.089132 -0.086595 -0.046412
v -0.089097 -0.086562 -0.046350
v -0.089076 -0.086541 -0.046278
v -0.089517 -0.086431 -0.046490
v -0.089474 -0.086373 -0.046460
v -0.089436 -0.086324 -0.046412
v -0.089407 -0.086286 -0.046350
v -0.089389 -0.086262 -0.046278
v -0.089842 -0.086220 -0.046490
v -0.089808 -0.086157 -0.046460
v -0.089778 -0.086102 -0.046412
v -0.089755 -0.086060 -0.046350
v -0.089741 -0.086034 -0.046278
v -0.090195 -0.086062 -0.046490
v -0.090171 -0.085994 -0.046460
v -0.090150 -0.085935 -0.046412
v -0.090134 -0.085890 -0.046350
v -0.090124 -0.085862 -0.046278
v -0.090569 -0.085959 -0.046490
v -0.090555 -0.085888 -0.046460
v -0.090543 -0.085827 -0.046412
v -0.090534 -0.085781 -0.046350
v -0.090528 -0.085751 -0.046278
v -0.090953 -0.085915 -0.046490
v -0.090950 -0.085843 -0.046460
v -0.090948 -0.085781 -0.046412
v -0.090946 -0.085733 -0.046350
v -0.090945 -0.085703 -0.046278
v -0.091720 -0.086003 -0.046490
v -0.091739 -0.085934 -0.046460
v -0.091755 -0.085874 -0.046412
v -0.091768 -0.085828 -0.046350
v -0.091776 -0.085799 -0.046278
v -0.091364 -0.085719 -0.046278
v -0.091361 -0.085749 -0.046350
v -0.091355 -0.085796 -0.046412
v -0.091348 -0.085858 -0.046460
v -0.092084 -0.086134 -0.046490
v -0.092113 -0.086068 -0.046460
v -0.092139 -0.086012 -0.046412
v -0.092158 -0.085968 -0.046350
v -0.092171 -0.085941 -0.046278
v -0.092424 -0.086319 -0.046490
v -0.092463 -0.086258 -0.046460
v -0.092497 -0.086206 -0.046412
v -0.092523 -0.086166 -0.046350
v -0.092539 -0.086141 -0.046278
v -0.092731 -0.086554 -0.046490
v -0.092780 -0.086500 -0.046460
v -0.092821 -0.086453 -0.046412
v -0.092853 -0.086418 -0.046350
v -0.092873 -0.086395 -0.046278
v -0.093000 -0.086833 -0.046490
v -0.093056 -0.086787 -0.046460
v -0.093104 -0.086747 -0.046412
v -0.093140 -0.086717 -0.046350
v -0.093163 -0.086698 -0.046278
v -0.093222 -0.087149 -0.046490
v -0.093285 -0.087112 -0.046460
v -0.093338 -0.087080 -0.046412
v -0.093379 -0.087056 -0.046350
v -0.093405 -0.087041 -0.046278
v -0.093394 -0.087496 -0.046490
v -0.093461 -0.087469 -0.046460
v -0.093519 -0.087446 -0.046412
v -0.093563 -0.087428 -0.046350
v -0.093591 -0.087417 -0.046278
v -0.093511 -0.087865 -0.046490
v -0.093581 -0.087848 -0.046460
v -0.093642 -0.087834 -0.046412
v -0.093688 -0.087823 -0.046350
v -0.093717 -0.087816 -0.046278
v -0.089800 -0.087719 -0.046500
v -0.091050 -0.086997 -0.046500
v -0.092300 -0.087719 -0.046500
v -0.092300 -0.089162 -0.046500
v -0.091050 -0.089884 -0.046500
v -0.089800 -0.089162 -0.046500
v -0.093800 -0.088441 -0.043500
v -0.093768 -0.088021 -0.043500
v -0.093672 -0.087611 -0.043500
v -0.093514 -0.087221 -0.043500
v -0.093299 -0.086859 -0.043500
v -0.093031 -0.086534 -0.043500
v -0.092717 -0.086254 -0.043500
v -0.092363 -0.086025 -0.043500
v -0.091979 -0.085853 -0.043500
v -0.091573 -0.085741 -0.043500
v -0.091155 -0.085693 -0.043500
v -0.090734 -0.085709 -0.043500
v -0.090321 -0.085789 -0.043500
v -0.089925 -0.085931 -0.043500
v -0.089555 -0.086133 -0.043500
v -0.089220 -0.086388 -0.043500
v -0.088928 -0.086691 -0.043500
v -0.088686 -0.087035 -0.043500
v -0.088499 -0.087413 -0.043500
v -0.088372 -0.087814 -0.043500
v -0.088308 -0.088230 -0.043500
v -0.088308 -0.088651 -0.043500
v -0.088372 -0.089067 -0.043500
v -0.088499 -0.089469 -0.043500
v -0.088686 -0.089846 -0.043500
v -0.088928 -0.090190 -0.043500
v -0.089220 -0.090494 -0.043500
v -0.089555 -0.090749 -0.043500
v -0.089925 -0.090950 -0.043500
v -0.090321 -0.091092 -0.043500
v -0.090734 -0.091173 -0.043500
v -0.091155 -0.091189 -0.043500
v -0.091573 -0.091140 -0.043500
v -0.091979 -0.091029 -0.043500
v -0.092363 -0.090857 -0.043500
v -0.092717 -0.090628 -0.043500
v -0.093031 -0.090348 -0.043500
v -0.093299 -0.090023 -0.043500
v -0.093514 -0.089661 -0.043500
v -0.093672 -0.089270 -0.043500
v -0.093768 -0.088861 -0.043500
v -0.091050 -0.088441 -0.045091
v -0.091050 -0.086997 -0.045200
v -0.089800 -0.087719 -0.045200
v -0.089800 -0.089162 -0.045200
v -0.091050 -0.089884 -0.045200
v -0.092300 -0.089162 -0.045200
v -0.092300 -0.087719 -0.045200
v -0.089586 -0.088441 -0.043500
v -0.089618 -0.088136 -0.043500
v -0.089713 -0.087846 -0.043500
v -0.089866 -0.087581 -0.043500
v -0.090070 -0.087353 -0.043500
v -0.090318 -0.087173 -0.043500
v -0.090598 -0.087049 -0.043500
v -0.090897 -0.086985 -0.043500
v -0.091203 -0.086985 -0.043500
v -0.091502 -0.087049 -0.043500
v -0.091782 -0.087173 -0.043500
v -0.092029 -0.087353 -0.043500
v -0.092234 -0.087581 -0.043500
v -0.092387 -0.087846 -0.043500
v -0.092481 -0.088136 -0.043500
v -0.092513 -0.088441 -0.043500
v -0.092481 -0.088745 -0.043500
v -0.092387 -0.089036 -0.043500
v -0.092234 -0.089301 -0.043500
v -0.092029 -0.089528 -0.043500
v -0.091782 -0.089708 -0.043500
v -0.091502 -0.089833 -0.043500
v -0.091203 -0.089896 -0.043500
v -0.090897 -0.089896 -0.043500
v -0.090598 -0.089833 -0.043500
v -0.090318 -0.089708 -0.043500
v -0.090070 -0.089528 -0.043500
v -0.089866 -0.089301 -0.043500
v -0.089713 -0.089036 -0.043500
v -0.089618 -0.088745 -0.043500
v -0.089586 -0.088441 -0.024935
v -0.089586 -0.088441 -0.031123
v -0.089586 -0.088441 -0.037312
v -0.089618 -0.088745 -0.024935
v -0.089618 -0.088745 -0.031123
v -0.089618 -0.088745 -0.037312
v -0.089713 -0.089036 -0.024935
v -0.089713 -0.089036 -0.031123
v -0.089713 -0.089036 -0.037312
v -0.089866 -0.089301 -0.024935
v -0.089866 -0.089301 -0.031123
v -0.089866 -0.089301 -0.037312
v -0.090070 -0.089528 -0.024935
v -0.090070 -0.089528 -0.031123
v -0.090070 -0.089528 -0.037312
v -0.090318 -0.089708 -0.024935
v -0.090318 -0.089708 -0.031123
v -0.090318 -0.089708 -0.037312
v -0.090598 -0.089833 -0.024935
v -0.090598 -0.089833 -0.031123
v -0.090598 -0.089833 -0.037312
v -0.090897 -0.089896 -0.024935
v -0.090897 -0.089896 -0.031123
v -0.090897 -0.089896 -0.037312
v -0.091203 -0.089896 -0.024935
v -0.091203 -0.089896 -0.031123
v -0.091203 -0.089896 -0.037312
v -0.091502 -0.089833 -0.024935
v -0.091502 -0.089833 -0.031123
v -0.091502 -0.089833 -0.037312
v -0.091782 -0.089708 -0.024935
v -0.091782 -0.089708 -0.031123
v -0.091782 -0.089708 -0.037312
v -0.092029 -0.089528 -0.024935
v -0.092029 -0.089528 -0.031123
v -0.092029 -0.089528 -0.037312
v -0.092234 -0.089301 -0.024935
v -0.092234 -0.089301 -0.031123
v -0.092234 -0.089301 -0.037312
v -0.092387 -0.089036 -0.024935
v -0.092387 -0.089036 -0.031123
v -0.092387 -0.089036 -0.037312
v -0.092481 -0.088745 -0.024935
v -0.092481 -0.088745 -0.031123
v -0.092481 -0.088745 -0.037312
v -0.092513 -0.088441 -0.024935
v -0.092513 -0.088441 -0.031123
v -0.092513 -0.088441 -0.037312
v -0.092481 -0.088136 -0.024935
v -0.092481 -0.088136 -0.031123
v -0.092481 -0.088136 -0.037312
v -0.092387 -0.087846 -0.024935
v -0.092387 -0.087846 -0.031123
v -0.092387 -0.087846 -0.037312
v -0.092234 -0.087581 -0.024935
v -0.092234 -0.087581 -0.031123
v -0.092234 -0.087581 -0.037312
v -0.092029 -0.087353 -0.024935
v -0.092029 -0.087353 -0.031123
v -0.092029 -0.087353 -0.037312
v -0.091782 -0.087173 -0.024935
v -0.091782 -0.087173 -0.031123
v -0.091782 -0.087173 -0.037312
v -0.091502 -0.087049 -0.024935
v -0.091502 -0.087049 -0.031123
v -0.091502 -0.087049 -0.037312
v -0.091203 -0.086985 -0.024935
v -0.091203 -0.086985 -0.031123
v -0.091203 -0.086985 -0.037312
v -0.090897 -0.086985 -0.024935
v -0.090897 -0.086985 -0.031123
v -0.090897 -0.086985 -0.037312
v -0.090598 -0.087049 -0.024935
v -0.090598 -0.087049 -0.031123
v -0.090598 -0.087049 -0.037312
v -0.090318 -0.087173 -0.024935
v -0.090318 -0.087173 -0.031123
v -0.090318 -0.087173 -0.037312
v -0.090070 -0.087353 -0.024935
v -0.090070 -0.087353 -0.031123
v -0.090070 -0.087353 -0.037312
v -0.089866 -0.087581 -0.024935
v -0.089866 -0.087581 -0.031123
v -0.089866 -0.087581 -0.037312
v -0.089713 -0.087846 -0.024935
v -0.089713 -0.087846 -0.031123
v -0.089713 -0.087846 -0.037312
v -0.089618 -0.088136 -0.024935
v -0.089618 -0.088136 -0.031123
v -0.089618 -0.088136 -0.037312
vt 0.013779 -0.389504 0.000000
vt -0.022774 -0.401869 0.000000
vt 0.013779 -0.417325 0.000000
vt 0.013779 0.417325 0.000000
vt -0.022774 0.432782 0.000000
vt -0.022774 0.401869 0.000000
vt 0.013779 0.389504 0.000000
vt -0.022774 0.370956 0.000000
vt 0.013779 0.361682 0.000000
vt -0.022774 0.340043 0.000000
vt 0.013779 0.333860 0.000000
vt -0.022774 0.309130 0.000000
vt 0.013779 0.306039 0.000000
vt -0.022774 0.278217 0.000000
vt 0.013779 0.278217 0.000000
vt 0.013779 0.250395 0.000000
vt -0.022774 0.247304 0.000000
vt 0.013779 0.222573 0.000000
vt -0.022774 0.216391 0.000000
vt 0.013779 0.194752 0.000000
vt -0.022774 0.185478 0.000000
vt 0.013779 0.166930 0.000000
vt -0.022774 0.154565 0.000000
vt 0.013779 0.139108 0.000000
vt -0.022774 0.123652 0.000000
vt 0.013779 0.111287 0.000000
vt -0.022774 0.092739 0.000000
vt 0.013779 0.083465 0.000000
vt -0.022774 0.061826 0.000000
vt 0.013779 0.055643 0.000000
vt -0.022774 0.030913 0.000000
vt 0.013779 0.027822 0.000000
vt -0.022774 0.000000 0.000000
vt 0.013779 0.000000 0.000000
vt 0.013779 -0.027822 0.000000
vt -0.022774 -0.030913 0.000000
vt 0.013779 -0.055643 0.000000
vt -0.022774 -0.061826 0.000000
vt 0.013779 -0.083465 0.000000
vt -0.022774 -0.092739 0.000000
vt 0.013779 -0.111287 0.000000
vt -0.022774 -0.123652 0.000000
vt 0.013779 -0.139108 0.000000
vt -0.022774 -0.154565 0.000000
vt 0.013779 -0.166930 0.000000
vt -0.022774 -0.185478 0.000000
vt 0.013779 -0.194752 0.000000
vt -0.022774 -0.216391 0.000000
vt 0.013779 -0.222573 0.000000
vt -0.022774 -0.247304 0.000000
vt 0.013779 -0.250395 0.000000
vt -0.022774 -0.278217 0.000000
vt 0.013779 -0.278217 0.000000
vt 0.013779 -0.306039 0.000000
vt -0.022774 -0.309130 0.000000
vt 0.013779 -0.333860 0.000000
vt -0.022774 -0.340043 0.000000
vt 0.013779 -0.361682 0.000000
vt -0.022774 -0.370956 0.000000
vt 0.047124 0.042889 0.000000
vt 0.039270 0.020398 0.000000
vt 0.047124 0.000000 0.000000
vt 0.039270 -0.020398 0.000000
vt 0.047124 -0.042889 0.000000
vt 0.039270 -0.061195 0.000000
vt 0.047124 -0.085778 0.000000
vt 0.039270 -0.101992 0.000000
vt 0.047124 -0.128667 0.000000
vt 0.039270 -0.142789 0.000000
vt 0.047124 -0.171556 0.000000
vt 0.039270 -0.183585 0.000000
vt 0.047124 -0.214444 0.000000
vt 0.039270 -0.224382 0.000000
vt 0.047124 -0.257333 0.000000
vt 0.039270 -0.265179 0.000000
vt 0.047124 -0.300222 0.000000
vt 0.039270 -0.305976 0.000000
vt 0.047124 -0.343111 0.000000
vt 0.039270 -0.346772 0.000000
vt 0.047124 -0.386000 0.000000
vt 0.039270 -0.387569 0.000000
vt 0.047124 -0.428889 0.000000
vt 0.039270 -0.428366 0.000000
vt 0.039270 -0.469163 0.000000
vt 0.031416 -0.428366 0.000000
vt 0.031416 -0.469163 0.000000
vt 0.023562 -0.428366 0.000000
vt 0.023562 -0.469163 0.000000
vt 0.015708 -0.428366 0.000000
vt 0.015708 -0.469163 0.000000
vt 0.007854 -0.428366 0.000000
vt 0.007854 -0.469163 0.000000
vt 0.000000 -0.448764 0.000000
vt -0.000000 -0.489561 0.000000
vt 0.039270 0.061195 0.000000
vt 0.047124 0.085778 0.000000
vt 0.039270 0.101992 0.000000
vt 0.047124 0.128667 0.000000
vt 0.039270 0.142789 0.000000
vt 0.047124 0.171556 0.000000
vt 0.039270 0.183585 0.000000
vt 0.047124 0.214444 0.000000
vt 0.039270 0.224382 0.000000
vt 0.047124 0.257333 0.000000
vt 0.039270 0.265179 0.000000
vt 0.047124 0.300222 0.000000
vt 0.039270 0.305976 0.000000
vt 0.047124 0.343111 0.000000
vt 0.039270 0.346772 0.000000
vt 0.047124 0.386000 0.000000
vt 0.039270 0.387569 0.000000
vt 0.047124 0.428889 0.000000
vt 0.039270 0.428366 0.000000
vt 0.039270 0.469163 0.000000
vt 0.031416 0.469163 0.000000
vt 0.031416 0.509959 0.000000
vt 0.023562 0.509959 0.000000
vt 0.023562 0.550756 0.000000
vt 0.015708 0.550756 0.000000
vt 0.015708 0.591553 0.000000
vt 0.007854 0.591553 0.000000
vt 0.007854 0.632350 0.000000
vt -0.000000 0.611951 0.000000
vt -0.000000 0.652748 0.000000
vt 0.007854 0.673146 0.000000
vt 0.000000 0.693545 0.000000
vt 0.007854 0.713943 0.000000
vt 0.000000 0.734342 0.000000
vt 0.007854 0.754740 0.000000
vt -0.000000 0.775138 0.000000
vt 0.007854 0.795537 0.000000
vt -0.000000 0.815935 0.000000
vt 0.007854 0.836333 0.000000
vt -0.000000 0.856732 0.000000
vt -0.000000 -0.815935 0.000000
vt 0.007854 -0.836333 0.000000
vt 0.007854 -0.795537 0.000000
vt -0.000000 -0.775138 0.000000
vt 0.007854 -0.754740 0.000000
vt 0.000000 -0.734342 0.000000
vt 0.007854 -0.713943 0.000000
vt 0.000000 -0.693545 0.000000
vt 0.007854 -0.673146 0.000000
vt -0.000000 -0.652748 0.000000
vt 0.007854 -0.632350 0.000000
vt -0.000000 -0.611951 0.000000
vt 0.007854 -0.591553 0.000000
vt 0.000000 -0.571155 0.000000
vt 0.007854 -0.550756 0.000000
vt -0.000000 -0.530358 0.000000
vt 0.007854 -0.509959 0.000000
vt 0.047124 0.471778 0.000000
vt 0.039270 0.509959 0.000000
vt 0.031416 0.550756 0.000000
vt 0.023562 0.591553 0.000000
vt 0.015708 0.632350 0.000000
vt 0.047124 0.514667 0.000000
vt 0.039270 0.550756 0.000000
vt 0.031416 0.591553 0.000000
vt 0.023562 0.632350 0.000000
vt 0.015708 0.673146 0.000000
vt 0.047124 0.557556 0.000000
vt 0.039270 0.591553 0.000000
vt 0.031416 0.632350 0.000000
vt 0.023562 0.673146 0.000000
vt 0.015708 0.713943 0.000000
vt 0.047124 0.600445 0.000000
vt 0.039270 0.632350 0.000000
vt 0.031416 0.673146 0.000000
vt 0.023562 0.713943 0.000000
vt 0.015708 0.754740 0.000000
vt 0.047124 0.643333 0.000000
vt 0.039270 0.673146 0.000000
vt 0.031416 0.713943 0.000000
vt 0.023562 0.754740 0.000000
vt 0.015708 0.795537 0.000000
vt 0.047124 0.686222 0.000000
vt 0.039270 0.713943 0.000000
vt 0.031416 0.754740 0.000000
vt 0.023562 0.795537 0.000000
vt 0.015708 0.836333 0.000000
vt 0.015708 -0.836333 0.000000
vt 0.047124 0.729111 0.000000
vt 0.039270 0.754740 0.000000
vt 0.031416 0.795537 0.000000
vt 0.023562 0.836333 0.000000
vt 0.023562 -0.836333 0.000000
vt 0.015708 -0.795537 0.000000
vt 0.047124 0.772000 0.000000
vt 0.039270 0.795537 0.000000
vt 0.031416 0.836333 0.000000
vt 0.031416 -0.836333 0.000000
vt 0.023562 -0.795537 0.000000
vt 0.015708 -0.754740 0.000000
vt 0.047124 0.814889 0.000000
vt 0.039270 0.836333 0.000000
vt 0.039270 -0.836333 0.000000
vt 0.031416 -0.795537 0.000000
vt 0.023562 -0.754740 0.000000
vt 0.015708 -0.713943 0.000000
vt 0.047124 -0.857778 0.000000
vt 0.047124 -0.814889 0.000000
vt 0.039270 -0.795537 0.000000
vt 0.031416 -0.754740 0.000000
vt 0.023562 -0.713943 0.000000
vt 0.015708 -0.673146 0.000000
vt 0.047124 -0.772000 0.000000
vt 0.039270 -0.754740 0.000000
vt 0.031416 -0.713943 0.000000
vt 0.023562 -0.673146 0.000000
vt 0.015708 -0.632350 0.000000
vt 0.047124 -0.729111 0.000000
vt 0.039270 -0.713943 0.000000
vt 0.031416 -0.673146 0.000000
vt 0.023562 -0.632350 0.000000
vt 0.015708 -0.591553 0.000000
vt 0.047124 -0.686222 0.000000
vt 0.039270 -0.673146 0.000000
vt 0.031416 -0.632350 0.000000
vt 0.023562 -0.591553 0.000000
vt 0.015708 -0.550756 0.000000
vt 0.047124 -0.643333 0.000000
vt 0.039270 -0.632350 0.000000
vt 0.031416 -0.591553 0.000000
vt 0.023562 -0.550756 0.000000
vt 0.015708 -0.509959 0.000000
vt 0.047124 -0.600445 0.000000
vt 0.039270 -0.591553 0.000000
vt 0.031416 -0.550756 0.000000
vt 0.023562 -0.509959 0.000000
vt 0.047124 -0.557556 0.000000
vt 0.039270 -0.550756 0.000000
vt 0.031416 -0.509959 0.000000
vt 0.047124 -0.514667 0.000000
vt 0.039270 -0.509959 0.000000
vt 0.047124 -0.471778 0.000000
vt 0.000000 -0.040797 0.000000
vt 0.007854 -0.020398 0.000000
vt 0.000000 -0.000000 0.000000
vt 0.007854 0.020398 0.000000
vt 0.000000 0.040797 0.000000
vt 0.007854 0.061195 0.000000
vt 0.000000 0.081594 0.000000
vt 0.007854 0.101992 0.000000
vt -0.000000 0.122390 0.000000
vt 0.007854 0.142789 0.000000
vt 0.000000 0.163187 0.000000
vt 0.007854 0.183585 0.000000
vt -0.000000 0.203984 0.000000
vt 0.007854 0.224382 0.000000
vt 0.000000 0.244781 0.000000
vt 0.007854 0.265179 0.000000
vt -0.000000 0.285577 0.000000
vt 0.007854 0.305976 0.000000
vt -0.000000 0.326374 0.000000
vt 0.007854 0.346772 0.000000
vt 0.000000 0.367171 0.000000
vt 0.007854 0.387569 0.000000
vt 0.000000 0.407968 0.000000
vt 0.007854 0.428366 0.000000
vt 0.000000 0.448764 0.000000
vt 0.007854 0.469163 0.000000
vt -0.000000 0.489561 0.000000
vt 0.007854 0.509959 0.000000
vt -0.000000 0.530358 0.000000
vt 0.007854 0.550756 0.000000
vt 0.000000 0.571155 0.000000
vt 0.007854 -0.061195 0.000000
vt 0.000000 -0.081594 0.000000
vt 0.007854 -0.101992 0.000000
vt -0.000000 -0.122390 0.000000
vt 0.007854 -0.142789 0.000000
vt 0.000000 -0.163187 0.000000
vt 0.007854 -0.183585 0.000000
vt -0.000000 -0.203984 0.000000
vt 0.007854 -0.224382 0.000000
vt 0.000000 -0.244781 0.000000
vt 0.007854 -0.265179 0.000000
vt -0.000000 -0.285577 0.000000
vt 0.007854 -0.305976 0.000000
vt -0.000000 -0.326374 0.000000
vt 0.007854 -0.346772 0.000000
vt 0.000000 -0.367171 0.000000
vt 0.007854 -0.387569 0.000000
vt 0.000000 -0.407968 0.000000
vt 0.031416 0.020398 0.000000
vt 0.031416 -0.020398 0.000000
vt 0.031416 -0.061195 0.000000
vt 0.031416 -0.101992 0.000000
vt 0.031416 -0.142789 0.000000
vt 0.031416 -0.183585 0.000000
vt 0.031416 -0.224382 0.000000
vt 0.031416 -0.265179 0.000000
vt 0.031416 -0.305976 0.000000
vt 0.031416 -0.346772 0.000000
vt 0.031416 -0.387569 0.000000
vt 0.023562 0.020398 0.000000
vt 0.023562 -0.020398 0.000000
vt 0.023562 -0.061195 0.000000
vt 0.023562 -0.101992 0.000000
vt 0.023562 -0.142789 0.000000
vt 0.023562 -0.183585 0.000000
vt 0.023562 -0.224382 0.000000
vt 0.023562 -0.265179 0.000000
vt 0.023562 -0.305976 0.000000
vt 0.023562 -0.346772 0.000000
vt 0.023562 -0.387569 0.000000
vt 0.031416 0.061195 0.000000
vt 0.031416 0.101992 0.000000
vt 0.031416 0.142789 0.000000
vt 0.031416 0.183585 0.000000
vt 0.031416 0.224382 0.000000
vt 0.031416 0.265179 0.000000
vt 0.031416 0.305976 0.000000
vt 0.031416 0.346772 0.000000
vt 0.031416 0.387569 0.000000
vt 0.031416 0.428366 0.000000
vt 0.015708 0.020398 0.000000
vt 0.015708 -0.020398 0.000000
vt 0.015708 -0.061195 0.000000
vt 0.015708 -0.101992 0.000000
vt 0.015708 -0.142789 0.000000
vt 0.015708 -0.183585 0.000000
vt 0.015708 -0.224382 0.000000
vt 0.015708 -0.265179 0.000000
vt 0.015708 -0.305976 0.000000
vt 0.015708 -0.346772 0.000000
vt 0.015708 -0.387569 0.000000
vt 0.023562 0.061195 0.000000
vt 0.023562 0.101992 0.000000
vt 0.023562 0.142789 0.000000
vt 0.023562 0.183585 0.000000
vt 0.023562 0.224382 0.000000
vt 0.023562 0.265179 0.000000
vt 0.023562 0.305976 0.000000
vt 0.023562 0.346772 0.000000
vt 0.023562 0.387569 0.000000
vt 0.023562 0.428366 0.000000
vt 0.023562 0.469163 0.000000
vt 0.015708 0.061195 0.000000
vt 0.015708 0.101992 0.000000
vt 0.015708 0.142789 0.000000
vt 0.015708 0.183585 0.000000
vt 0.015708 0.224382 0.000000
vt 0.015708 0.265179 0.000000
vt 0.015708 0.305976 0.000000
vt 0.015708 0.346772 0.000000
vt 0.015708 0.387569 0.000000
vt 0.015708 0.428366 0.000000
vt 0.015708 0.469163 0.000000
vt 0.015708 0.509959 0.000000
vt 0.275000 -0.144338 0.000000
vt 0.397500 -0.212176 0.000000
vt 0.400000 -0.072169 0.000000
vt 0.429949 -0.189778 0.000000
vt 0.458385 -0.162465 0.000000
vt 0.150000 -0.072169 0.000000
vt 0.169970 -0.221345 0.000000
vt 0.206837 -0.235327 0.000000
vt 0.245469 -0.243214 0.000000
vt 0.150000 0.072169 0.000000
vt 0.030000 0.000000 0.000000
vt 0.033173 -0.039301 0.000000
vt 0.042609 -0.077584 0.000000
vt 0.275000 0.144338 0.000000
vt 0.169970 0.221345 0.000000
vt 0.135824 0.201631 0.000000
vt 0.105283 0.176695 0.000000
vt 0.400000 0.072169 0.000000
vt 0.397500 0.212176 0.000000
vt 0.361878 0.229079 0.000000
vt 0.324006 0.240049 0.000000
vt 0.519206 0.019714 0.000000
vt 0.512881 0.058632 0.000000
vt 0.500395 0.096032 0.000000
vt 0.058063 -0.113857 0.000000
vt 0.079137 -0.147182 0.000000
vt 0.105283 -0.176695 0.000000
vt 0.135824 -0.201631 0.000000
vt 0.284865 -0.244801 0.000000
vt 0.324006 -0.240049 0.000000
vt 0.361878 -0.229079 0.000000
vt 0.482072 -0.130944 0.000000
vt 0.500395 -0.096032 0.000000
vt 0.512881 -0.058632 0.000000
vt 0.519206 -0.019714 0.000000
vt 0.482072 0.130944 0.000000
vt 0.458385 0.162465 0.000000
vt 0.429949 0.189778 0.000000
vt 0.284865 0.244801 0.000000
vt 0.245469 0.243214 0.000000
vt 0.206837 0.235327 0.000000
vt 0.079137 0.147182 0.000000
vt 0.058063 0.113857 0.000000
vt 0.042609 0.077584 0.000000
vt 0.033173 0.039301 0.000000
vt -0.150000 -0.042143 0.000000
vt 0.120000 -0.000000 0.000000
vt -0.150000 0.000000 0.000000
vt 0.120000 0.042143 0.000000
vt -0.150000 0.042143 0.000000
vt 0.120000 0.084287 0.000000
vt -0.150000 0.084287 0.000000
vt 0.120000 0.126430 0.000000
vt -0.150000 0.126430 0.000000
vt 0.120000 0.168573 0.000000
vt -0.150000 0.168573 0.000000
vt 0.120000 0.210717 0.000000
vt -0.150000 0.210717 0.000000
vt 0.120000 0.252860 0.000000
vt -0.150000 0.252860 0.000000
vt 0.120000 0.295003 0.000000
vt -0.150000 0.295003 0.000000
vt 0.120000 0.337147 0.000000
vt -0.150000 0.337147 0.000000
vt 0.120000 0.379290 0.000000
vt -0.150000 0.379290 0.000000
vt 0.120000 0.421433 0.000000
vt -0.150000 0.421433 0.000000
vt 0.120000 0.463576 0.000000
vt -0.150000 0.463576 0.000000
vt 0.120000 0.505720 0.000000
vt -0.150000 0.505720 0.000000
vt 0.120000 0.547863 0.000000
vt -0.150000 0.547863 0.000000
vt 0.120000 0.590006 0.000000
vt -0.150000 0.590006 0.000000
vt 0.120000 0.632150 0.000000
vt -0.150000 0.632150 0.000000
vt 0.120000 0.674293 0.000000
vt -0.150000 0.674293 0.000000
vt 0.120000 0.716436 0.000000
vt -0.150000 0.716436 0.000000
vt 0.120000 0.758580 0.000000
vt -0.150000 0.758580 0.000000
vt 0.120000 0.800723 0.000000
vt -0.150000 0.800723 0.000000
vt 0.120000 0.842866 0.000000
vt -0.150000 0.842866 0.000000
vt -0.150000 -0.885010 0.000000
vt 0.120000 -0.885010 0.000000
vt 0.120000 -0.842866 0.000000
vt -0.150000 -0.842866 0.000000
vt 0.120000 -0.800723 0.000000
vt -0.150000 -0.800723 0.000000
vt 0.120000 -0.758580 0.000000
vt -0.150000 -0.758580 0.000000
vt 0.120000 -0.716436 0.000000
vt -0.150000 -0.716436 0.000000
vt 0.120000 -0.674293 0.000000
vt -0.150000 -0.674293 0.000000
vt 0.120000 -0.632150 0.000000
vt -0.150000 -0.632150 0.000000
vt 0.120000 -0.590006 0.000000
vt -0.150000 -0.590006 0.000000
vt 0.120000 -0.547863 0.000000
vt -0.150000 -0.547863 0.000000
vt 0.120000 -0.505720 0.000000
vt -0.150000 -0.505720 0.000000
vt 0.120000 -0.463576 0.000000
vt -0.150000 -0.463576 0.000000
vt 0.120000 -0.421433 0.000000
vt -0.150000 -0.421433 0.000000
vt 0.120000 -0.379290 0.000000
vt -0.150000 -0.379290 0.000000
vt 0.120000 -0.337147 0.000000
vt -0.150000 -0.337147 0.000000
vt 0.120000 -0.295003 0.000000
vt -0.150000 -0.295003 0.000000
vt 0.120000 -0.252860 0.000000
vt -0.150000 -0.252860 0.000000
vt 0.120000 -0.210717 0.000000
vt -0.150000 -0.210717 0.000000
vt 0.120000 -0.168573 0.000000
vt -0.150000 -0.168573 0.000000
vt 0.120000 -0.126430 0.000000
vt -0.150000 -0.126430 0.000000
vt 0.120000 -0.084287 0.000000
vt -0.150000 -0.084287 0.000000
vt 0.120000 -0.042143 0.000000
vt 0.072169 0.125477 0.000000
vt 0.000000 0.000000 0.000000
vt 0.144338 0.000000 0.000000
vt 0.000000 0.000000 0.000000
vt 0.144338 0.000000 0.000000
vt 0.072169 0.125477 0.000000
vt -0.000000 -0.000000 0.000000
vt 0.144338 0.000000 0.000000
vt -0.000000 0.000000 0.000000
vt 0.144338 0.000000 0.000000
vt 0.072169 0.125477 0.000000
vt -0.000000 0.000000 0.000000
vt 0.144338 0.000000 0.000000
vt -0.000000 0.000000 0.000000
vt 0.144338 0.000000 0.000000
vt -0.144338 -0.000000 0.000000
vt 0.000000 0.000000 0.000000
vt -0.144338 0.130000 0.000000
vt -0.000000 0.130000 0.000000
vt -0.144338 0.000000 0.000000
vt 0.000000 0.000000 0.000000
vt -0.144338 0.130000 0.000000
vt 0.000000 0.130000 0.000000
vt -0.144338 0.000000 0.000000
vt 0.000000 0.000000 0.000000
vt -0.144338 0.130000 0.000000
vt 0.000000 0.130000 0.000000
vt -0.144338 0.000000 0.000000
vt -0.000000 0.000000 0.000000
vt -0.144338 0.130000 0.000000
vt 0.000000 0.130000 0.000000
vt -0.144338 0.000000 0.000000
vt 0.000000 -0.000000 0.000000
vt -0.144338 0.130000 0.000000
vt 0.000000 0.130000 0.000000
vt -0.144338 0.000000 0.000000
vt -0.000000 0.000000 0.000000
vt -0.144338 0.130000 0.000000
vt -0.000000 0.130000 0.000000
vt -1.225385 0.429121 0.000000
vt -0.606539 0.429121 0.000000
vt -1.225385 0.459772 0.000000
vt -0.606539 0.459772 0.000000
vt -1.225385 -0.459772 0.000000
vt -0.606539 -0.459772 0.000000
vt -1.225385 -0.429121 0.000000
vt -0.606539 -0.429121 0.000000
vt -1.225385 -0.398469 0.000000
vt -0.606539 -0.398469 0.000000
vt -1.225385 -0.367818 0.000000
vt -0.606539 -0.367818 0.000000
vt -1.225385 -0.337166 0.000000
vt -0.606539 -0.337166 0.000000
vt -1.225385 -0.306515 0.000000
vt -0.606539 -0.306515 0.000000
vt -1.225385 -0.275863 0.000000
vt -0.606539 -0.275863 0.000000
vt -1.225385 -0.245212 0.000000
vt -0.606539 -0.245212 0.000000
vt -1.225385 -0.214560 0.000000
vt -0.606539 -0.214560 0.000000
vt -1.225385 -0.183909 0.000000
vt -0.606539 -0.183909 0.000000
vt -1.225385 -0.153257 0.000000
vt -0.606539 -0.153257 0.000000
vt -1.225385 -0.122606 0.000000
vt -0.606539 -0.122606 0.000000
vt -1.225385 -0.091954 0.000000
vt -0.606539 -0.091954 0.000000
vt -1.225385 -0.061303 0.000000
vt -0.606539 -0.061303 0.000000
vt -1.225385 -0.030651 0.000000
vt -0.606539 -0.030651 0.000000
vt -1.225385 0.000000 0.000000
vt -0.606539 0.000000 0.000000
vt -1.225385 0.030651 0.000000
vt -0.606539 0.030651 0.000000
vt -1.225385 0.061303 0.000000
vt -0.606539 0.061303 0.000000
vt -1.225385 0.091954 0.000000
vt -0.606539 0.091954 0.000000
vt -1.225385 0.122606 0.000000
vt -0.606539 0.122606 0.000000
vt -1.225385 0.153257 0.000000
vt -0.606539 0.153257 0.000000
vt -1.225385 0.183909 0.000000
vt -0.606539 0.183909 0.000000
vt -1.225385 0.214560 0.000000
vt -0.606539 0.214560 0.000000
vt -1.225385 0.245212 0.000000
vt -0.606539 0.245212 0.000000
vt -1.225385 0.275863 0.000000
vt -0.606539 0.275863 0.000000
vt -1.225385 0.306515 0.000000
vt -0.606539 0.306515 0.000000
vt -1.225385 0.337166 0.000000
vt -0.606539 0.337166 0.000000
vt -1.225385 0.367818 0.000000
vt -0.606539 0.367818 0.000000
vt -1.225385 0.398469 0.000000
vt -0.606539 0.398469 0.000000
vt 1.250000 -0.429121 0.000000
vt 0.631154 -0.429121 0.000000
vt 1.250000 -0.459772 0.000000
vt 0.631154 -0.459772 0.000000
vt 1.250000 0.459772 0.000000
vt 0.631154 0.459772 0.000000
vt 1.250000 0.429121 0.000000
vt 0.631154 0.429121 0.000000
vt 1.250000 0.398469 0.000000
vt 0.631154 0.398469 0.000000
vt 1.250000 0.367818 0.000000
vt 0.631154 0.367818 0.000000
vt 1.250000 0.337166 0.000000
vt 0.631154 0.337166 0.000000
vt 1.250000 0.306515 0.000000
vt 0.631154 0.306515 0.000000
vt 1.250000 0.275863 0.000000
vt 0.631154 0.275863 0.000000
vt 1.250000 0.245212 0.000000
vt 0.631154 0.245212 0.000000
vt 1.250000 0.214560 0.000000
vt 0.631154 0.214560 0.000000
vt 1.250000 0.183909 0.000000
vt 0.631154 0.183909 0.000000
vt 1.250000 0.153257 0.000000
vt 0.631154 0.153257 0.000000
vt 1.250000 0.122606 0.000000
vt 0.631154 0.122606 0.000000
vt 1.250000 0.091954 0.000000
vt 0.631154 0.091954 0.000000
vt 1.250000 0.061303 0.000000
vt 0.631154 0.061303 0.000000
vt 1.250000 0.030651 0.000000
vt 0.631154 0.030651 0.000000
vt 1.250000 0.000000 0.000000
vt 0.631154 0.000000 0.000000
vt 1.250000 -0.030651 0.000000
vt 0.631154 -0.030651 0.000000
vt 1.250000 -0.061303 0.000000
vt 0.631154 -0.061303 0.000000
vt 1.250000 -0.091954 0.000000
vt 0.631154 -0.091954 0.000000
vt 1.250000 -0.122606 0.000000
vt 0.631154 -0.122606 0.000000
vt 1.250000 -0.153257 0.000000
vt 0.631154 -0.153257 0.000000
vt 1.250000 -0.183909 0.000000
vt 0.631154 -0.183909 0.000000
vt 1.250000 -0.214560 0.000000
vt 0.631154 -0.214560 0.000000
vt 1.250000 -0.245212 0.000000
vt 0.631154 -0.245212 0.000000
vt 1.250000 -0.275863 0.000000
vt 0.631154 -0.275863 0.000000
vt 1.250000 -0.306515 0.000000
vt 0.631154 -0.306515 0.000000
vt 1.250000 -0.337166 0.000000
vt 0.631154 -0.337166 0.000000
vt 1.250000 -0.367818 0.000000
vt 0.631154 -0.367818 0.000000
vt 1.250000 -0.398469 0.000000
vt 0.631154 -0.398469 0.000000
vt 0.012307 -0.459772 0.000000
vt 0.012307 -0.429121 0.000000
vt 0.012307 -0.398469 0.000000
vt 0.012307 -0.367818 0.000000
vt 0.012307 -0.337166 0.000000
vt 0.012307 -0.306515 0.000000
vt 0.012307 -0.275863 0.000000
vt 0.012307 -0.245212 0.000000
vt 0.012307 -0.214560 0.000000
vt 0.012307 -0.183909 0.000000
vt 0.012307 -0.153257 0.000000
vt 0.012307 -0.122606 0.000000
vt 0.012307 -0.091954 0.000000
vt 0.012307 -0.061303 0.000000
vt 0.012307 -0.030651 0.000000
vt 0.012307 0.000000 0.000000
vt 0.012307 0.030651 0.000000
vt 0.012307 0.061303 0.000000
vt 0.012307 0.091954 0.000000
vt 0.012307 0.122606 0.000000
vt 0.012307 0.153257 0.000000
vt 0.012307 0.183909 0.000000
vt 0.012307 0.214560 0.000000
vt 0.012307 0.245212 0.000000
vt 0.012307 0.275863 0.000000
vt 0.012307 0.306515 0.000000
vt 0.012307 0.337166 0.000000
vt 0.012307 0.367818 0.000000
vt 0.012307 0.398469 0.000000
vt 0.012307 0.429121 0.000000
vt 0.012307 0.459772 0.000000
vt 0.119328 0.000000 0.000000
vt 0.116111 0.027519 0.000000
vt 0.116111 -0.027519 0.000000
vt 0.106635 0.053554 0.000000
vt 0.106635 -0.053554 0.000000
vt 0.091410 0.076702 0.000000
vt 0.091410 -0.076702 0.000000
vt 0.071257 0.095715 0.000000
vt 0.071257 -0.095715 0.000000
vt 0.047263 0.109568 0.000000
vt 0.020721 0.117515 0.000000
vt -0.006938 0.119126 0.000000
vt -0.034224 0.114314 0.000000
vt -0.059664 0.103341 0.000000
vt -0.081887 0.086796 0.000000
vt -0.099697 0.065572 0.000000
vt -0.112131 0.040812 0.000000
vt -0.118521 0.013853 0.000000
vt -0.118521 -0.013853 0.000000
vt -0.112131 -0.040812 0.000000
vt -0.099697 -0.065572 0.000000
vt -0.081887 -0.086796 0.000000
vt 0.047263 -0.109568 0.000000
vt -0.059664 -0.103341 0.000000
vt -0.034224 -0.114314 0.000000
vt -0.006938 -0.119126 0.000000
vt 0.020721 -0.117515 0.000000
vt 0.121777 -0.041979 0.000000
vt 0.125000 0.000000 0.000000
vt -0.003650 0.000000 0.000000
vt 0.121777 0.041979 0.000000
vt -0.006848 0.030428 0.000000
vt 0.112184 0.082973 0.000000
vt -0.016303 0.059526 0.000000
vt 0.096446 0.122023 0.000000
vt -0.031600 0.086022 0.000000
vt 0.074931 0.158213 0.000000
vt 0.048143 0.190694 0.000000
vt -0.052073 0.108759 0.000000
vt 0.016712 0.218706 0.000000
vt -0.076825 0.126743 0.000000
vt -0.018627 0.241591 0.000000
vt -0.057045 0.258814 0.000000
vt -0.104775 0.139187 0.000000
vt -0.097642 0.269970 0.000000
vt -0.134702 0.145548 0.000000
vt -0.139467 0.274798 0.000000
vt -0.165298 0.145548 0.000000
vt -0.181538 0.273186 0.000000
vt -0.222870 0.265170 0.000000
vt -0.195225 0.139187 0.000000
vt -0.262494 0.250938 0.000000
vt -0.223175 0.126743 0.000000
vt -0.299481 0.230825 0.000000
vt -0.247927 0.108759 0.000000
vt -0.332965 0.205302 0.000000
vt -0.362160 0.174967 0.000000
vt -0.268400 0.086022 0.000000
vt -0.386382 0.140530 0.000000
vt -0.283697 0.059526 0.000000
vt -0.405063 0.102800 0.000000
vt -0.293152 0.030428 0.000000
vt -0.417766 0.062660 0.000000
vt -0.424193 0.021051 0.000000
vt -0.296350 0.000000 0.000000
vt -0.424193 -0.021051 0.000000
vt -0.293152 -0.030428 0.000000
vt -0.417766 -0.062660 0.000000
vt -0.405063 -0.102800 0.000000
vt -0.283697 -0.059526 0.000000
vt -0.386382 -0.140530 0.000000
vt -0.268400 -0.086022 0.000000
vt -0.362160 -0.174967 0.000000
vt -0.247927 -0.108759 0.000000
vt -0.332965 -0.205302 0.000000
vt -0.299481 -0.230825 0.000000
vt -0.223175 -0.126743 0.000000
vt -0.262494 -0.250938 0.000000
vt -0.195225 -0.139187 0.000000
vt -0.222870 -0.265170 0.000000
vt -0.165298 -0.145548 0.000000
vt -0.181538 -0.273186 0.000000
vt -0.139467 -0.274798 0.000000
vt -0.134702 -0.145548 0.000000
vt -0.097642 -0.269970 0.000000
vt -0.104775 -0.139187 0.000000
vt -0.057045 -0.258814 0.000000
vt -0.076825 -0.126743 0.000000
vt -0.018627 -0.241591 0.000000
vt 0.016712 -0.218706 0.000000
vt -0.052073 -0.108759 0.000000
vt 0.048143 -0.190694 0.000000
vt -0.031600 -0.086022 0.000000
vt 0.074931 -0.158213 0.000000
vt 0.096446 -0.122023 0.000000
vt -0.016303 -0.059526 0.000000
vt 0.112184 -0.082973 0.000000
vt -0.006848 -0.030428 0.000000
vn 65.869178 14.000926 73.927163
vn 66.885401 7.817782 73.927163
vn 67.340735 0.000000 73.927163
vn 66.885401 -7.817782 73.927163
vn 65.869178 -14.000926 73.927163
vn 63.279592 -23.031888 73.927163
vn 61.518823 -27.389945 73.927163
vn 56.262363 -37.004339 73.927163
vn 54.479799 -39.581891 73.927163
vn 46.212016 -48.981876 73.927163
vn 45.059747 -50.043919 73.927163
vn 33.670368 -58.318787 73.927163
vn 33.670368 -58.318787 73.927163
vn 20.809432 -64.044845 73.927163
vn 19.313541 -64.511718 73.927163
vn 7.039024 -66.971835 73.927163
vn 3.915516 -67.226805 73.927163
vn -7.039024 -66.971835 73.927163
vn -11.693596 -66.317678 73.927163
vn -20.809432 -64.044845 73.927163
vn -26.672303 -61.833348 73.927163
vn -33.670368 -58.318787 73.927163
vn -40.213099 -54.015565 73.927163
vn -45.059747 -50.043919 73.927163
vn -51.585996 -43.285790 73.927163
vn -54.479799 -39.581891 73.927163
vn -60.177879 -30.222467 73.927163
vn -61.518823 -27.389945 73.927163
vn -65.525557 -15.529842 73.927163
vn -65.869178 -14.000926 73.927163
vn -67.340735 0.000000 73.927163
vn -67.340735 0.000000 73.927163
vn -65.869178 14.000926 73.927163
vn -65.525557 15.529842 73.927163
vn -61.518823 27.389945 73.927163
vn -60.177879 30.222467 73.927163
vn -54.479799 39.581891 73.927163
vn -51.585996 43.285790 73.927163
vn -45.059747 50.043919 73.927163
vn -40.213099 54.015565 73.927163
vn -33.670368 58.318787 73.927163
vn -26.672303 61.833348 73.927163
vn -20.809432 64.044845 73.927163
vn -11.693596 66.317678 73.927163
vn -7.039024 66.971835 73.927163
vn 3.915516 67.226805 73.927163
vn 7.039024 66.971835 73.927163
vn 19.313541 64.511718 73.927163
vn 20.809432 64.044845 73.927163
vn 33.670368 58.318787 73.927163
vn 33.670368 58.318787 73.927163
vn 45.059747 50.043919 73.927163
vn 46.212016 48.981876 73.927163
vn 54.479799 39.581891 73.927163
vn 56.262363 37.004339 73.927163
vn 61.518823 27.389945 73.927163
vn 63.279592 23.031888 73.927163
vn -0.000000 -0.000000 -100.000000
vn -25.805962 -1.981240 -96.592583
vn -0.000000 -0.000000 -100.000000
vn -25.805962 1.981240 -96.592583
vn -0.000000 0.000000 -100.000000
vn -25.201092 5.897283 -96.592583
vn -0.000000 0.000000 -100.000000
vn -24.005530 9.675098 -96.592583
vn -0.000000 -0.000000 -100.000000
vn -22.247298 13.226137 -96.592583
vn -0.000000 0.000000 -100.000000
vn -19.967609 16.467166 -96.592583
vn -0.000000 0.000000 -100.000000
vn -17.219896 19.322219 -96.592583
vn -0.000000 0.000000 -100.000000
vn -14.068563 21.724376 -96.592583
vn -0.000000 0.000000 -100.000000
vn -10.587475 23.617331 -96.592583
vn -0.000000 0.000000 -100.000000
vn -6.858226 24.956717 -96.592583
vn -0.000000 -0.000000 -100.000000
vn -2.968225 25.711138 -96.592583
vn -0.000000 0.000000 -100.000000
vn 0.991348 25.862912 -96.592583
vn 4.927685 25.408481 -96.592583
vn 1.915137 49.963309 -86.602540
vn 9.519555 49.085416 -86.602540
vn 2.708412 70.658789 -70.710678
vn 13.462684 69.417261 -70.710678
vn 3.317114 86.538990 -50.000000
vn 16.488354 85.018434 -50.000000
vn 3.699760 96.521701 -25.881905
vn 18.390369 94.825742 -25.881905
vn 11.468343 99.340209 -0.000000
vn 26.498150 96.425350 0.000000
vn -25.201092 -5.897283 -96.592583
vn -0.000000 -0.000000 -100.000000
vn -24.005530 -9.675098 -96.592583
vn -0.000000 -0.000000 -100.000000
vn -22.247298 -13.226137 -96.592583
vn -0.000000 -0.000000 -100.000000
vn -19.967609 -16.467166 -96.592583
vn -0.000000 -0.000000 -100.000000
vn -17.219896 -19.322219 -96.592583
vn -0.000000 -0.000000 -100.000000
vn -14.068563 -21.724376 -96.592583
vn -0.000000 -0.000000 -100.000000
vn -10.587475 -23.617331 -96.592583
vn -0.000000 -0.000000 -100.000000
vn -6.858226 -24.956717 -96.592583
vn -0.000000 0.000000 -100.000000
vn -2.968225 -25.711138 -96.592583
vn -0.000000 -0.000000 -100.000000
vn 0.991348 -25.862912 -96.592583
vn 4.927685 -25.408481 -96.592583
vn 9.519555 -49.085416 -86.602540
vn 16.900844 -47.057002 -86.602540
vn 23.901403 -66.548651 -70.710678
vn 33.779892 -62.120197 -70.710678
vn 41.371750 -76.081393 -50.000000
vn 52.500661 -68.874383 -50.000000
vn 58.556878 -76.819392 -25.881905
vn 69.597042 -66.980436 -25.881905
vn 66.532570 -74.655322 0.000000
vn 77.148918 -63.624244 -0.000000
vn 79.005909 -55.571515 -25.881905
vn 85.956961 -51.101868 -0.000000
vn 86.562946 -42.860045 -25.881905
vn 92.750245 -37.381707 -0.000000
vn 92.091020 -29.143972 -25.881905
vn 97.369542 -22.785351 -0.000000
vn 95.460558 -14.744789 -25.881905
vn 99.706580 -7.654925 -0.000000
vn 96.592583 -0.000000 -25.881905
vn 99.706580 7.654925 -0.000000
vn 95.460558 14.744789 -25.881905
vn 97.369542 22.785351 -0.000000
vn 92.091020 29.143972 -25.881905
vn 92.750245 37.381707 -0.000000
vn 86.562946 42.860045 -25.881905
vn 85.956961 51.101868 -0.000000
vn 79.005909 55.571515 -25.881905
vn 77.148918 63.624244 -0.000000
vn 69.597042 66.980436 -25.881905
vn 66.532570 74.655322 0.000000
vn 58.556878 76.819392 -25.881905
vn 54.356755 83.936543 -0.000000
vn 46.144191 84.857767 -25.881905
vn 40.906864 91.250362 -0.000000
vn 32.649923 90.907148 -25.881905
vn -0.000000 0.000000 -100.000000
vn 8.748521 -24.358497 -96.592583
vn 23.885991 -43.925613 -86.602540
vn 42.866610 -56.235698 -70.710678
vn 62.399000 -60.053016 -50.000000
vn -0.000000 -0.000000 -100.000000
vn 12.364299 -22.737570 -96.592583
vn 30.311271 -39.764644 -86.602540
vn 50.948570 -49.033082 -70.710678
vn 70.834760 -49.824058 -50.000000
vn -0.000000 -0.000000 -100.000000
vn 15.690268 -20.583694 -96.592583
vn 36.026080 -34.671625 -86.602540
vn 57.836340 -40.681173 -70.710678
vn 77.610214 -38.427265 -50.000000
vn -0.000000 -0.000000 -100.000000
vn 18.648471 -17.947354 -96.592583
vn 40.896468 -28.765933 -86.602540
vn 63.368474 -31.375731 -70.710678
vn 82.566550 -26.129770 -50.000000
vn -0.000000 -0.000000 -100.000000
vn 21.169570 -14.890343 -96.592583
vn 44.808278 -22.185992 -86.602540
vn 67.415305 -21.334868 -70.710678
vn 85.587595 -13.219816 -50.000000
vn -0.000000 0.000000 -100.000000
vn 23.194471 -11.484314 -96.592583
vn 47.669820 -15.086030 -86.602540
vn 69.881979 -10.793934 -70.710678
vn 86.602540 -0.000000 -50.000000
vn -0.000000 0.000000 -100.000000
vn 24.675714 -7.809104 -96.592583
vn 49.414021 -7.632464 -86.602540
vn 70.710678 -0.000000 -70.710678
vn 85.587595 13.219816 -50.000000
vn -0.000000 -0.000000 -100.000000
vn 25.578580 -3.950854 -96.592583
vn 50.000000 -0.000000 -86.602540
vn 69.881979 10.793934 -70.710678
vn 82.566550 26.129770 -50.000000
vn -0.000000 0.000000 -100.000000
vn 25.881905 -0.000000 -96.592583
vn 49.414021 7.632464 -86.602540
vn 67.415305 21.334868 -70.710678
vn 77.610214 38.427265 -50.000000
vn -0.000000 0.000000 -100.000000
vn 25.578580 3.950854 -96.592583
vn 47.669820 15.086030 -86.602540
vn 63.368474 31.375731 -70.710678
vn 70.834760 49.824058 -50.000000
vn -0.000000 0.000000 -100.000000
vn 24.675714 7.809104 -96.592583
vn 44.808278 22.185992 -86.602540
vn 57.836340 40.681173 -70.710678
vn 62.399000 60.053016 -50.000000
vn -0.000000 -0.000000 -100.000000
vn 23.194471 11.484314 -96.592583
vn 40.896468 28.765933 -86.602540
vn 50.948570 49.033082 -70.710678
vn 52.500661 68.874383 -50.000000
vn -0.000000 0.000000 -100.000000
vn 21.169570 14.890343 -96.592583
vn 36.026080 34.671625 -86.602540
vn 42.866610 56.235698 -70.710678
vn 41.371750 76.081393 -50.000000
vn -0.000000 -0.000000 -100.000000
vn 18.648471 17.947354 -96.592583
vn 30.311271 39.764644 -86.602540
vn 33.779892 62.120197 -70.710678
vn 29.273120 81.505119 -50.000000
vn -0.000000 -0.000000 -100.000000
vn 15.690268 20.583694 -96.592583
vn 23.885991 43.925613 -86.602540
vn 23.901403 66.548651 -70.710678
vn -0.000000 0.000000 -100.000000
vn 12.364299 22.737570 -96.592583
vn 16.900844 47.057002 -86.602540
vn -0.000000 0.000000 -100.000000
vn 8.748521 24.358497 -96.592583
vn -0.000000 -0.000000 -100.000000
vn -98.828042 15.264928 0.000000
vn -96.309161 7.394090 -25.881905
vn -100.000000 0.000000 0.000000
vn -96.309161 -7.394090 -25.881905
vn -98.828042 -15.264928 0.000000
vn -94.051756 -22.008959 -25.881905
vn -95.339639 -30.172060 0.000000
vn -89.589857 -36.107956 -25.881905
vn -89.616556 -44.371984 0.000000
vn -83.028048 -49.360614 -25.881905
vn -81.792936 -57.531866 0.000000
vn -74.520132 -61.456301 -25.881905
vn -72.052159 -69.343250 0.000000
vn -64.265528 -72.111504 -25.881905
vn -60.622541 -79.529287 0.000000
vn -52.504593 -81.076474 -25.881905
vn -47.771982 -87.851225 0.000000
vn -39.512996 -88.141081 -25.881905
vn -33.801688 -94.114005 0.000000
vn -25.595248 -93.139735 -25.881905
vn -19.039111 -98.170832 0.000000
vn -11.077568 -95.955273 -25.881905
vn -3.830273 -99.926618 -0.000000
vn 3.699760 -96.521701 -25.881905
vn 11.468343 -99.340209 -0.000000
vn 18.390369 -94.825742 -25.881905
vn 26.498150 -96.425350 0.000000
vn 32.649923 -90.907148 -25.881905
vn 40.906864 -91.250362 -0.000000
vn 46.144191 -84.857767 -25.881905
vn 54.356755 -83.936543 -0.000000
vn -94.051756 22.008959 -25.881905
vn -95.339639 30.172060 0.000000
vn -89.589857 36.107956 -25.881905
vn -89.616556 44.371984 0.000000
vn -83.028048 49.360614 -25.881905
vn -81.792936 57.531866 0.000000
vn -74.520132 61.456301 -25.881905
vn -72.052159 69.343250 0.000000
vn -64.265528 72.111504 -25.881905
vn -60.622541 79.529287 0.000000
vn -52.504593 81.076474 -25.881905
vn -47.771982 87.851225 0.000000
vn -39.512996 88.141081 -25.881905
vn -33.801688 94.114005 0.000000
vn -25.595248 93.139735 -25.881905
vn -19.039111 98.170832 0.000000
vn -11.077568 95.955273 -25.881905
vn -3.830273 99.926618 -0.000000
vn -49.853290 -3.827463 -86.602540
vn -49.853290 3.827463 -86.602540
vn -48.684771 11.392675 -86.602540
vn -46.375123 18.690854 -86.602540
vn -42.978480 25.550934 -86.602540
vn -38.574459 31.812122 -86.602540
vn -33.266285 37.327661 -86.602540
vn -27.178378 41.968271 -86.602540
vn -20.453432 45.625181 -86.602540
vn -13.249075 48.212675 -86.602540
vn -5.734171 49.670104 -86.602540
vn -70.503199 -5.412850 -70.710678
vn -70.503199 5.412850 -70.710678
vn -68.850664 16.111676 -70.710678
vn -65.584327 26.432859 -70.710678
vn -60.780750 36.134477 -70.710678
vn -54.552523 44.989135 -70.710678
vn -47.045631 52.789285 -70.710678
vn -38.436030 59.352098 -70.710678
vn -28.925521 64.523750 -70.710678
vn -18.737022 68.183019 -70.710678
vn -8.109343 70.244135 -70.710678
vn -48.684771 -11.392675 -86.602540
vn -46.375123 -18.690854 -86.602540
vn -42.978480 -25.550934 -86.602540
vn -38.574459 -31.812122 -86.602540
vn -33.266285 -37.327661 -86.602540
vn -27.178378 -41.968271 -86.602540
vn -20.453432 -45.625181 -86.602540
vn -13.249075 -48.212675 -86.602540
vn -5.734171 -49.670104 -86.602540
vn 1.915137 -49.963309 -86.602540
vn -86.348431 -6.629360 -50.000000
vn -86.348431 6.629360 -50.000000
vn -84.324497 19.732693 -50.000000
vn -80.324068 32.373508 -50.000000
vn -74.440912 44.255516 -50.000000
vn -66.812923 55.100212 -50.000000
vn -57.618896 64.653406 -50.000000
vn -47.074331 72.691178 -50.000000
vn -35.426383 79.025131 -50.000000
vn -22.948071 83.506802 -50.000000
vn -9.931876 86.031145 -50.000000
vn -68.850664 -16.111676 -70.710678
vn -65.584327 -26.432859 -70.710678
vn -60.780750 -36.134477 -70.710678
vn -54.552523 -44.989135 -70.710678
vn -47.045631 -52.789285 -70.710678
vn -38.436030 -59.352098 -70.710678
vn -28.925521 -64.523750 -70.710678
vn -18.737022 -68.183019 -70.710678
vn -8.109343 -70.244135 -70.710678
vn 2.708412 -70.658789 -70.710678
vn 13.462684 -69.417261 -70.710678
vn -84.324497 -19.732693 -50.000000
vn -80.324068 -32.373508 -50.000000
vn -74.440912 -44.255516 -50.000000
vn -66.812923 -55.100212 -50.000000
vn -57.618896 -64.653406 -50.000000
vn -47.074331 -72.691178 -50.000000
vn -35.426383 -79.025131 -50.000000
vn -22.948071 -83.506802 -50.000000
vn -9.931876 -86.031145 -50.000000
vn 3.317114 -86.538990 -50.000000
vn 16.488354 -85.018434 -50.000000
vn 29.273120 -81.505119 -50.000000
vn -0.000000 -0.000000 -100.000000
vn -0.000000 -0.000000 -100.000000
vn -0.000000 -0.000000 -100.000000
vn -0.000000 -0.000000 -100.000000
vn -0.000000 -0.000000 -100.000000
vn -0.000000 -0.000000 -100.000000
vn -98.828042 15.264928 0.000000
vn -100.000000 0.000000 0.000000
vn -98.828042 -15.264928 0.000000
vn -95.339639 -30.172060 0.000000
vn -89.616556 -44.371984 0.000000
vn -81.792936 -57.531866 0.000000
vn -72.052159 -69.343250 0.000000
vn -60.622541 -79.529287 0.000000
vn -47.771982 -87.851225 0.000000
vn -33.801688 -94.114005 0.000000
vn -19.039111 -98.170832 0.000000
vn -3.830273 -99.926618 0.000000
vn 11.468343 -99.340209 -0.000000
vn 26.498150 -96.425350 -0.000000
vn 40.906864 -91.250362 -0.000000
vn 54.356755 -83.936543 -0.000000
vn 66.532570 -74.655322 -0.000000
vn 77.148918 -63.624244 -0.000000
vn 85.956961 -51.101868 -0.000000
vn 92.750245 -37.381707 -0.000000
vn 97.369542 -22.785351 -0.000000
vn 99.706580 -7.654925 -0.000000
vn 99.706580 7.654925 -0.000000
vn 97.369542 22.785351 -0.000000
vn 92.750245 37.381707 -0.000000
vn 85.956961 51.101868 -0.000000
vn 77.148918 63.624244 -0.000000
vn 66.532570 74.655322 -0.000000
vn 54.356755 83.936543 -0.000000
vn 40.906864 91.250362 -0.000000
vn 26.498150 96.425350 -0.000000
vn 11.468343 99.340209 -0.000000
vn -3.830273 99.926618 0.000000
vn -19.039111 98.170832 0.000000
vn -33.801688 94.114005 0.000000
vn -47.771982 87.851225 0.000000
vn -60.622541 79.529287 0.000000
vn -72.052159 69.343250 0.000000
vn -81.792936 57.531866 0.000000
vn -89.616556 44.371984 0.000000
vn -95.339639 30.172060 0.000000
vn -4.357787 -7.547909 -99.619470
vn -4.357787 -7.547909 -99.619470
vn -4.357787 -7.547909 -99.619470
vn -8.715574 -0.000000 -99.619470
vn -8.715574 -0.000000 -99.619470
vn -8.715574 -0.000000 -99.619470
vn -4.357787 7.547909 -99.619470
vn -4.357787 7.547909 -99.619470
vn -4.357787 7.547909 -99.619470
vn 4.357787 7.547909 -99.619470
vn 4.357787 7.547909 -99.619470
vn 4.357787 7.547909 -99.619470
vn 8.715574 0.000000 -99.619470
vn 8.715574 0.000000 -99.619470
vn 8.715574 0.000000 -99.619470
vn 4.357787 -7.547909 -99.619470
vn 4.357787 -7.547909 -99.619470
vn 4.357787 -7.547909 -99.619470
vn -50.000000 -86.602540 0.000000
vn -50.000000 -86.602540 0.000000
vn -50.000000 -86.602540 0.000000
vn -50.000000 -86.602540 0.000000
vn -100.000000 0.000000 0.000000
vn -100.000000 0.000000 0.000000
vn -100.000000 0.000000 0.000000
vn -100.000000 0.000000 0.000000
vn -50.000000 86.602540 0.000000
vn -50.000000 86.602540 0.000000
vn -50.000000 86.602540 0.000000
vn -50.000000 86.602540 0.000000
vn 50.000000 86.602540 0.000000
vn 50.000000 86.602540 0.000000
vn 50.000000 86.602540 0.000000
vn 50.000000 86.602540 0.000000
vn 100.000000 0.000000 0.000000
vn 100.000000 0.000000 0.000000
vn 100.000000 0.000000 0.000000
vn 100.000000 0.000000 0.000000
vn 50.000000 -86.602540 0.000000
vn 50.000000 -86.602540 0.000000
vn 50.000000 -86.602540 0.000000
vn 50.000000 -86.602540 0.000000
vn 97.814760 -20.791169 -0.000000
vn 97.814760 -20.791169 -0.000000
vn 100.000000 -0.000000 -0.000000
vn 100.000000 -0.000000 -0.000000
vn 97.814760 20.791169 -0.000000
vn 97.814760 20.791169 -0.000000
vn 91.354546 40.673664 -0.000000
vn 91.354546 40.673664 -0.000000
vn 80.901699 58.778525 -0.000000
vn 80.901699 58.778525 -0.000000
vn 66.913061 74.314483 -0.000000
vn 66.913061 74.314483 -0.000000
vn 50.000000 86.602540 -0.000000
vn 50.000000 86.602540 -0.000000
vn 30.901699 95.105652 -0.000000
vn 30.901699 95.105652 -0.000000
vn 10.452846 99.452190 -0.000000
vn 10.452846 99.452190 -0.000000
vn -10.452846 99.452190 0.000000
vn -10.452846 99.452190 0.000000
vn -30.901699 95.105652 0.000000
vn -30.901699 95.105652 0.000000
vn -50.000000 86.602540 0.000000
vn -50.000000 86.602540 0.000000
vn -66.913061 74.314483 0.000000
vn -66.913061 74.314483 0.000000
vn -80.901699 58.778525 0.000000
vn -80.901699 58.778525 0.000000
vn -91.354546 40.673664 0.000000
vn -91.354546 40.673664 0.000000
vn -97.814760 20.791169 0.000000
vn -97.814760 20.791169 0.000000
vn -100.000000 0.000000 0.000000
vn -100.000000 0.000000 0.000000
vn -97.814760 -20.791169 0.000000
vn -97.814760 -20.791169 0.000000
vn -91.354546 -40.673664 0.000000
vn -91.354546 -40.673664 0.000000
vn -80.901699 -58.778525 0.000000
vn -80.901699 -58.778525 0.000000
vn -66.913061 -74.314483 0.000000
vn -66.913061 -74.314483 0.000000
vn -50.000000 -86.602540 0.000000
vn -50.000000 -86.602540 0.000000
vn -30.901699 -95.105652 0.000000
vn -30.901699 -95.105652 0.000000
vn -10.452846 -99.452190 0.000000
vn -10.452846 -99.452190 0.000000
vn 10.452846 -99.452190 -0.000000
vn 10.452846 -99.452190 -0.000000
vn 30.901699 -95.105652 -0.000000
vn 30.901699 -95.105652 -0.000000
vn 50.000000 -86.602540 -0.000000
vn 50.000000 -86.602540 -0.000000
vn 66.913061 -74.314483 -0.000000
vn 66.913061 -74.314483 -0.000000
vn 80.901699 -58.778525 -0.000000
vn 80.901699 -58.778525 -0.000000
vn 91.354546 -40.673664 -0.000000
vn 91.354546 -40.673664 -0.000000
vn 97.814760 20.791169 -0.000000
vn 97.814760 20.791169 -0.000000
vn 100.000000 0.000000 -0.000000
vn 100.000000 0.000000 -0.000000
vn 97.814760 -20.791169 -0.000000
vn 97.814760 -20.791169 -0.000000
vn 91.354546 -40.673664 -0.000000
vn 91.354546 -40.673664 -0.000000
vn 80.901699 -58.778525 -0.000000
vn 80.901699 -58.778525 -0.000000
vn 66.913061 -74.314483 -0.000000
vn 66.913061 -74.314483 -0.000000
vn 50.000000 -86.602540 -0.000000
vn 50.000000 -86.602540 -0.000000
vn 30.901699 -95.105652 -0.000000
vn 30.901699 -95.105652 -0.000000
vn 10.452846 -99.452190 -0.000000
vn 10.452846 -99.452190 -0.000000
vn -10.452846 -99.452190 0.000000
vn -10.452846 -99.452190 0.000000
vn -30.901699 -95.105652 0.000000
vn -30.901699 -95.105652 0.000000
vn -50.000000 -86.602540 0.000000
vn -50.000000 -86.602540 0.000000
vn -66.913061 -74.314483 0.000000
vn -66.913061 -74.314483 0.000000
vn -80.901699 -58.778525 0.000000
vn -80.901699 -58.778525 0.000000
vn -91.354546 -40.673664 0.000000
vn -91.354546 -40.673664 0.000000
vn -97.814760 -20.791169 0.000000
vn -97.814760 -20.791169 0.000000
vn -100.000000 0.000000 0.000000
vn -100.000000 0.000000 0.000000
vn -97.814760 20.791169 0.000000
vn -97.814760 20.791169 0.000000
vn -91.354546 40.673664 0.000000
vn -91.354546 40.673664 0.000000
vn -80.901699 58.778525 0.000000
vn -80.901699 58.778525 0.000000
vn -66.913061 74.314483 0.000000
vn -66.913061 74.314483 0.000000
vn -50.000000 86.602540 0.000000
vn -50.000000 86.602540 0.000000
vn -30.901699 95.105652 0.000000
vn -30.901699 95.105652 0.000000
vn -10.452846 99.452190 0.000000
vn -10.452846 99.452190 0.000000
vn 10.452846 99.452190 -0.000000
vn 10.452846 99.452190 -0.000000
vn 30.901699 95.105652 -0.000000
vn 30.901699 95.105652 -0.000000
vn 50.000000 86.602540 -0.000000
vn 50.000000 86.602540 -0.000000
vn 66.913061 74.314483 -0.000000
vn 66.913061 74.314483 -0.000000
vn 80.901699 58.778525 -0.000000
vn 80.901699 58.778525 -0.000000
vn 91.354546 40.673664 -0.000000
vn 91.354546 40.673664 -0.000000
vn 100.000000 0.000000 -0.000000
vn 97.814760 20.791169 -0.000000
vn 91.354546 40.673664 -0.000000
vn 80.901699 58.778525 -0.000000
vn 66.913061 74.314483 -0.000000
vn 50.000000 86.602540 -0.000000
vn 30.901699 95.105652 -0.000000
vn 10.452846 99.452190 -0.000000
vn -10.452846 99.452190 0.000000
vn -30.901699 95.105652 0.000000
vn -50.000000 86.602540 0.000000
vn -66.913061 74.314483 0.000000
vn -80.901699 58.778525 0.000000
vn -91.354546 40.673664 0.000000
vn -97.814760 20.791169 0.000000
vn -100.000000 0.000000 0.000000
vn -97.814760 -20.791169 0.000000
vn -91.354546 -40.673664 0.000000
vn -80.901699 -58.778525 0.000000
vn -66.913061 -74.314483 0.000000
vn -50.000000 -86.602540 0.000000
vn -30.901699 -95.105652 0.000000
vn -10.452846 -99.452190 0.000000
vn 10.452846 -99.452190 -0.000000
vn 30.901699 -95.105652 -0.000000
vn 50.000000 -86.602540 -0.000000
vn 66.913061 -74.314483 -0.000000
vn 80.901699 -58.778525 -0.000000
vn 91.354546 -40.673664 -0.000000
vn 97.814760 -20.791169 -0.000000
vn 0.000000 0.000000 100.000000
vn 0.000000 0.000000 100.000000
vn 0.000000 0.000000 100.000000
vn 0.000000 0.000000 100.000000
vn 0.000000 0.000000 100.000000
vn 0.000000 0.000000 100.000000
vn 0.000000 0.000000 100.000000
vn 0.000000 0.000000 100.000000
vn 0.000000 0.000000 100.000000
vn 0.000000 0.000000 100.000000
vn 0.000000 0.000000 100.000000
vn 0.000000 0.000000 100.000000
vn 0.000000 0.000000 100.000000
vn 0.000000 0.000000 100.000000
vn 0.000000 0.000000 100.000000
vn 0.000000 0.000000 100.000000
vn 0.000000 0.000000 100.000000
vn 0.000000 0.000000 100.000000
vn 0.000000 0.000000 100.000000
vn 0.000000 0.000000 100.000000
vn 0.000000 0.000000 100.000000
vn 0.000000 0.000000 100.000000
vn 0.000000 0.000000 100.000000
vn 0.000000 0.000000 100.000000
vn 0.000000 0.000000 100.000000
vn 0.000000 0.000000 100.000000
vn 0.000000 0.000000 100.000000
vn 0.000000 0.000000 100.000000
vn 0.000000 0.000000 100.000000
vn 0.000000 0.000000 100.000000
vn 0.000000 0.000000 100.000000
vn 0.000000 0.000000 100.000000
vn 0.000000 0.000000 100.000000
vn 0.000000 0.000000 100.000000
vn 0.000000 0.000000 100.000000
vn 0.000000 0.000000 100.000000
vn 0.000000 0.000000 100.000000
vn 0.000000 0.000000 100.000000
vn 0.000000 0.000000 100.000000
vn 0.000000 0.000000 100.000000
vn 0.000000 0.000000 100.000000
vn 0.000000 0.000000 100.000000
vn 0.000000 0.000000 100.000000
vn 0.000000 0.000000 100.000000
vn 0.000000 0.000000 100.000000
vn 0.000000 0.000000 100.000000
vn 0.000000 0.000000 100.000000
vn 0.000000 0.000000 100.000000
vn 0.000000 0.000000 100.000000
vn 0.000000 0.000000 100.000000
vn 0.000000 0.000000 100.000000
vn 0.000000 0.000000 100.000000
vn 0.000000 0.000000 100.000000
vn 0.000000 0.000000 100.000000
vn 0.000000 0.000000 100.000000
vn 0.000000 0.000000 100.000000
vn 0.000000 0.000000 100.000000
vn 0.000000 0.000000 100.000000
vn 0.000000 0.000000 100.000000
vn 0.000000 0.000000 100.000000
vn 0.000000 0.000000 100.000000
vn 0.000000 0.000000 100.000000
vn 0.000000 0.000000 100.000000
vn 0.000000 0.000000 100.000000
vn 0.000000 0.000000 100.000000
vn 0.000000 0.000000 100.000000
vn 0.000000 0.000000 100.000000
vn 0.000000 0.000000 100.000000
vn 0.000000 0.000000 100.000000
vn 0.000000 0.000000 100.000000
vn 0.000000 0.000000 100.000000
vn 0.000000 0.000000 100.000000
vn 0.000000 0.000000 100.000000
vn 0.000000 0.000000 100.000000
vn 0.000000 0.000000 100.000000
vn 0.000000 0.000000 100.000000
vn 0.000000 0.000000 100.000000
vn 0.000000 0.000000 100.000000
vn 0.000000 0.000000 100.000000
vn 0.000000 0.000000 100.000000
vn 0.000000 0.000000 100.000000
vn 0.000000 0.000000 100.000000
vn 0.000000 0.000000 100.000000
vn 0.000000 0.000000 100.000000
vn 0.000000 0.000000 100.000000
vn 0.000000 0.000000 100.000000
vn 0.000000 0.000000 100.000000
vn 0.000000 0.000000 100.000000
vn 0.000000 0.000000 100.000000
vn 0.000000 0.000000 100.000000
vn 0.000000 0.000000 100.000000
vn 0.000000 0.000000 100.000000
vn 0.000000 0.000000 100.000000
vn 0.000000 0.000000 100.000000
vn 0.000000 0.000000 100.000000
vn 0.000000 0.000000 100.000000
vn 0.000000 0.000000 100.000000
vn 0.000000 0.000000 100.000000
f 1280/2040/1833 1322/2041/1834 1279/2042/1835
f 1279/2043/1835 1322/2044/1834 1323/2045/1836
f 1279/2043/1835 1323/2045/1836 1308/2046/1837
f 1308/2046/1837 1323/2045/1836 1324/2047/1838
f 1308/2046/1837 1324/2047/1838 1307/2048/1839
f 1307/2048/1839 1324/2047/1838 1325/2049/1840
f 1307/2048/1839 1325/2049/1840 1306/2050/1841
f 1306/2050/1841 1325/2049/1840 1326/2051/1842
f 1306/2050/1841 1326/2051/1842 1305/2052/1843
f 1305/2052/1843 1326/2051/1842 1327/2053/1844
f 1305/2052/1843 1327/2053/1844 1304/2054/1845
f 1304/2054/1845 1327/2053/1844 1303/2055/1846
f 1303/2055/1846 1327/2053/1844 1328/2056/1847
f 1303/2055/1846 1328/2056/1847 1302/2057/1848
f 1302/2057/1848 1328/2056/1847 1329/2058/1849
f 1302/2057/1848 1329/2058/1849 1301/2059/1850
f 1301/2059/1850 1329/2058/1849 1330/2060/1851
f 1301/2059/1850 1330/2060/1851 1300/2061/1852
f 1300/2061/1852 1330/2060/1851 1331/2062/1853
f 1300/2061/1852 1331/2062/1853 1299/2063/1854
f 1299/2063/1854 1331/2062/1853 1332/2064/1855
f 1299/2063/1854 1332/2064/1855 1298/2065/1856
f 1298/2065/1856 1332/2064/1855 1333/2066/1857
f 1298/2065/1856 1333/2066/1857 1297/2067/1858
f 1297/2067/1858 1333/2066/1857 1334/2068/1859
f 1297/2067/1858 1334/2068/1859 1296/2069/1860
f 1296/2069/1860 1334/2068/1859 1335/2070/1861
f 1296/2069/1860 1335/2070/1861 1295/2071/1862
f 1295/2071/1862 1335/2070/1861 1309/2072/1863
f 1295/2071/1862 1309/2072/1863 1294/2073/1864
f 1294/2073/1864 1309/2072/1863 1293/2074/1865
f 1293/2074/1865 1309/2072/1863 1310/2075/1866
f 1293/2074/1865 1310/2075/1866 1292/2076/1867
f 1292/2076/1867 1310/2075/1866 1311/2077/1868
f 1292/2076/1867 1311/2077/1868 1291/2078/1869
f 1291/2078/1869 1311/2077/1868 1312/2079/1870
f 1291/2078/1869 1312/2079/1870 1290/2080/1871
f 1290/2080/1871 1312/2079/1870 1313/2081/1872
f 1290/2080/1871 1313/2081/1872 1289/2082/1873
f 1289/2082/1873 1313/2081/1872 1314/2083/1874
f 1289/2082/1873 1314/2083/1874 1288/2084/1875
f 1288/2084/1875 1314/2083/1874 1315/2085/1876
f 1288/2084/1875 1315/2085/1876 1287/2086/1877
f 1287/2086/1877 1315/2085/1876 1316/2087/1878
f 1287/2086/1877 1316/2087/1878 1286/2088/1879
f 1286/2088/1879 1316/2087/1878 1317/2089/1880
f 1286/2088/1879 1317/2089/1880 1285/2090/1881
f 1285/2090/1881 1317/2089/1880 1318/2091/1882
f 1285/2090/1881 1318/2091/1882 1284/2092/1883
f 1284/2092/1883 1318/2091/1882 1283/2093/1884
f 1283/2093/1884 1318/2091/1882 1319/2094/1885
f 1283/2093/1884 1319/2094/1885 1282/2095/1886
f 1282/2095/1886 1319/2094/1885 1320/2096/1887
f 1282/2095/1886 1320/2096/1887 1281/2097/1888
f 1281/2097/1888 1320/2096/1887 1321/2098/1889
f 1281/2097/1888 1321/2098/1889 1280/2040/1833
f 1280/2040/1833 1321/2098/1889 1322/2041/1834
f 1337/2099/1890 1423/2100/1891 1336/2101/1892
f 1336/2101/1892 1423/2100/1891 1432/2102/1893
f 1336/2101/1892 1432/2102/1893 1374/2103/1894
f 1374/2103/1894 1432/2102/1893 1616/2104/1895
f 1374/2103/1894 1616/2104/1895 1373/2105/1896
f 1373/2105/1896 1616/2104/1895 1611/2106/1897
f 1373/2105/1896 1611/2106/1897 1372/2107/1898
f 1372/2107/1898 1611/2106/1897 1606/2108/1899
f 1372/2107/1898 1606/2108/1899 1371/2109/1900
f 1371/2109/1900 1606/2108/1899 1601/2110/1901
f 1371/2109/1900 1601/2110/1901 1370/2111/1902
f 1370/2111/1902 1601/2110/1901 1596/2112/1903
f 1370/2111/1902 1596/2112/1903 1369/2113/1904
f 1369/2113/1904 1596/2112/1903 1591/2114/1905
f 1369/2113/1904 1591/2114/1905 1368/2115/1906
f 1368/2115/1906 1591/2114/1905 1586/2116/1907
f 1368/2115/1906 1586/2116/1907 1367/2117/1908
f 1367/2117/1908 1586/2116/1907 1577/2118/1909
f 1367/2117/1908 1577/2118/1909 1366/2119/1910
f 1366/2119/1910 1577/2118/1909 1421/2120/1911
f 1366/2119/1910 1421/2120/1911 1365/2121/1912
f 1365/2121/1912 1421/2120/1911 1572/2122/1913
f 1365/2121/1912 1572/2122/1913 1567/2123/1914
f 1567/2123/1914 1572/2122/1913 1573/2124/1915
f 1567/2123/1914 1573/2124/1915 1568/2125/1916
f 1568/2125/1916 1573/2124/1915 1574/2126/1917
f 1568/2125/1916 1574/2126/1917 1569/2127/1918
f 1569/2127/1918 1574/2126/1917 1575/2128/1919
f 1569/2127/1918 1575/2128/1919 1570/2129/1920
f 1570/2129/1920 1575/2128/1919 1576/2130/1921
f 1570/2129/1920 1576/2130/1921 1571/2131/1922
f 1571/2131/1922 1576/2130/1921 1386/2132/1923
f 1571/2131/1922 1386/2132/1923 1387/2133/1924
f 1423/2100/1891 1337/2099/1890 1433/2134/1925
f 1433/2134/1925 1337/2099/1890 1338/2135/1926
f 1433/2134/1925 1338/2135/1926 1438/2136/1927
f 1438/2136/1927 1338/2135/1926 1339/2137/1928
f 1438/2136/1927 1339/2137/1928 1443/2138/1929
f 1443/2138/1929 1339/2137/1928 1340/2139/1930
f 1443/2138/1929 1340/2139/1930 1448/2140/1931
f 1448/2140/1931 1340/2139/1930 1341/2141/1932
f 1448/2140/1931 1341/2141/1932 1453/2142/1933
f 1453/2142/1933 1341/2141/1932 1342/2143/1934
f 1453/2142/1933 1342/2143/1934 1458/2144/1935
f 1458/2144/1935 1342/2143/1934 1343/2145/1936
f 1458/2144/1935 1343/2145/1936 1463/2146/1937
f 1463/2146/1937 1343/2145/1936 1344/2147/1938
f 1463/2146/1937 1344/2147/1938 1468/2148/1939
f 1468/2148/1939 1344/2147/1938 1345/2149/1940
f 1468/2148/1939 1345/2149/1940 1422/2150/1941
f 1422/2150/1941 1345/2149/1940 1346/2151/1942
f 1422/2150/1941 1346/2151/1942 1486/2152/1943
f 1486/2152/1943 1346/2151/1942 1477/2153/1944
f 1486/2152/1943 1477/2153/1944 1478/2154/1945
f 1478/2154/1945 1477/2153/1944 1488/2155/1946
f 1478/2154/1945 1488/2155/1946 1489/2156/1947
f 1489/2156/1947 1488/2155/1946 1494/2157/1948
f 1489/2156/1947 1494/2157/1948 1495/2158/1949
f 1495/2158/1949 1494/2157/1948 1500/2159/1950
f 1495/2158/1949 1500/2159/1950 1501/2160/1951
f 1501/2160/1951 1500/2159/1950 1506/2161/1952
f 1501/2160/1951 1506/2161/1952 1401/2162/1953
f 1401/2162/1953 1506/2161/1952 1400/2163/1954
f 1400/2163/1954 1506/2161/1952 1511/2164/1955
f 1400/2163/1954 1511/2164/1955 1399/2165/1956
f 1399/2165/1956 1511/2164/1955 1516/2166/1957
f 1399/2165/1956 1516/2166/1957 1398/2167/1958
f 1398/2167/1958 1516/2166/1957 1521/2168/1959
f 1398/2167/1958 1521/2168/1959 1397/2169/1960
f 1397/2169/1960 1521/2168/1959 1526/2170/1961
f 1397/2169/1960 1526/2170/1961 1396/2171/1962
f 1396/2171/1962 1526/2170/1961 1420/2172/1963
f 1396/2171/1962 1420/2172/1963 1395/2173/1964
f 1395/2174/1964 1420/2175/1963 1531/2176/1965
f 1395/2174/1964 1531/2176/1965 1394/2177/1966
f 1394/2177/1966 1531/2176/1965 1536/2178/1967
f 1394/2177/1966 1536/2178/1967 1393/2179/1968
f 1393/2179/1968 1536/2178/1967 1541/2180/1969
f 1393/2179/1968 1541/2180/1969 1392/2181/1970
f 1392/2181/1970 1541/2180/1969 1546/2182/1971
f 1392/2181/1970 1546/2182/1971 1391/2183/1972
f 1391/2183/1972 1546/2182/1971 1551/2184/1973
f 1391/2183/1972 1551/2184/1973 1390/2185/1974
f 1390/2185/1974 1551/2184/1973 1556/2186/1975
f 1390/2185/1974 1556/2186/1975 1389/2187/1976
f 1389/2187/1976 1556/2186/1975 1561/2188/1977
f 1389/2187/1976 1561/2188/1977 1388/2189/1978
f 1388/2189/1978 1561/2188/1977 1566/2190/1979
f 1388/2189/1978 1566/2190/1979 1387/2133/1924
f 1387/2133/1924 1566/2190/1979 1571/2131/1922
f 1346/2151/1942 1347/2191/1980 1477/2153/1944
f 1477/2153/1944 1347/2191/1980 1487/2192/1981
f 1477/2153/1944 1487/2192/1981 1488/2155/1946
f 1488/2155/1946 1487/2192/1981 1493/2193/1982
f 1488/2155/1946 1493/2193/1982 1494/2157/1948
f 1494/2157/1948 1493/2193/1982 1499/2194/1983
f 1494/2157/1948 1499/2194/1983 1500/2159/1950
f 1500/2159/1950 1499/2194/1983 1505/2195/1984
f 1500/2159/1950 1505/2195/1984 1506/2161/1952
f 1506/2161/1952 1505/2195/1984 1511/2164/1955
f 1347/2191/1980 1348/2196/1985 1487/2192/1981
f 1487/2192/1981 1348/2196/1985 1492/2197/1986
f 1487/2192/1981 1492/2197/1986 1493/2193/1982
f 1493/2193/1982 1492/2197/1986 1498/2198/1987
f 1493/2193/1982 1498/2198/1987 1499/2194/1983
f 1499/2194/1983 1498/2198/1987 1504/2199/1988
f 1499/2194/1983 1504/2199/1988 1505/2195/1984
f 1505/2195/1984 1504/2199/1988 1510/2200/1989
f 1505/2195/1984 1510/2200/1989 1511/2164/1955
f 1511/2164/1955 1510/2200/1989 1516/2166/1957
f 1348/2196/1985 1349/2201/1990 1492/2197/1986
f 1492/2197/1986 1349/2201/1990 1497/2202/1991
f 1492/2197/1986 1497/2202/1991 1498/2198/1987
f 1498/2198/1987 1497/2202/1991 1503/2203/1992
f 1498/2198/1987 1503/2203/1992 1504/2199/1988
f 1504/2199/1988 1503/2203/1992 1509/2204/1993
f 1504/2199/1988 1509/2204/1993 1510/2200/1989
f 1510/2200/1989 1509/2204/1993 1515/2205/1994
f 1510/2200/1989 1515/2205/1994 1516/2166/1957
f 1516/2166/1957 1515/2205/1994 1521/2168/1959
f 1349/2201/1990 1350/2206/1995 1497/2202/1991
f 1497/2202/1991 1350/2206/1995 1502/2207/1996
f 1497/2202/1991 1502/2207/1996 1503/2203/1992
f 1503/2203/1992 1502/2207/1996 1508/2208/1997
f 1503/2203/1992 1508/2208/1997 1509/2204/1993
f 1509/2204/1993 1508/2208/1997 1514/2209/1998
f 1509/2204/1993 1514/2209/1998 1515/2205/1994
f 1515/2205/1994 1514/2209/1998 1520/2210/1999
f 1515/2205/1994 1520/2210/1999 1521/2168/1959
f 1521/2168/1959 1520/2210/1999 1526/2170/1961
f 1350/2206/1995 1351/2211/2000 1502/2207/1996
f 1502/2207/1996 1351/2211/2000 1507/2212/2001
f 1502/2207/1996 1507/2212/2001 1508/2208/1997
f 1508/2208/1997 1507/2212/2001 1513/2213/2002
f 1508/2208/1997 1513/2213/2002 1514/2209/1998
f 1514/2209/1998 1513/2213/2002 1519/2214/2003
f 1514/2209/1998 1519/2214/2003 1520/2210/1999
f 1520/2210/1999 1519/2214/2003 1525/2215/2004
f 1520/2210/1999 1525/2215/2004 1526/2170/1961
f 1526/2170/1961 1525/2215/2004 1420/2172/1963
f 1351/2211/2000 1352/2216/2005 1507/2212/2001
f 1507/2212/2001 1352/2216/2005 1512/2217/2006
f 1507/2212/2001 1512/2217/2006 1513/2213/2002
f 1513/2213/2002 1512/2217/2006 1518/2218/2007
f 1513/2213/2002 1518/2218/2007 1519/2214/2003
f 1519/2214/2003 1518/2218/2007 1524/2219/2008
f 1519/2214/2003 1524/2219/2008 1525/2215/2004
f 1525/2215/2004 1524/2219/2008 1419/2220/2009
f 1525/2215/2004 1419/2220/2009 1420/2172/1963
f 1420/2175/1963 1419/2221/2009 1531/2176/1965
f 1352/2216/2005 1353/2222/2010 1512/2217/2006
f 1512/2217/2006 1353/2222/2010 1517/2223/2011
f 1512/2217/2006 1517/2223/2011 1518/2218/2007
f 1518/2218/2007 1517/2223/2011 1523/2224/2012
f 1518/2218/2007 1523/2224/2012 1524/2219/2008
f 1524/2219/2008 1523/2224/2012 1418/2225/2013
f 1524/2219/2008 1418/2225/2013 1419/2220/2009
f 1419/2221/2009 1418/2226/2013 1530/2227/2014
f 1419/2221/2009 1530/2227/2014 1531/2176/1965
f 1531/2176/1965 1530/2227/2014 1536/2178/1967
f 1353/2222/2010 1354/2228/2015 1517/2223/2011
f 1517/2223/2011 1354/2228/2015 1522/2229/2016
f 1517/2223/2011 1522/2229/2016 1523/2224/2012
f 1523/2224/2012 1522/2229/2016 1417/2230/2017
f 1523/2224/2012 1417/2230/2017 1418/2225/2013
f 1418/2226/2013 1417/2231/2017 1529/2232/2018
f 1418/2226/2013 1529/2232/2018 1530/2227/2014
f 1530/2227/2014 1529/2232/2018 1535/2233/2019
f 1530/2227/2014 1535/2233/2019 1536/2178/1967
f 1536/2178/1967 1535/2233/2019 1541/2180/1969
f 1354/2228/2015 1355/2234/2020 1522/2229/2016
f 1522/2229/2016 1355/2234/2020 1416/2235/2021
f 1522/2229/2016 1416/2235/2021 1417/2230/2017
f 1417/2231/2017 1416/2236/2021 1528/2237/2022
f 1417/2231/2017 1528/2237/2022 1529/2232/2018
f 1529/2232/2018 1528/2237/2022 1534/2238/2023
f 1529/2232/2018 1534/2238/2023 1535/2233/2019
f 1535/2233/2019 1534/2238/2023 1540/2239/2024
f 1535/2233/2019 1540/2239/2024 1541/2180/1969
f 1541/2180/1969 1540/2239/2024 1546/2182/1971
f 1355/2240/2020 1356/2241/2025 1416/2236/2021
f 1416/2236/2021 1356/2241/2025 1527/2242/2026
f 1416/2236/2021 1527/2242/2026 1528/2237/2022
f 1528/2237/2022 1527/2242/2026 1533/2243/2027
f 1528/2237/2022 1533/2243/2027 1534/2238/2023
f 1534/2238/2023 1533/2243/2027 1539/2244/2028
f 1534/2238/2023 1539/2244/2028 1540/2239/2024
f 1540/2239/2024 1539/2244/2028 1545/2245/2029
f 1540/2239/2024 1545/2245/2029 1546/2182/1971
f 1546/2182/1971 1545/2245/2029 1551/2184/1973
f 1356/2241/2025 1357/2246/2030 1527/2242/2026
f 1527/2242/2026 1357/2246/2030 1532/2247/2031
f 1527/2242/2026 1532/2247/2031 1533/2243/2027
f 1533/2243/2027 1532/2247/2031 1538/2248/2032
f 1533/2243/2027 1538/2248/2032 1539/2244/2028
f 1539/2244/2028 1538/2248/2032 1544/2249/2033
f 1539/2244/2028 1544/2249/2033 1545/2245/2029
f 1545/2245/2029 1544/2249/2033 1550/2250/2034
f 1545/2245/2029 1550/2250/2034 1551/2184/1973
f 1551/2184/1973 1550/2250/2034 1556/2186/1975
f 1357/2246/2030 1358/2251/2035 1532/2247/2031
f 1532/2247/2031 1358/2251/2035 1537/2252/2036
f 1532/2247/2031 1537/2252/2036 1538/2248/2032
f 1538/2248/2032 1537/2252/2036 1543/2253/2037
f 1538/2248/2032 1543/2253/2037 1544/2249/2033
f 1544/2249/2033 1543/2253/2037 1549/2254/2038
f 1544/2249/2033 1549/2254/2038 1550/2250/2034
f 1550/2250/2034 1549/2254/2038 1555/2255/2039
f 1550/2250/2034 1555/2255/2039 1556/2186/1975
f 1556/2186/1975 1555/2255/2039 1561/2188/1977
f 1358/2251/2035 1359/2256/2040 1537/2252/2036
f 1537/2252/2036 1359/2256/2040 1542/2257/2041
f 1537/2252/2036 1542/2257/2041 1543/2253/2037
f 1543/2253/2037 1542/2257/2041 1548/2258/2042
f 1543/2253/2037 1548/2258/2042 1549/2254/2038
f 1549/2254/2038 1548/2258/2042 1554/2259/2043
f 1549/2254/2038 1554/2259/2043 1555/2255/2039
f 1555/2255/2039 1554/2259/2043 1560/2260/2044
f 1555/2255/2039 1560/2260/2044 1561/2188/1977
f 1561/2188/1977 1560/2260/2044 1566/2190/1979
f 1359/2256/2040 1360/2261/2045 1542/2257/2041
f 1542/2257/2041 1360/2261/2045 1547/2262/2046
f 1542/2257/2041 1547/2262/2046 1548/2258/2042
f 1548/2258/2042 1547/2262/2046 1553/2263/2047
f 1548/2258/2042 1553/2263/2047 1554/2259/2043
f 1554/2259/2043 1553/2263/2047 1559/2264/2048
f 1554/2259/2043 1559/2264/2048 1560/2260/2044
f 1560/2260/2044 1559/2264/2048 1565/2265/2049
f 1560/2260/2044 1565/2265/2049 1566/2190/1979
f 1566/2190/1979 1565/2265/2049 1571/2131/1922
f 1360/2261/2045 1361/2266/2050 1547/2262/2046
f 1547/2262/2046 1361/2266/2050 1552/2267/2051
f 1547/2262/2046 1552/2267/2051 1553/2263/2047
f 1553/2263/2047 1552/2267/2051 1558/2268/2052
f 1553/2263/2047 1558/2268/2052 1559/2264/2048
f 1559/2264/2048 1558/2268/2052 1564/2269/2053
f 1559/2264/2048 1564/2269/2053 1565/2265/2049
f 1565/2265/2049 1564/2269/2053 1570/2129/1920
f 1565/2265/2049 1570/2129/1920 1571/2131/1922
f 1361/2266/2050 1362/2270/2054 1552/2267/2051
f 1552/2267/2051 1362/2270/2054 1557/2271/2055
f 1552/2267/2051 1557/2271/2055 1558/2268/2052
f 1558/2268/2052 1557/2271/2055 1563/2272/2056
f 1558/2268/2052 1563/2272/2056 1564/2269/2053
f 1564/2269/2053 1563/2272/2056 1569/2127/1918
f 1564/2269/2053 1569/2127/1918 1570/2129/1920
f 1362/2270/2054 1363/2273/2057 1557/2271/2055
f 1557/2271/2055 1363/2273/2057 1562/2274/2058
f 1557/2271/2055 1562/2274/2058 1563/2272/2056
f 1563/2272/2056 1562/2274/2058 1568/2125/1916
f 1563/2272/2056 1568/2125/1916 1569/2127/1918
f 1363/2273/2057 1364/2275/2059 1562/2274/2058
f 1562/2274/2058 1364/2275/2059 1567/2123/1914
f 1562/2274/2058 1567/2123/1914 1568/2125/1916
f 1364/2275/2059 1365/2121/1912 1567/2123/1914
f 1376/2276/2060 1428/2277/2061 1375/2278/2062
f 1375/2278/2062 1428/2277/2061 1427/2279/2063
f 1375/2278/2062 1427/2279/2063 1415/2280/2064
f 1415/2280/2064 1427/2279/2063 1437/2281/2065
f 1415/2280/2064 1437/2281/2065 1414/2282/2066
f 1414/2282/2066 1437/2281/2065 1442/2283/2067
f 1414/2282/2066 1442/2283/2067 1413/2284/2068
f 1413/2284/2068 1442/2283/2067 1447/2285/2069
f 1413/2284/2068 1447/2285/2069 1412/2286/2070
f 1412/2286/2070 1447/2285/2069 1452/2287/2071
f 1412/2286/2070 1452/2287/2071 1411/2288/2072
f 1411/2288/2072 1452/2287/2071 1457/2289/2073
f 1411/2288/2072 1457/2289/2073 1410/2290/2074
f 1410/2290/2074 1457/2289/2073 1462/2291/2075
f 1410/2290/2074 1462/2291/2075 1409/2292/2076
f 1409/2292/2076 1462/2291/2075 1467/2293/2077
f 1409/2292/2076 1467/2293/2077 1408/2294/2078
f 1408/2294/2078 1467/2293/2077 1472/2295/2079
f 1408/2294/2078 1472/2295/2079 1407/2296/2080
f 1407/2296/2080 1472/2295/2079 1476/2297/2081
f 1407/2296/2080 1476/2297/2081 1406/2298/2082
f 1406/2298/2082 1476/2297/2081 1482/2299/2083
f 1406/2298/2082 1482/2299/2083 1405/2300/2084
f 1405/2300/2084 1482/2299/2083 1481/2301/2085
f 1405/2300/2084 1481/2301/2085 1404/2302/2086
f 1404/2302/2086 1481/2301/2085 1491/2303/2087
f 1404/2302/2086 1491/2303/2087 1403/2304/2088
f 1403/2304/2088 1491/2303/2087 1496/2305/2089
f 1403/2304/2088 1496/2305/2089 1402/2306/2090
f 1402/2306/2090 1496/2305/2089 1501/2160/1951
f 1402/2306/2090 1501/2160/1951 1401/2162/1953
f 1428/2277/2061 1376/2276/2060 1620/2307/2091
f 1620/2307/2091 1376/2276/2060 1377/2308/2092
f 1620/2307/2091 1377/2308/2092 1615/2309/2093
f 1615/2309/2093 1377/2308/2092 1378/2310/2094
f 1615/2309/2093 1378/2310/2094 1610/2311/2095
f 1610/2311/2095 1378/2310/2094 1379/2312/2096
f 1610/2311/2095 1379/2312/2096 1605/2313/2097
f 1605/2313/2097 1379/2312/2096 1380/2314/2098
f 1605/2313/2097 1380/2314/2098 1600/2315/2099
f 1600/2315/2099 1380/2314/2098 1381/2316/2100
f 1600/2315/2099 1381/2316/2100 1595/2317/2101
f 1595/2317/2101 1381/2316/2100 1382/2318/2102
f 1595/2317/2101 1382/2318/2102 1590/2319/2103
f 1590/2319/2103 1382/2318/2102 1383/2320/2104
f 1590/2319/2103 1383/2320/2104 1581/2321/2105
f 1581/2321/2105 1383/2320/2104 1384/2322/2106
f 1581/2321/2105 1384/2322/2106 1582/2323/2107
f 1582/2323/2107 1384/2322/2106 1385/2324/2108
f 1582/2323/2107 1385/2324/2108 1576/2130/1921
f 1576/2130/1921 1385/2324/2108 1386/2132/1923
f 1423/2100/1891 1424/2325/2109 1432/2102/1893
f 1432/2102/1893 1424/2325/2109 1431/2326/2110
f 1432/2102/1893 1431/2326/2110 1616/2104/1895
f 1616/2104/1895 1431/2326/2110 1617/2327/2111
f 1616/2104/1895 1617/2327/2111 1611/2106/1897
f 1611/2106/1897 1617/2327/2111 1612/2328/2112
f 1611/2106/1897 1612/2328/2112 1606/2108/1899
f 1606/2108/1899 1612/2328/2112 1607/2329/2113
f 1606/2108/1899 1607/2329/2113 1601/2110/1901
f 1601/2110/1901 1607/2329/2113 1602/2330/2114
f 1601/2110/1901 1602/2330/2114 1596/2112/1903
f 1596/2112/1903 1602/2330/2114 1597/2331/2115
f 1596/2112/1903 1597/2331/2115 1591/2114/1905
f 1591/2114/1905 1597/2331/2115 1592/2332/2116
f 1591/2114/1905 1592/2332/2116 1586/2116/1907
f 1586/2116/1907 1592/2332/2116 1587/2333/2117
f 1586/2116/1907 1587/2333/2117 1577/2118/1909
f 1577/2118/1909 1587/2333/2117 1578/2334/2118
f 1577/2118/1909 1578/2334/2118 1421/2120/1911
f 1421/2120/1911 1578/2334/2118 1585/2335/2119
f 1421/2120/1911 1585/2335/2119 1572/2122/1913
f 1572/2122/1913 1585/2335/2119 1573/2124/1915
f 1424/2325/2109 1425/2336/2120 1431/2326/2110
f 1431/2326/2110 1425/2336/2120 1430/2337/2121
f 1431/2326/2110 1430/2337/2121 1617/2327/2111
f 1617/2327/2111 1430/2337/2121 1618/2338/2122
f 1617/2327/2111 1618/2338/2122 1612/2328/2112
f 1612/2328/2112 1618/2338/2122 1613/2339/2123
f 1612/2328/2112 1613/2339/2123 1607/2329/2113
f 1607/2329/2113 1613/2339/2123 1608/2340/2124
f 1607/2329/2113 1608/2340/2124 1602/2330/2114
f 1602/2330/2114 1608/2340/2124 1603/2341/2125
f 1602/2330/2114 1603/2341/2125 1597/2331/2115
f 1597/2331/2115 1603/2341/2125 1598/2342/2126
f 1597/2331/2115 1598/2342/2126 1592/2332/2116
f 1592/2332/2116 1598/2342/2126 1593/2343/2127
f 1592/2332/2116 1593/2343/2127 1587/2333/2117
f 1587/2333/2117 1593/2343/2127 1588/2344/2128
f 1587/2333/2117 1588/2344/2128 1578/2334/2118
f 1578/2334/2118 1588/2344/2128 1579/2345/2129
f 1578/2334/2118 1579/2345/2129 1585/2335/2119
f 1585/2335/2119 1579/2345/2129 1584/2346/2130
f 1585/2335/2119 1584/2346/2130 1573/2124/1915
f 1573/2124/1915 1584/2346/2130 1574/2126/1917
f 1424/2325/2109 1423/2100/1891 1434/2347/2131
f 1434/2347/2131 1423/2100/1891 1433/2134/1925
f 1434/2347/2131 1433/2134/1925 1439/2348/2132
f 1439/2348/2132 1433/2134/1925 1438/2136/1927
f 1439/2348/2132 1438/2136/1927 1444/2349/2133
f 1444/2349/2133 1438/2136/1927 1443/2138/1929
f 1444/2349/2133 1443/2138/1929 1449/2350/2134
f 1449/2350/2134 1443/2138/1929 1448/2140/1931
f 1449/2350/2134 1448/2140/1931 1454/2351/2135
f 1454/2351/2135 1448/2140/1931 1453/2142/1933
f 1454/2351/2135 1453/2142/1933 1459/2352/2136
f 1459/2352/2136 1453/2142/1933 1458/2144/1935
f 1459/2352/2136 1458/2144/1935 1464/2353/2137
f 1464/2353/2137 1458/2144/1935 1463/2146/1937
f 1464/2353/2137 1463/2146/1937 1469/2354/2138
f 1469/2354/2138 1463/2146/1937 1468/2148/1939
f 1469/2354/2138 1468/2148/1939 1473/2355/2139
f 1473/2355/2139 1468/2148/1939 1422/2150/1941
f 1473/2355/2139 1422/2150/1941 1485/2356/2140
f 1485/2356/2140 1422/2150/1941 1486/2152/1943
f 1485/2356/2140 1486/2152/1943 1478/2154/1945
f 1425/2336/2120 1426/2357/2141 1430/2337/2121
f 1430/2337/2121 1426/2357/2141 1429/2358/2142
f 1430/2337/2121 1429/2358/2142 1618/2338/2122
f 1618/2338/2122 1429/2358/2142 1619/2359/2143
f 1618/2338/2122 1619/2359/2143 1613/2339/2123
f 1613/2339/2123 1619/2359/2143 1614/2360/2144
f 1613/2339/2123 1614/2360/2144 1608/2340/2124
f 1608/2340/2124 1614/2360/2144 1609/2361/2145
f 1608/2340/2124 1609/2361/2145 1603/2341/2125
f 1603/2341/2125 1609/2361/2145 1604/2362/2146
f 1603/2341/2125 1604/2362/2146 1598/2342/2126
f 1598/2342/2126 1604/2362/2146 1599/2363/2147
f 1598/2342/2126 1599/2363/2147 1593/2343/2127
f 1593/2343/2127 1599/2363/2147 1594/2364/2148
f 1593/2343/2127 1594/2364/2148 1588/2344/2128
f 1588/2344/2128 1594/2364/2148 1589/2365/2149
f 1588/2344/2128 1589/2365/2149 1579/2345/2129
f 1579/2345/2129 1589/2365/2149 1580/2366/2150
f 1579/2345/2129 1580/2366/2150 1584/2346/2130
f 1584/2346/2130 1580/2366/2150 1583/2367/2151
f 1584/2346/2130 1583/2367/2151 1574/2126/1917
f 1574/2126/1917 1583/2367/2151 1575/2128/1919
f 1425/2336/2120 1424/2325/2109 1435/2368/2152
f 1435/2368/2152 1424/2325/2109 1434/2347/2131
f 1435/2368/2152 1434/2347/2131 1440/2369/2153
f 1440/2369/2153 1434/2347/2131 1439/2348/2132
f 1440/2369/2153 1439/2348/2132 1445/2370/2154
f 1445/2370/2154 1439/2348/2132 1444/2349/2133
f 1445/2370/2154 1444/2349/2133 1450/2371/2155
f 1450/2371/2155 1444/2349/2133 1449/2350/2134
f 1450/2371/2155 1449/2350/2134 1455/2372/2156
f 1455/2372/2156 1449/2350/2134 1454/2351/2135
f 1455/2372/2156 1454/2351/2135 1460/2373/2157
f 1460/2373/2157 1454/2351/2135 1459/2352/2136
f 1460/2373/2157 1459/2352/2136 1465/2374/2158
f 1465/2374/2158 1459/2352/2136 1464/2353/2137
f 1465/2374/2158 1464/2353/2137 1470/2375/2159
f 1470/2375/2159 1464/2353/2137 1469/2354/2138
f 1470/2375/2159 1469/2354/2138 1474/2376/2160
f 1474/2376/2160 1469/2354/2138 1473/2355/2139
f 1474/2376/2160 1473/2355/2139 1484/2377/2161
f 1484/2377/2161 1473/2355/2139 1485/2356/2140
f 1484/2377/2161 1485/2356/2140 1479/2378/2162
f 1479/2378/2162 1485/2356/2140 1478/2154/1945
f 1479/2378/2162 1478/2154/1945 1489/2156/1947
f 1426/2357/2141 1427/2279/2063 1429/2358/2142
f 1429/2358/2142 1427/2279/2063 1428/2277/2061
f 1429/2358/2142 1428/2277/2061 1619/2359/2143
f 1619/2359/2143 1428/2277/2061 1620/2307/2091
f 1619/2359/2143 1620/2307/2091 1614/2360/2144
f 1614/2360/2144 1620/2307/2091 1615/2309/2093
f 1614/2360/2144 1615/2309/2093 1609/2361/2145
f 1609/2361/2145 1615/2309/2093 1610/2311/2095
f 1609/2361/2145 1610/2311/2095 1604/2362/2146
f 1604/2362/2146 1610/2311/2095 1605/2313/2097
f 1604/2362/2146 1605/2313/2097 1599/2363/2147
f 1599/2363/2147 1605/2313/2097 1600/2315/2099
f 1599/2363/2147 1600/2315/2099 1594/2364/2148
f 1594/2364/2148 1600/2315/2099 1595/2317/2101
f 1594/2364/2148 1595/2317/2101 1589/2365/2149
f 1589/2365/2149 1595/2317/2101 1590/2319/2103
f 1589/2365/2149 1590/2319/2103 1580/2366/2150
f 1580/2366/2150 1590/2319/2103 1581/2321/2105
f 1580/2366/2150 1581/2321/2105 1583/2367/2151
f 1583/2367/2151 1581/2321/2105 1582/2323/2107
f 1583/2367/2151 1582/2323/2107 1575/2128/1919
f 1575/2128/1919 1582/2323/2107 1576/2130/1921
f 1426/2357/2141 1425/2336/2120 1436/2379/2163
f 1436/2379/2163 1425/2336/2120 1435/2368/2152
f 1436/2379/2163 1435/2368/2152 1441/2380/2164
f 1441/2380/2164 1435/2368/2152 1440/2369/2153
f 1441/2380/2164 1440/2369/2153 1446/2381/2165
f 1446/2381/2165 1440/2369/2153 1445/2370/2154
f 1446/2381/2165 1445/2370/2154 1451/2382/2166
f 1451/2382/2166 1445/2370/2154 1450/2371/2155
f 1451/2382/2166 1450/2371/2155 1456/2383/2167
f 1456/2383/2167 1450/2371/2155 1455/2372/2156
f 1456/2383/2167 1455/2372/2156 1461/2384/2168
f 1461/2384/2168 1455/2372/2156 1460/2373/2157
f 1461/2384/2168 1460/2373/2157 1466/2385/2169
f 1466/2385/2169 1460/2373/2157 1465/2374/2158
f 1466/2385/2169 1465/2374/2158 1471/2386/2170
f 1471/2386/2170 1465/2374/2158 1470/2375/2159
f 1471/2386/2170 1470/2375/2159 1475/2387/2171
f 1475/2387/2171 1470/2375/2159 1474/2376/2160
f 1475/2387/2171 1474/2376/2160 1483/2388/2172
f 1483/2388/2172 1474/2376/2160 1484/2377/2161
f 1483/2388/2172 1484/2377/2161 1480/2389/2173
f 1480/2389/2173 1484/2377/2161 1479/2378/2162
f 1480/2389/2173 1479/2378/2162 1490/2390/2174
f 1490/2390/2174 1479/2378/2162 1489/2156/1947
f 1490/2390/2174 1489/2156/1947 1495/2158/1949
f 1427/2279/2063 1426/2357/2141 1437/2281/2065
f 1437/2281/2065 1426/2357/2141 1436/2379/2163
f 1437/2281/2065 1436/2379/2163 1442/2283/2067
f 1442/2283/2067 1436/2379/2163 1441/2380/2164
f 1442/2283/2067 1441/2380/2164 1447/2285/2069
f 1447/2285/2069 1441/2380/2164 1446/2381/2165
f 1447/2285/2069 1446/2381/2165 1452/2287/2071
f 1452/2287/2071 1446/2381/2165 1451/2382/2166
f 1452/2287/2071 1451/2382/2166 1457/2289/2073
f 1457/2289/2073 1451/2382/2166 1456/2383/2167
f 1457/2289/2073 1456/2383/2167 1462/2291/2075
f 1462/2291/2075 1456/2383/2167 1461/2384/2168
f 1462/2291/2075 1461/2384/2168 1467/2293/2077
f 1467/2293/2077 1461/2384/2168 1466/2385/2169
f 1467/2293/2077 1466/2385/2169 1472/2295/2079
f 1472/2295/2079 1466/2385/2169 1471/2386/2170
f 1472/2295/2079 1471/2386/2170 1476/2297/2081
f 1476/2297/2081 1471/2386/2170 1475/2387/2171
f 1476/2297/2081 1475/2387/2171 1482/2299/2083
f 1482/2299/2083 1475/2387/2171 1483/2388/2172
f 1482/2299/2083 1483/2388/2172 1481/2301/2085
f 1481/2301/2085 1483/2388/2172 1480/2389/2173
f 1481/2301/2085 1480/2389/2173 1491/2303/2087
f 1491/2303/2087 1480/2389/2173 1490/2390/2174
f 1491/2303/2087 1490/2390/2174 1496/2305/2089
f 1496/2305/2089 1490/2390/2174 1495/2158/1949
f 1496/2305/2089 1495/2158/1949 1501/2160/1951
f 1622/2391/2175 1362/2392/2054 1621/2393/2176
f 1621/2393/2176 1362/2392/2054 1361/2394/2050
f 1621/2393/2176 1361/2394/2050 1360/2395/2045
f 1623/2396/2177 1368/2397/1906 1622/2391/2175
f 1622/2391/2175 1368/2397/1906 1367/2398/1908
f 1622/2391/2175 1367/2398/1908 1366/2399/1910
f 1624/2400/2178 1336/2401/1892 1623/2396/2177
f 1623/2396/2177 1336/2401/1892 1374/2402/1894
f 1623/2396/2177 1374/2402/1894 1373/2403/1896
f 1625/2404/2179 1343/2405/1936 1624/2400/2178
f 1624/2400/2178 1343/2405/1936 1342/2406/1934
f 1624/2400/2178 1342/2406/1934 1341/2407/1932
f 1626/2408/2180 1349/2409/1990 1625/2404/2179
f 1625/2404/2179 1349/2409/1990 1348/2410/1985
f 1625/2404/2179 1348/2410/1985 1347/2411/1980
f 1621/2393/2176 1355/2412/2020 1626/2408/2180
f 1626/2408/2180 1355/2412/2020 1354/2413/2015
f 1626/2408/2180 1354/2413/2015 1353/2414/2010
f 1373/2403/1896 1372/2415/1898 1623/2396/2177
f 1623/2396/2177 1372/2415/1898 1371/2416/1900
f 1623/2396/2177 1371/2416/1900 1370/2417/1902
f 1370/2417/1902 1369/2418/1904 1623/2396/2177
f 1623/2396/2177 1369/2418/1904 1368/2397/1906
f 1366/2399/1910 1365/2419/1912 1622/2391/2175
f 1622/2391/2175 1365/2419/1912 1364/2420/2059
f 1622/2391/2175 1364/2420/2059 1363/2421/2057
f 1363/2421/2057 1362/2392/2054 1622/2391/2175
f 1360/2395/2045 1359/2422/2040 1621/2393/2176
f 1621/2393/2176 1359/2422/2040 1358/2423/2035
f 1621/2393/2176 1358/2423/2035 1357/2424/2030
f 1357/2424/2030 1356/2425/2025 1621/2393/2176
f 1621/2393/2176 1356/2425/2025 1355/2412/2020
f 1353/2414/2010 1352/2426/2005 1626/2408/2180
f 1626/2408/2180 1352/2426/2005 1351/2427/2000
f 1626/2408/2180 1351/2427/2000 1350/2428/1995
f 1350/2428/1995 1349/2409/1990 1626/2408/2180
f 1347/2411/1980 1346/2429/1942 1625/2404/2179
f 1625/2404/2179 1346/2429/1942 1345/2430/1940
f 1625/2404/2179 1345/2430/1940 1344/2431/1938
f 1344/2431/1938 1343/2405/1936 1625/2404/2179
f 1341/2407/1932 1340/2432/1930 1624/2400/2178
f 1624/2400/2178 1340/2432/1930 1339/2433/1928
f 1624/2400/2178 1339/2433/1928 1338/2434/1926
f 1338/2434/1926 1337/2435/1890 1624/2400/2178
f 1624/2400/2178 1337/2435/1890 1336/2401/1892
f 1628/2436/2181 1375/2437/2062 1627/2438/2182
f 1627/2438/2182 1375/2437/2062 1415/2439/2064
f 1627/2438/2182 1415/2439/2064 1667/2440/2183
f 1667/2440/2183 1415/2439/2064 1414/2441/2066
f 1667/2440/2183 1414/2441/2066 1666/2442/2184
f 1666/2442/2184 1414/2441/2066 1413/2443/2068
f 1666/2442/2184 1413/2443/2068 1665/2444/2185
f 1665/2444/2185 1413/2443/2068 1412/2445/2070
f 1665/2444/2185 1412/2445/2070 1664/2446/2186
f 1664/2446/2186 1412/2445/2070 1411/2447/2072
f 1664/2446/2186 1411/2447/2072 1663/2448/2187
f 1663/2448/2187 1411/2447/2072 1410/2449/2074
f 1663/2448/2187 1410/2449/2074 1662/2450/2188
f 1662/2450/2188 1410/2449/2074 1409/2451/2076
f 1662/2450/2188 1409/2451/2076 1661/2452/2189
f 1661/2452/2189 1409/2451/2076 1408/2453/2078
f 1661/2452/2189 1408/2453/2078 1660/2454/2190
f 1660/2454/2190 1408/2453/2078 1407/2455/2080
f 1660/2454/2190 1407/2455/2080 1659/2456/2191
f 1659/2456/2191 1407/2455/2080 1406/2457/2082
f 1659/2456/2191 1406/2457/2082 1658/2458/2192
f 1658/2458/2192 1406/2457/2082 1405/2459/2084
f 1658/2458/2192 1405/2459/2084 1657/2460/2193
f 1657/2460/2193 1405/2459/2084 1404/2461/2086
f 1657/2460/2193 1404/2461/2086 1656/2462/2194
f 1656/2462/2194 1404/2461/2086 1403/2463/2088
f 1656/2462/2194 1403/2463/2088 1655/2464/2195
f 1655/2464/2195 1403/2463/2088 1402/2465/2090
f 1655/2464/2195 1402/2465/2090 1654/2466/2196
f 1654/2466/2196 1402/2465/2090 1401/2467/1953
f 1654/2466/2196 1401/2467/1953 1653/2468/2197
f 1653/2468/2197 1401/2467/1953 1400/2469/1954
f 1653/2468/2197 1400/2469/1954 1652/2470/2198
f 1652/2470/2198 1400/2469/1954 1399/2471/1956
f 1652/2470/2198 1399/2471/1956 1651/2472/2199
f 1651/2472/2199 1399/2471/1956 1398/2473/1958
f 1651/2472/2199 1398/2473/1958 1650/2474/2200
f 1650/2474/2200 1398/2473/1958 1397/2475/1960
f 1650/2474/2200 1397/2475/1960 1649/2476/2201
f 1649/2476/2201 1397/2475/1960 1396/2477/1962
f 1649/2476/2201 1396/2477/1962 1648/2478/2202
f 1648/2479/2202 1396/2480/1962 1395/2481/1964
f 1648/2479/2202 1395/2481/1964 1647/2482/2203
f 1647/2482/2203 1395/2481/1964 1394/2483/1966
f 1647/2482/2203 1394/2483/1966 1646/2484/2204
f 1646/2484/2204 1394/2483/1966 1393/2485/1968
f 1646/2484/2204 1393/2485/1968 1645/2486/2205
f 1645/2486/2205 1393/2485/1968 1392/2487/1970
f 1645/2486/2205 1392/2487/1970 1644/2488/2206
f 1644/2488/2206 1392/2487/1970 1391/2489/1972
f 1644/2488/2206 1391/2489/1972 1643/2490/2207
f 1643/2490/2207 1391/2489/1972 1390/2491/1974
f 1643/2490/2207 1390/2491/1974 1642/2492/2208
f 1642/2492/2208 1390/2491/1974 1389/2493/1976
f 1642/2492/2208 1389/2493/1976 1641/2494/2209
f 1641/2494/2209 1389/2493/1976 1388/2495/1978
f 1641/2494/2209 1388/2495/1978 1640/2496/2210
f 1640/2496/2210 1388/2495/1978 1387/2497/1924
f 1640/2496/2210 1387/2497/1924 1639/2498/2211
f 1639/2498/2211 1387/2497/1924 1386/2499/1923
f 1639/2498/2211 1386/2499/1923 1638/2500/2212
f 1638/2500/2212 1386/2499/1923 1385/2501/2108
f 1638/2500/2212 1385/2501/2108 1637/2502/2213
f 1637/2502/2213 1385/2501/2108 1384/2503/2106
f 1637/2502/2213 1384/2503/2106 1636/2504/2214
f 1636/2504/2214 1384/2503/2106 1383/2505/2104
f 1636/2504/2214 1383/2505/2104 1635/2506/2215
f 1635/2506/2215 1383/2505/2104 1382/2507/2102
f 1635/2506/2215 1382/2507/2102 1634/2508/2216
f 1634/2508/2216 1382/2507/2102 1381/2509/2100
f 1634/2508/2216 1381/2509/2100 1633/2510/2217
f 1633/2510/2217 1381/2509/2100 1380/2511/2098
f 1633/2510/2217 1380/2511/2098 1632/2512/2218
f 1632/2512/2218 1380/2511/2098 1379/2513/2096
f 1632/2512/2218 1379/2513/2096 1631/2514/2219
f 1631/2514/2219 1379/2513/2096 1378/2515/2094
f 1631/2514/2219 1378/2515/2094 1630/2516/2220
f 1630/2516/2220 1378/2515/2094 1377/2517/2092
f 1630/2516/2220 1377/2517/2092 1629/2518/2221
f 1629/2518/2221 1377/2517/2092 1376/2519/2060
f 1629/2518/2221 1376/2519/2060 1628/2436/2181
f 1628/2436/2181 1376/2519/2060 1375/2437/2062
f 1668/2520/2222 1669/2521/2223 1670/2522/2224
f 1668/2520/2225 1670/2523/2226 1671/2524/2227
f 1668/2525/2228 1671/2526/2229 1672/2527/2230
f 1668/2525/2231 1672/2528/2232 1673/2529/2233
f 1668/2530/2234 1673/2531/2235 1674/2532/2236
f 1668/2530/2237 1674/2533/2238 1669/2534/2239
f 1622/2535/2240 1621/2536/2241 1669/2537/2242
f 1669/2537/2242 1621/2536/2241 1670/2538/2243
f 1621/2539/2244 1626/2540/2245 1670/2541/2246
f 1670/2541/2246 1626/2540/2245 1671/2542/2247
f 1626/2543/2248 1625/2544/2249 1671/2545/2250
f 1671/2545/2250 1625/2544/2249 1672/2546/2251
f 1625/2547/2252 1624/2548/2253 1672/2549/2254
f 1672/2549/2254 1624/2548/2253 1673/2550/2255
f 1624/2551/2256 1623/2552/2257 1673/2553/2258
f 1673/2553/2258 1623/2552/2257 1674/2554/2259
f 1623/2555/2260 1622/2556/2261 1674/2557/2262
f 1674/2557/2262 1622/2556/2261 1669/2558/2263
f 1308/2559/2264 1708/2560/2265 1279/2561/2266
f 1279/2561/2266 1708/2560/2265 1705/2562/2267
f 1279/2563/2266 1705/2564/2267 1280/2565/2268
f 1280/2565/2268 1705/2564/2267 1792/2566/2269
f 1280/2565/2268 1792/2566/2269 1281/2567/2270
f 1281/2567/2270 1792/2566/2269 1789/2568/2271
f 1281/2567/2270 1789/2568/2271 1282/2569/2272
f 1282/2569/2272 1789/2568/2271 1786/2570/2273
f 1282/2569/2272 1786/2570/2273 1283/2571/2274
f 1283/2571/2274 1786/2570/2273 1783/2572/2275
f 1283/2571/2274 1783/2572/2275 1284/2573/2276
f 1284/2573/2276 1783/2572/2275 1780/2574/2277
f 1284/2573/2276 1780/2574/2277 1285/2575/2278
f 1285/2575/2278 1780/2574/2277 1777/2576/2279
f 1285/2575/2278 1777/2576/2279 1286/2577/2280
f 1286/2577/2280 1777/2576/2279 1774/2578/2281
f 1286/2577/2280 1774/2578/2281 1287/2579/2282
f 1287/2579/2282 1774/2578/2281 1771/2580/2283
f 1287/2579/2282 1771/2580/2283 1288/2581/2284
f 1288/2581/2284 1771/2580/2283 1768/2582/2285
f 1288/2581/2284 1768/2582/2285 1289/2583/2286
f 1289/2583/2286 1768/2582/2285 1765/2584/2287
f 1289/2583/2286 1765/2584/2287 1290/2585/2288
f 1290/2585/2288 1765/2584/2287 1762/2586/2289
f 1290/2585/2288 1762/2586/2289 1291/2587/2290
f 1291/2587/2290 1762/2586/2289 1759/2588/2291
f 1291/2587/2290 1759/2588/2291 1292/2589/2292
f 1292/2589/2292 1759/2588/2291 1756/2590/2293
f 1292/2589/2292 1756/2590/2293 1293/2591/2294
f 1293/2591/2294 1756/2590/2293 1753/2592/2295
f 1293/2591/2294 1753/2592/2295 1294/2593/2296
f 1294/2593/2296 1753/2592/2295 1750/2594/2297
f 1294/2593/2296 1750/2594/2297 1295/2595/2298
f 1295/2595/2298 1750/2594/2297 1747/2596/2299
f 1295/2595/2298 1747/2596/2299 1296/2597/2300
f 1296/2597/2300 1747/2596/2299 1744/2598/2301
f 1296/2597/2300 1744/2598/2301 1297/2599/2302
f 1297/2599/2302 1744/2598/2301 1741/2600/2303
f 1297/2599/2302 1741/2600/2303 1298/2601/2304
f 1298/2601/2304 1741/2600/2303 1738/2602/2305
f 1298/2601/2304 1738/2602/2305 1299/2603/2306
f 1299/2603/2306 1738/2602/2305 1735/2604/2307
f 1299/2603/2306 1735/2604/2307 1300/2605/2308
f 1300/2605/2308 1735/2604/2307 1732/2606/2309
f 1300/2605/2308 1732/2606/2309 1301/2607/2310
f 1301/2607/2310 1732/2606/2309 1729/2608/2311
f 1301/2607/2310 1729/2608/2311 1302/2609/2312
f 1302/2609/2312 1729/2608/2311 1726/2610/2313
f 1302/2609/2312 1726/2610/2313 1303/2611/2314
f 1303/2611/2314 1726/2610/2313 1723/2612/2315
f 1303/2611/2314 1723/2612/2315 1304/2613/2316
f 1304/2613/2316 1723/2612/2315 1720/2614/2317
f 1304/2613/2316 1720/2614/2317 1305/2615/2318
f 1305/2615/2318 1720/2614/2317 1717/2616/2319
f 1305/2615/2318 1717/2616/2319 1306/2617/2320
f 1306/2617/2320 1717/2616/2319 1714/2618/2321
f 1306/2617/2320 1714/2618/2321 1307/2619/2322
f 1307/2619/2322 1714/2618/2321 1711/2620/2323
f 1307/2619/2322 1711/2620/2323 1308/2559/2264
f 1308/2559/2264 1711/2620/2323 1708/2560/2265
f 1676/2621/2324 1794/2622/2325 1675/2623/2326
f 1675/2623/2326 1794/2622/2325 1707/2624/2327
f 1675/2625/2326 1707/2626/2327 1704/2627/2328
f 1704/2627/2328 1707/2626/2327 1710/2628/2329
f 1704/2627/2328 1710/2628/2329 1703/2629/2330
f 1703/2629/2330 1710/2628/2329 1713/2630/2331
f 1703/2629/2330 1713/2630/2331 1702/2631/2332
f 1702/2631/2332 1713/2630/2331 1716/2632/2333
f 1702/2631/2332 1716/2632/2333 1701/2633/2334
f 1701/2633/2334 1716/2632/2333 1719/2634/2335
f 1701/2633/2334 1719/2634/2335 1700/2635/2336
f 1700/2635/2336 1719/2634/2335 1722/2636/2337
f 1700/2635/2336 1722/2636/2337 1699/2637/2338
f 1699/2637/2338 1722/2636/2337 1725/2638/2339
f 1699/2637/2338 1725/2638/2339 1698/2639/2340
f 1698/2639/2340 1725/2638/2339 1728/2640/2341
f 1698/2639/2340 1728/2640/2341 1697/2641/2342
f 1697/2641/2342 1728/2640/2341 1731/2642/2343
f 1697/2641/2342 1731/2642/2343 1696/2643/2344
f 1696/2643/2344 1731/2642/2343 1734/2644/2345
f 1696/2643/2344 1734/2644/2345 1695/2645/2346
f 1695/2645/2346 1734/2644/2345 1737/2646/2347
f 1695/2645/2346 1737/2646/2347 1694/2647/2348
f 1694/2647/2348 1737/2646/2347 1740/2648/2349
f 1694/2647/2348 1740/2648/2349 1693/2649/2350
f 1693/2649/2350 1740/2648/2349 1743/2650/2351
f 1693/2649/2350 1743/2650/2351 1692/2651/2352
f 1692/2651/2352 1743/2650/2351 1746/2652/2353
f 1692/2651/2352 1746/2652/2353 1691/2653/2354
f 1691/2653/2354 1746/2652/2353 1749/2654/2355
f 1691/2653/2354 1749/2654/2355 1690/2655/2356
f 1690/2655/2356 1749/2654/2355 1752/2656/2357
f 1690/2655/2356 1752/2656/2357 1689/2657/2358
f 1689/2657/2358 1752/2656/2357 1755/2658/2359
f 1689/2657/2358 1755/2658/2359 1688/2659/2360
f 1688/2659/2360 1755/2658/2359 1758/2660/2361
f 1688/2659/2360 1758/2660/2361 1687/2661/2362
f 1687/2661/2362 1758/2660/2361 1761/2662/2363
f 1687/2661/2362 1761/2662/2363 1686/2663/2364
f 1686/2663/2364 1761/2662/2363 1764/2664/2365
f 1686/2663/2364 1764/2664/2365 1685/2665/2366
f 1685/2665/2366 1764/2664/2365 1767/2666/2367
f 1685/2665/2366 1767/2666/2367 1684/2667/2368
f 1684/2667/2368 1767/2666/2367 1770/2668/2369
f 1684/2667/2368 1770/2668/2369 1683/2669/2370
f 1683/2669/2370 1770/2668/2369 1773/2670/2371
f 1683/2669/2370 1773/2670/2371 1682/2671/2372
f 1682/2671/2372 1773/2670/2371 1776/2672/2373
f 1682/2671/2372 1776/2672/2373 1681/2673/2374
f 1681/2673/2374 1776/2672/2373 1779/2674/2375
f 1681/2673/2374 1779/2674/2375 1680/2675/2376
f 1680/2675/2376 1779/2674/2375 1782/2676/2377
f 1680/2675/2376 1782/2676/2377 1679/2677/2378
f 1679/2677/2378 1782/2676/2377 1785/2678/2379
f 1679/2677/2378 1785/2678/2379 1678/2679/2380
f 1678/2679/2380 1785/2678/2379 1788/2680/2381
f 1678/2679/2380 1788/2680/2381 1677/2681/2382
f 1677/2681/2382 1788/2680/2381 1791/2682/2383
f 1677/2681/2382 1791/2682/2383 1676/2621/2324
f 1676/2621/2324 1791/2682/2383 1794/2622/2325
f 1705/2564/2267 1706/2683/2384 1792/2566/2269
f 1792/2566/2269 1706/2683/2384 1793/2684/2385
f 1792/2566/2269 1793/2684/2385 1789/2568/2271
f 1789/2568/2271 1793/2684/2385 1790/2685/2386
f 1789/2568/2271 1790/2685/2386 1786/2570/2273
f 1786/2570/2273 1790/2685/2386 1787/2686/2387
f 1786/2570/2273 1787/2686/2387 1783/2572/2275
f 1783/2572/2275 1787/2686/2387 1784/2687/2388
f 1783/2572/2275 1784/2687/2388 1780/2574/2277
f 1780/2574/2277 1784/2687/2388 1781/2688/2389
f 1780/2574/2277 1781/2688/2389 1777/2576/2279
f 1777/2576/2279 1781/2688/2389 1778/2689/2390
f 1777/2576/2279 1778/2689/2390 1774/2578/2281
f 1774/2578/2281 1778/2689/2390 1775/2690/2391
f 1774/2578/2281 1775/2690/2391 1771/2580/2283
f 1771/2580/2283 1775/2690/2391 1772/2691/2392
f 1771/2580/2283 1772/2691/2392 1768/2582/2285
f 1768/2582/2285 1772/2691/2392 1769/2692/2393
f 1768/2582/2285 1769/2692/2393 1765/2584/2287
f 1765/2584/2287 1769/2692/2393 1766/2693/2394
f 1765/2584/2287 1766/2693/2394 1762/2586/2289
f 1762/2586/2289 1766/2693/2394 1763/2694/2395
f 1762/2586/2289 1763/2694/2395 1759/2588/2291
f 1759/2588/2291 1763/2694/2395 1760/2695/2396
f 1759/2588/2291 1760/2695/2396 1756/2590/2293
f 1756/2590/2293 1760/2695/2396 1757/2696/2397
f 1756/2590/2293 1757/2696/2397 1753/2592/2295
f 1753/2592/2295 1757/2696/2397 1754/2697/2398
f 1753/2592/2295 1754/2697/2398 1750/2594/2297
f 1750/2594/2297 1754/2697/2398 1751/2698/2399
f 1750/2594/2297 1751/2698/2399 1747/2596/2299
f 1747/2596/2299 1751/2698/2399 1748/2699/2400
f 1747/2596/2299 1748/2699/2400 1744/2598/2301
f 1744/2598/2301 1748/2699/2400 1745/2700/2401
f 1744/2598/2301 1745/2700/2401 1741/2600/2303
f 1741/2600/2303 1745/2700/2401 1742/2701/2402
f 1741/2600/2303 1742/2701/2402 1738/2602/2305
f 1738/2602/2305 1742/2701/2402 1739/2702/2403
f 1738/2602/2305 1739/2702/2403 1735/2604/2307
f 1735/2604/2307 1739/2702/2403 1736/2703/2404
f 1735/2604/2307 1736/2703/2404 1732/2606/2309
f 1732/2606/2309 1736/2703/2404 1733/2704/2405
f 1732/2606/2309 1733/2704/2405 1729/2608/2311
f 1729/2608/2311 1733/2704/2405 1730/2705/2406
f 1729/2608/2311 1730/2705/2406 1726/2610/2313
f 1726/2610/2313 1730/2705/2406 1727/2706/2407
f 1726/2610/2313 1727/2706/2407 1723/2612/2315
f 1723/2612/2315 1727/2706/2407 1724/2707/2408
f 1723/2612/2315 1724/2707/2408 1720/2614/2317
f 1720/2614/2317 1724/2707/2408 1721/2708/2409
f 1720/2614/2317 1721/2708/2409 1717/2616/2319
f 1717/2616/2319 1721/2708/2409 1718/2709/2410
f 1717/2616/2319 1718/2709/2410 1714/2618/2321
f 1714/2618/2321 1718/2709/2410 1715/2710/2411
f 1714/2618/2321 1715/2710/2411 1711/2620/2323
f 1711/2620/2323 1715/2710/2411 1712/2711/2412
f 1711/2620/2323 1712/2711/2412 1708/2560/2265
f 1708/2560/2265 1712/2711/2412 1709/2712/2413
f 1708/2560/2265 1709/2712/2413 1705/2562/2267
f 1705/2562/2267 1709/2712/2413 1706/2713/2384
f 1706/2683/2384 1707/2624/2327 1793/2684/2385
f 1793/2684/2385 1707/2624/2327 1794/2622/2325
f 1793/2684/2385 1794/2622/2325 1790/2685/2386
f 1790/2685/2386 1794/2622/2325 1791/2682/2383
f 1790/2685/2386 1791/2682/2383 1787/2686/2387
f 1787/2686/2387 1791/2682/2383 1788/2680/2381
f 1787/2686/2387 1788/2680/2381 1784/2687/2388
f 1784/2687/2388 1788/2680/2381 1785/2678/2379
f 1784/2687/2388 1785/2678/2379 1781/2688/2389
f 1781/2688/2389 1785/2678/2379 1782/2676/2377
f 1781/2688/2389 1782/2676/2377 1778/2689/2390
f 1778/2689/2390 1782/2676/2377 1779/2674/2375
f 1778/2689/2390 1779/2674/2375 1775/2690/2391
f 1775/2690/2391 1779/2674/2375 1776/2672/2373
f 1775/2690/2391 1776/2672/2373 1772/2691/2392
f 1772/2691/2392 1776/2672/2373 1773/2670/2371
f 1772/2691/2392 1773/2670/2371 1769/2692/2393
f 1769/2692/2393 1773/2670/2371 1770/2668/2369
f 1769/2692/2393 1770/2668/2369 1766/2693/2394
f 1766/2693/2394 1770/2668/2369 1767/2666/2367
f 1766/2693/2394 1767/2666/2367 1763/2694/2395
f 1763/2694/2395 1767/2666/2367 1764/2664/2365
f 1763/2694/2395 1764/2664/2365 1760/2695/2396
f 1760/2695/2396 1764/2664/2365 1761/2662/2363
f 1760/2695/2396 1761/2662/2363 1757/2696/2397
f 1757/2696/2397 1761/2662/2363 1758/2660/2361
f 1757/2696/2397 1758/2660/2361 1754/2697/2398
f 1754/2697/2398 1758/2660/2361 1755/2658/2359
f 1754/2697/2398 1755/2658/2359 1751/2698/2399
f 1751/2698/2399 1755/2658/2359 1752/2656/2357
f 1751/2698/2399 1752/2656/2357 1748/2699/2400
f 1748/2699/2400 1752/2656/2357 1749/2654/2355
f 1748/2699/2400 1749/2654/2355 1745/2700/2401
f 1745/2700/2401 1749/2654/2355 1746/2652/2353
f 1745/2700/2401 1746/2652/2353 1742/2701/2402
f 1742/2701/2402 1746/2652/2353 1743/2650/2351
f 1742/2701/2402 1743/2650/2351 1739/2702/2403
f 1739/2702/2403 1743/2650/2351 1740/2648/2349
f 1739/2702/2403 1740/2648/2349 1736/2703/2404
f 1736/2703/2404 1740/2648/2349 1737/2646/2347
f 1736/2703/2404 1737/2646/2347 1733/2704/2405
f 1733/2704/2405 1737/2646/2347 1734/2644/2345
f 1733/2704/2405 1734/2644/2345 1730/2705/2406
f 1730/2705/2406 1734/2644/2345 1731/2642/2343
f 1730/2705/2406 1731/2642/2343 1727/2706/2407
f 1727/2706/2407 1731/2642/2343 1728/2640/2341
f 1727/2706/2407 1728/2640/2341 1724/2707/2408
f 1724/2707/2408 1728/2640/2341 1725/2638/2339
f 1724/2707/2408 1725/2638/2339 1721/2708/2409
f 1721/2708/2409 1725/2638/2339 1722/2636/2337
f 1721/2708/2409 1722/2636/2337 1718/2709/2410
f 1718/2709/2410 1722/2636/2337 1719/2634/2335
f 1718/2709/2410 1719/2634/2335 1715/2710/2411
f 1715/2710/2411 1719/2634/2335 1716/2632/2333
f 1715/2710/2411 1716/2632/2333 1712/2711/2412
f 1712/2711/2412 1716/2632/2333 1713/2630/2331
f 1712/2711/2412 1713/2630/2331 1709/2712/2413
f 1709/2712/2413 1713/2630/2331 1710/2628/2329
f 1709/2712/2413 1710/2628/2329 1706/2713/2384
f 1706/2713/2384 1710/2628/2329 1707/2626/2327
f 1309/2714/2414 1335/2715/2415 1310/2716/2416
f 1310/2716/2416 1335/2715/2415 1334/2717/2417
f 1310/2716/2416 1334/2717/2417 1311/2718/2418
f 1311/2718/2418 1334/2717/2417 1333/2719/2419
f 1311/2718/2418 1333/2719/2419 1312/2720/2420
f 1312/2720/2420 1333/2719/2419 1332/2721/2421
f 1312/2720/2420 1332/2721/2421 1313/2722/2422
f 1313/2722/2422 1332/2721/2421 1331/2723/2423
f 1313/2722/2422 1331/2723/2423 1330/2724/2424
f 1330/2724/2424 1329/2725/2425 1313/2722/2422
f 1313/2722/2422 1329/2725/2425 1328/2726/2426
f 1313/2722/2422 1328/2726/2426 1327/2727/2427
f 1327/2727/2427 1326/2728/2428 1313/2722/2422
f 1313/2722/2422 1326/2728/2428 1325/2729/2429
f 1313/2722/2422 1325/2729/2429 1324/2730/2430
f 1324/2730/2430 1323/2731/2431 1313/2722/2422
f 1313/2722/2422 1323/2731/2431 1322/2732/2432
f 1313/2722/2422 1322/2732/2432 1321/2733/2433
f 1321/2733/2433 1320/2734/2434 1313/2722/2422
f 1313/2722/2422 1320/2734/2434 1319/2735/2435
f 1313/2722/2422 1319/2735/2435 1314/2736/2436
f 1314/2736/2436 1319/2735/2435 1318/2737/2437
f 1314/2736/2436 1318/2737/2437 1317/2738/2438
f 1316/2739/2439 1315/2740/2440 1317/2738/2438
f 1317/2738/2438 1315/2740/2440 1314/2736/2436
f 1628/2741/2441 1627/2742/2442 1690/2743/2443
f 1690/2743/2443 1627/2742/2442 1667/2744/2444
f 1690/2743/2443 1667/2744/2444 1691/2745/2445
f 1691/2745/2445 1667/2744/2444 1666/2746/2446
f 1691/2745/2445 1666/2746/2446 1692/2747/2447
f 1692/2747/2447 1666/2746/2446 1665/2748/2448
f 1692/2747/2447 1665/2748/2448 1693/2749/2449
f 1693/2749/2449 1665/2748/2448 1664/2750/2450
f 1693/2749/2449 1664/2750/2450 1663/2751/2451
f 1693/2749/2449 1663/2751/2451 1694/2752/2452
f 1694/2752/2452 1663/2751/2451 1662/2753/2453
f 1694/2752/2452 1662/2753/2453 1695/2754/2454
f 1695/2754/2454 1662/2753/2453 1661/2755/2455
f 1695/2754/2454 1661/2755/2455 1660/2756/2456
f 1695/2754/2454 1660/2756/2456 1696/2757/2457
f 1696/2757/2457 1660/2756/2456 1659/2758/2458
f 1696/2757/2457 1659/2758/2458 1697/2759/2459
f 1697/2759/2459 1659/2758/2458 1658/2760/2460
f 1697/2759/2459 1658/2760/2460 1698/2761/2461
f 1698/2761/2461 1658/2760/2460 1657/2762/2462
f 1698/2761/2461 1657/2762/2462 1656/2763/2463
f 1698/2761/2461 1656/2763/2463 1699/2764/2464
f 1699/2764/2464 1656/2763/2463 1655/2765/2465
f 1699/2764/2464 1655/2765/2465 1700/2766/2466
f 1700/2766/2466 1655/2765/2465 1654/2767/2467
f 1700/2766/2466 1654/2767/2467 1701/2768/2468
f 1701/2768/2468 1654/2767/2467 1653/2769/2469
f 1701/2768/2468 1653/2769/2469 1652/2770/2470
f 1701/2768/2468 1652/2770/2470 1702/2771/2471
f 1702/2771/2471 1652/2770/2470 1651/2772/2472
f 1702/2771/2471 1651/2772/2472 1703/2773/2473
f 1703/2773/2473 1651/2772/2472 1650/2774/2474
f 1703/2773/2473 1650/2774/2474 1704/2775/2475
f 1704/2775/2475 1650/2774/2474 1649/2776/2476
f 1704/2775/2475 1649/2776/2476 1648/2777/2477
f 1704/2775/2475 1648/2777/2477 1675/2778/2478
f 1675/2778/2478 1648/2777/2477 1647/2779/2479
f 1675/2778/2478 1647/2779/2479 1676/2780/2480
f 1676/2780/2480 1647/2779/2479 1646/2781/2481
f 1676/2780/2480 1646/2781/2481 1645/2782/2482
f 1676/2780/2480 1645/2782/2482 1677/2783/2483
f 1677/2783/2483 1645/2782/2482 1644/2784/2484
f 1677/2783/2483 1644/2784/2484 1678/2785/2485
f 1678/2785/2485 1644/2784/2484 1643/2786/2486
f 1678/2785/2485 1643/2786/2486 1679/2787/2487
f 1679/2787/2487 1643/2786/2486 1642/2788/2488
f 1679/2787/2487 1642/2788/2488 1641/2789/2489
f 1679/2787/2487 1641/2789/2489 1680/2790/2490
f 1680/2790/2490 1641/2789/2489 1640/2791/2491
f 1680/2790/2490 1640/2791/2491 1681/2792/2492
f 1681/2792/2492 1640/2791/2491 1639/2793/2493
f 1681/2792/2492 1639/2793/2493 1682/2794/2494
f 1682/2794/2494 1639/2793/2493 1638/2795/2495
f 1682/2794/2494 1638/2795/2495 1637/2796/2496
f 1682/2794/2494 1637/2796/2496 1683/2797/2497
f 1683/2797/2497 1637/2796/2496 1636/2798/2498
f 1683/2797/2497 1636/2798/2498 1684/2799/2499
f 1684/2799/2499 1636/2798/2498 1635/2800/2500
f 1684/2799/2499 1635/2800/2500 1685/2801/2501
f 1685/2801/2501 1635/2800/2500 1634/2802/2502
f 1685/2801/2501 1634/2802/2502 1633/2803/2503
f 1685/2801/2501 1633/2803/2503 1686/2804/2504
f 1686/2804/2504 1633/2803/2503 1632/2805/2505
f 1686/2804/2504 1632/2805/2505 1687/2806/2506
f 1687/2806/2506 1632/2805/2505 1631/2807/2507
f 1687/2806/2506 1631/2807/2507 1630/2808/2508
f 1687/2806/2506 1630/2808/2508 1688/2809/2509
f 1688/2809/2509 1630/2808/2508 1629/2810/2510
f 1688/2809/2509 1629/2810/2510 1689/2811/2511
f 1689/2811/2511 1629/2810/2510 1628/2741/2441
f 1689/2811/2511 1628/2741/2441 1690/2743/2443
g Body1:4

v -0.067655 -0.070020 -0.018746
v -0.067687 -0.069716 -0.018746
v -0.067782 -0.069425 -0.018746
v -0.067935 -0.069160 -0.018746
v -0.068140 -0.068933 -0.018746
v -0.068387 -0.068753 -0.018746
v -0.068667 -0.068628 -0.018746
v -0.068966 -0.068565 -0.018746
v -0.069272 -0.068565 -0.018746
v -0.069571 -0.068628 -0.018746
v -0.069851 -0.068753 -0.018746
v -0.070098 -0.068933 -0.018746
v -0.070303 -0.069160 -0.018746
v -0.070456 -0.069425 -0.018746
v -0.070550 -0.069716 -0.018746
v -0.070582 -0.070020 -0.018746
v -0.070550 -0.070325 -0.018746
v -0.070456 -0.070616 -0.018746
v -0.070303 -0.070880 -0.018746
v -0.070098 -0.071108 -0.018746
v -0.069851 -0.071288 -0.018746
v -0.069571 -0.071412 -0.018746
v -0.069272 -0.071476 -0.018746
v -0.068966 -0.071476 -0.018746
v -0.068667 -0.071412 -0.018746
v -0.068387 -0.071288 -0.018746
v -0.068140 -0.071108 -0.018746
v -0.067935 -0.070880 -0.018746
v -0.067782 -0.070616 -0.018746
v -0.067687 -0.070325 -0.018746
v -0.070312 -0.070020 -0.018500
v -0.070280 -0.069745 -0.018500
v -0.070185 -0.069485 -0.018500
v -0.070033 -0.069253 -0.018500
v -0.069831 -0.069063 -0.018500
v -0.069592 -0.068925 -0.018500
v -0.069326 -0.068845 -0.018500
v -0.069050 -0.068829 -0.018500
v -0.068777 -0.068877 -0.018500
v -0.068522 -0.068987 -0.018500
v -0.068300 -0.069152 -0.018500
v -0.068122 -0.069365 -0.018500
v -0.067998 -0.069612 -0.018500
v -0.067934 -0.069882 -0.018500
v -0.067934 -0.070159 -0.018500
v -0.067998 -0.070428 -0.018500
v -0.068122 -0.070676 -0.018500
v -0.068300 -0.070888 -0.018500
v -0.068522 -0.071054 -0.018500
v -0.068777 -0.071163 -0.018500
v -0.069050 -0.071212 -0.018500
v -0.069326 -0.071195 -0.018500
v -0.069592 -0.071116 -0.018500
v -0.069831 -0.070977 -0.018500
v -0.070033 -0.070787 -0.018500
v -0.070185 -0.070556 -0.018500
v -0.070280 -0.070295 -0.018500
v -0.071569 -0.070020 -0.046500
v -0.071537 -0.070413 -0.046500
v -0.071443 -0.070796 -0.046500
v -0.071288 -0.071159 -0.046500
v -0.071078 -0.071492 -0.046500
v -0.070816 -0.071787 -0.046500
v -0.070511 -0.072037 -0.046500
v -0.070169 -0.072234 -0.046500
v -0.069801 -0.072374 -0.046500
v -0.069414 -0.072452 -0.046500
v -0.069020 -0.072468 -0.046500
v -0.068629 -0.072421 -0.046500
v -0.068250 -0.072311 -0.046500
v -0.067894 -0.072142 -0.046500
v -0.067569 -0.071918 -0.046500
v -0.067285 -0.071645 -0.046500
v -0.067048 -0.071330 -0.046500
v -0.066865 -0.070981 -0.046500
v -0.066740 -0.070607 -0.046500
v -0.066677 -0.070217 -0.046500
v -0.066677 -0.069823 -0.046500
v -0.066740 -0.069434 -0.046500
v -0.066865 -0.069060 -0.046500
v -0.067048 -0.068711 -0.046500
v -0.067285 -0.068396 -0.046500
v -0.067569 -0.068122 -0.046500
v -0.067894 -0.067898 -0.046500
v -0.068250 -0.067729 -0.046500
v -0.068629 -0.067620 -0.046500
v -0.069020 -0.067572 -0.046500
v -0.069414 -0.067588 -0.046500
v -0.069801 -0.067667 -0.046500
v -0.070169 -0.067807 -0.046500
v -0.070511 -0.068004 -0.046500
v -0.070816 -0.068253 -0.046500
v -0.071078 -0.068548 -0.046500
v -0.071288 -0.068882 -0.046500
v -0.071443 -0.069244 -0.046500
v -0.071537 -0.069627 -0.046500
v -0.071869 -0.070020 -0.046200
v -0.071837 -0.069600 -0.046200
v -0.071741 -0.069191 -0.046200
v -0.071583 -0.068800 -0.046200
v -0.071368 -0.068438 -0.046200
v -0.071100 -0.068113 -0.046200
v -0.070786 -0.067833 -0.046200
v -0.070433 -0.067604 -0.046200
v -0.070048 -0.067432 -0.046200
v -0.069642 -0.067321 -0.046200
v -0.069224 -0.067272 -0.046200
v -0.068804 -0.067288 -0.046200
v -0.068390 -0.067369 -0.046200
v -0.067994 -0.067511 -0.046200
v -0.067624 -0.067712 -0.046200
v -0.067289 -0.067967 -0.046200
v -0.066997 -0.068271 -0.046200
v -0.066755 -0.068615 -0.046200
v -0.066568 -0.068992 -0.046200
v -0.066441 -0.069394 -0.046200
v -0.066377 -0.069810 -0.046200
v -0.066377 -0.070231 -0.046200
v -0.066441 -0.070647 -0.046200
v -0.066568 -0.071048 -0.046200
v -0.066755 -0.071426 -0.046200
v -0.066997 -0.071770 -0.046200
v -0.067289 -0.072073 -0.046200
v -0.067624 -0.072329 -0.046200
v -0.067994 -0.072530 -0.046200
v -0.068390 -0.072672 -0.046200
v -0.068804 -0.072752 -0.046200
v -0.069224 -0.072768 -0.046200
v -0.069642 -0.072720 -0.046200
v -0.070048 -0.072608 -0.046200
v -0.070433 -0.072436 -0.046200
v -0.070786 -0.072207 -0.046200
v -0.071100 -0.071927 -0.046200
v -0.071368 -0.071602 -0.046200
v -0.071583 -0.071240 -0.046200
v -0.071741 -0.070850 -0.046200
v -0.071837 -0.070440 -0.046200
v -0.066591 -0.070020 -0.046490
v -0.066519 -0.070020 -0.046460
v -0.066457 -0.070020 -0.046412
v -0.066409 -0.070020 -0.046350
v -0.066379 -0.070020 -0.046278
v -0.069409 -0.067509 -0.046490
v -0.069409 -0.072531 -0.046490
v -0.071639 -0.070214 -0.046490
v -0.071711 -0.070219 -0.046460
v -0.071773 -0.070224 -0.046412
v -0.071821 -0.070228 -0.046350
v -0.071851 -0.070230 -0.046278
v -0.071851 -0.069811 -0.046278
v -0.071821 -0.069813 -0.046350
v -0.071773 -0.069816 -0.046412
v -0.071711 -0.069821 -0.046460
v -0.071639 -0.069827 -0.046490
v -0.071580 -0.070596 -0.046490
v -0.071650 -0.070613 -0.046460
v -0.071711 -0.070627 -0.046412
v -0.071757 -0.070638 -0.046350
v -0.071787 -0.070645 -0.046278
v -0.071463 -0.070965 -0.046490
v -0.071530 -0.070992 -0.046460
v -0.071588 -0.071015 -0.046412
v -0.071632 -0.071033 -0.046350
v -0.071660 -0.071044 -0.046278
v -0.071292 -0.071312 -0.046490
v -0.071354 -0.071349 -0.046460
v -0.071407 -0.071381 -0.046412
v -0.071448 -0.071405 -0.046350
v -0.071474 -0.071420 -0.046278
v -0.071069 -0.071628 -0.046490
v -0.071125 -0.071674 -0.046460
v -0.071173 -0.071714 -0.046412
v -0.071209 -0.071744 -0.046350
v -0.071233 -0.071763 -0.046278
v -0.070801 -0.071907 -0.046490
v -0.070849 -0.071961 -0.046460
v -0.070890 -0.072008 -0.046412
v -0.070922 -0.072043 -0.046350
v -0.070942 -0.072066 -0.046278
v -0.070493 -0.072142 -0.046490
v -0.070532 -0.072203 -0.046460
v -0.070566 -0.072255 -0.046412
v -0.070592 -0.072295 -0.046350
v -0.070608 -0.072320 -0.046278
v -0.070153 -0.072327 -0.046490
v -0.070182 -0.072393 -0.046460
v -0.070208 -0.072449 -0.046412
v -0.070227 -0.072493 -0.046350
v -0.070240 -0.072520 -0.046278
v -0.069789 -0.072458 -0.046490
v -0.069808 -0.072527 -0.046460
v -0.069824 -0.072587 -0.046412
v -0.069837 -0.072633 -0.046350
v -0.069845 -0.072662 -0.046278
v -0.069417 -0.072603 -0.046460
v -0.069424 -0.072665 -0.046412
v -0.069430 -0.072712 -0.046350
v -0.069433 -0.072742 -0.046278
v -0.068638 -0.072502 -0.046490
v -0.068624 -0.072573 -0.046460
v -0.068612 -0.072634 -0.046412
v -0.068603 -0.072680 -0.046350
v -0.068597 -0.072710 -0.046278
v -0.069014 -0.072758 -0.046278
v -0.069015 -0.072728 -0.046350
v -0.069017 -0.072680 -0.046412
v -0.069019 -0.072618 -0.046460
v -0.069022 -0.072546 -0.046490
v -0.068264 -0.072399 -0.046490
v -0.068240 -0.072467 -0.046460
v -0.068219 -0.072526 -0.046412
v -0.068203 -0.072571 -0.046350
v -0.068193 -0.072599 -0.046278
v -0.067911 -0.072241 -0.046490
v -0.067877 -0.072304 -0.046460
v -0.067847 -0.072359 -0.046412
v -0.067824 -0.072401 -0.046350
v -0.067810 -0.072427 -0.046278
v -0.067587 -0.072030 -0.046490
v -0.067543 -0.072088 -0.046460
v -0.067505 -0.072137 -0.046412
v -0.067476 -0.072175 -0.046350
v -0.067458 -0.072199 -0.046278
v -0.067298 -0.071773 -0.046490
v -0.067246 -0.071823 -0.046460
v -0.067201 -0.071866 -0.046412
v -0.067166 -0.071899 -0.046350
v -0.067145 -0.071920 -0.046278
v -0.067051 -0.071474 -0.046490
v -0.066992 -0.071516 -0.046460
v -0.066941 -0.071552 -0.046412
v -0.066902 -0.071579 -0.046350
v -0.066878 -0.071596 -0.046278
v -0.066854 -0.071142 -0.046490
v -0.066789 -0.071174 -0.046460
v -0.066733 -0.071201 -0.046412
v -0.066690 -0.071223 -0.046350
v -0.066664 -0.071236 -0.046278
v -0.066709 -0.070783 -0.046490
v -0.066640 -0.070805 -0.046460
v -0.066581 -0.070823 -0.046412
v -0.066535 -0.070838 -0.046350
v -0.066507 -0.070847 -0.046278
v -0.066621 -0.070406 -0.046490
v -0.066549 -0.070417 -0.046460
v -0.066488 -0.070427 -0.046412
v -0.066441 -0.070434 -0.046350
v -0.066411 -0.070438 -0.046278
v -0.066621 -0.069634 -0.046490
v -0.066549 -0.069623 -0.046460
v -0.066488 -0.069614 -0.046412
v -0.066441 -0.069607 -0.046350
v -0.066411 -0.069602 -0.046278
v -0.066709 -0.069258 -0.046490
v -0.066640 -0.069236 -0.046460
v -0.066581 -0.069217 -0.046412
v -0.066535 -0.069203 -0.046350
v -0.066507 -0.069194 -0.046278
v -0.066854 -0.068899 -0.046490
v -0.066789 -0.068867 -0.046460
v -0.066733 -0.068839 -0.046412
v -0.066690 -0.068818 -0.046350
v -0.066664 -0.068805 -0.046278
v -0.067051 -0.068566 -0.046490
v -0.066992 -0.068524 -0.046460
v -0.066941 -0.068489 -0.046412
v -0.066902 -0.068461 -0.046350
v -0.066878 -0.068444 -0.046278
v -0.067298 -0.068268 -0.046490
v -0.067246 -0.068217 -0.046460
v -0.067201 -0.068174 -0.046412
v -0.067166 -0.068141 -0.046350
v -0.067145 -0.068120 -0.046278
v -0.067587 -0.068010 -0.046490
v -0.067543 -0.067952 -0.046460
v -0.067505 -0.067903 -0.046412
v -0.067476 -0.067865 -0.046350
v -0.067458 -0.067841 -0.046278
v -0.067911 -0.067800 -0.046490
v -0.067877 -0.067736 -0.046460
v -0.067847 -0.067682 -0.046412
v -0.067824 -0.067640 -0.046350
v -0.067810 -0.067613 -0.046278
v -0.068264 -0.067641 -0.046490
v -0.068240 -0.067573 -0.046460
v -0.068219 -0.067515 -0.046412
v -0.068203 -0.067470 -0.046350
v -0.068193 -0.067442 -0.046278
v -0.068638 -0.067539 -0.046490
v -0.068624 -0.067468 -0.046460
v -0.068612 -0.067407 -0.046412
v -0.068603 -0.067360 -0.046350
v -0.068597 -0.067331 -0.046278
v -0.069022 -0.067494 -0.046490
v -0.069019 -0.067422 -0.046460
v -0.069017 -0.067360 -0.046412
v -0.069015 -0.067312 -0.046350
v -0.069014 -0.067282 -0.046278
v -0.069789 -0.067583 -0.046490
v -0.069808 -0.067513 -0.046460
v -0.069824 -0.067453 -0.046412
v -0.069837 -0.067407 -0.046350
v -0.069845 -0.067378 -0.046278
v -0.069433 -0.067299 -0.046278
v -0.069430 -0.067328 -0.046350
v -0.069424 -0.067376 -0.046412
v -0.069417 -0.067437 -0.046460
v -0.070153 -0.067714 -0.046490
v -0.070182 -0.067648 -0.046460
v -0.070208 -0.067591 -0.046412
v -0.070227 -0.067548 -0.046350
v -0.070240 -0.067520 -0.046278
v -0.070493 -0.067899 -0.046490
v -0.070532 -0.067838 -0.046460
v -0.070566 -0.067786 -0.046412
v -0.070592 -0.067746 -0.046350
v -0.070608 -0.067721 -0.046278
v -0.070801 -0.068133 -0.046490
v -0.070849 -0.068079 -0.046460
v -0.070890 -0.068033 -0.046412
v -0.070922 -0.067997 -0.046350
v -0.070942 -0.067975 -0.046278
v -0.071069 -0.068412 -0.046490
v -0.071125 -0.068366 -0.046460
v -0.071173 -0.068326 -0.046412
v -0.071209 -0.068296 -0.046350
v -0.071233 -0.068277 -0.046278
v -0.071292 -0.068729 -0.046490
v -0.071354 -0.068692 -0.046460
v -0.071407 -0.068660 -0.046412
v -0.071448 -0.068635 -0.046350
v -0.071474 -0.068620 -0.046278
v -0.071463 -0.069075 -0.046490
v -0.071530 -0.069048 -0.046460
v -0.071588 -0.069025 -0.046412
v -0.071632 -0.069007 -0.046350
v -0.071660 -0.068996 -0.046278
v -0.071580 -0.069444 -0.046490
v -0.071650 -0.069428 -0.046460
v -0.071711 -0.069414 -0.046412
v -0.071757 -0.069403 -0.046350
v -0.071787 -0.069396 -0.046278
v -0.067869 -0.069299 -0.046500
v -0.069119 -0.068577 -0.046500
v -0.070369 -0.069299 -0.046500
v -0.070369 -0.070742 -0.046500
v -0.069119 -0.071464 -0.046500
v -0.067869 -0.070742 -0.046500
v -0.071869 -0.070020 -0.043500
v -0.071837 -0.069600 -0.043500
v -0.071741 -0.069191 -0.043500
v -0.071583 -0.068800 -0.043500
v -0.071368 -0.068438 -0.043500
v -0.071100 -0.068113 -0.043500
v -0.070786 -0.067833 -0.043500
v -0.070433 -0.067604 -0.043500
v -0.070048 -0.067432 -0.043500
v -0.069642 -0.067321 -0.043500
v -0.069224 -0.067272 -0.043500
v -0.068804 -0.067288 -0.043500
v -0.068390 -0.067369 -0.043500
v -0.067994 -0.067511 -0.043500
v -0.067624 -0.067712 -0.043500
v -0.067289 -0.067967 -0.043500
v -0.066997 -0.068271 -0.043500
v -0.066755 -0.068615 -0.043500
v -0.066568 -0.068992 -0.043500
v -0.066441 -0.069394 -0.043500
v -0.066377 -0.069810 -0.043500
v -0.066377 -0.070231 -0.043500
v -0.066441 -0.070647 -0.043500
v -0.066568 -0.071048 -0.043500
v -0.066755 -0.071426 -0.043500
v -0.066997 -0.071770 -0.043500
v -0.067289 -0.072073 -0.043500
v -0.067624 -0.072329 -0.043500
v -0.067994 -0.072530 -0.043500
v -0.068390 -0.072672 -0.043500
v -0.068804 -0.072752 -0.043500
v -0.069224 -0.072768 -0.043500
v -0.069642 -0.072720 -0.043500
v -0.070048 -0.072608 -0.043500
v -0.070433 -0.072436 -0.043500
v -0.070786 -0.072207 -0.043500
v -0.071100 -0.071927 -0.043500
v -0.071368 -0.071602 -0.043500
v -0.071583 -0.071240 -0.043500
v -0.071741 -0.070850 -0.043500
v -0.071837 -0.070440 -0.043500
v -0.069119 -0.070020 -0.045091
v -0.069119 -0.068577 -0.045200
v -0.067869 -0.069299 -0.045200
v -0.067869 -0.070742 -0.045200
v -0.069119 -0.071464 -0.045200
v -0.070369 -0.070742 -0.045200
v -0.070369 -0.069299 -0.045200
v -0.067655 -0.070020 -0.043500
v -0.067687 -0.069716 -0.043500
v -0.067782 -0.069425 -0.043500
v -0.067935 -0.069160 -0.043500
v -0.068140 -0.068933 -0.043500
v -0.068387 -0.068753 -0.043500
v -0.068667 -0.068628 -0.043500
v -0.068966 -0.068565 -0.043500
v -0.069272 -0.068565 -0.043500
v -0.069571 -0.068628 -0.043500
v -0.069851 -0.068753 -0.043500
v -0.070098 -0.068933 -0.043500
v -0.070303 -0.069160 -0.043500
v -0.070456 -0.069425 -0.043500
v -0.070550 -0.069716 -0.043500
v -0.070582 -0.070020 -0.043500
v -0.070550 -0.070325 -0.043500
v -0.070456 -0.070616 -0.043500
v -0.070303 -0.070880 -0.043500
v -0.070098 -0.071108 -0.043500
v -0.069851 -0.071288 -0.043500
v -0.069571 -0.071412 -0.043500
v -0.069272 -0.071476 -0.043500
v -0.068966 -0.071476 -0.043500
v -0.068667 -0.071412 -0.043500
v -0.068387 -0.071288 -0.043500
v -0.068140 -0.071108 -0.043500
v -0.067935 -0.070880 -0.043500
v -0.067782 -0.070616 -0.043500
v -0.067687 -0.070325 -0.043500
v -0.067655 -0.070020 -0.024935
v -0.067655 -0.070020 -0.031123
v -0.067655 -0.070020 -0.037312
v -0.067687 -0.070325 -0.024935
v -0.067687 -0.070325 -0.031123
v -0.067687 -0.070325 -0.037312
v -0.067782 -0.070616 -0.024935
v -0.067782 -0.070616 -0.031123
v -0.067782 -0.070616 -0.037312
v -0.067935 -0.070880 -0.024935
v -0.067935 -0.070880 -0.031123
v -0.067935 -0.070880 -0.037312
v -0.068140 -0.071108 -0.024935
v -0.068140 -0.071108 -0.031123
v -0.068140 -0.071108 -0.037312
v -0.068387 -0.071288 -0.024935
v -0.068387 -0.071288 -0.031123
v -0.068387 -0.071288 -0.037312
v -0.068667 -0.071412 -0.024935
v -0.068667 -0.071412 -0.031123
v -0.068667 -0.071412 -0.037312
v -0.068966 -0.071476 -0.024935
v -0.068966 -0.071476 -0.031123
v -0.068966 -0.071476 -0.037312
v -0.069272 -0.071476 -0.024935
v -0.069272 -0.071476 -0.031123
v -0.069272 -0.071476 -0.037312
v -0.069571 -0.071412 -0.024935
v -0.069571 -0.071412 -0.031123
v -0.069571 -0.071412 -0.037312
v -0.069851 -0.071288 -0.024935
v -0.069851 -0.071288 -0.031123
v -0.069851 -0.071288 -0.037312
v -0.070098 -0.071108 -0.024935
v -0.070098 -0.071108 -0.031123
v -0.070098 -0.071108 -0.037312
v -0.070303 -0.070880 -0.024935
v -0.070303 -0.070880 -0.031123
v -0.070303 -0.070880 -0.037312
v -0.070456 -0.070616 -0.024935
v -0.070456 -0.070616 -0.031123
v -0.070456 -0.070616 -0.037312
v -0.070550 -0.070325 -0.024935
v -0.070550 -0.070325 -0.031123
v -0.070550 -0.070325 -0.037312
v -0.070582 -0.070020 -0.024935
v -0.070582 -0.070020 -0.031123
v -0.070582 -0.070020 -0.037312
v -0.070550 -0.069716 -0.024935
v -0.070550 -0.069716 -0.031123
v -0.070550 -0.069716 -0.037312
v -0.070456 -0.069425 -0.024935
v -0.070456 -0.069425 -0.031123
v -0.070456 -0.069425 -0.037312
v -0.070303 -0.069160 -0.024935
v -0.070303 -0.069160 -0.031123
v -0.070303 -0.069160 -0.037312
v -0.070098 -0.068933 -0.024935
v -0.070098 -0.068933 -0.031123
v -0.070098 -0.068933 -0.037312
v -0.069851 -0.068753 -0.024935
v -0.069851 -0.068753 -0.031123
v -0.069851 -0.068753 -0.037312
v -0.069571 -0.068628 -0.024935
v -0.069571 -0.068628 -0.031123
v -0.069571 -0.068628 -0.037312
v -0.069272 -0.068565 -0.024935
v -0.069272 -0.068565 -0.031123
v -0.069272 -0.068565 -0.037312
v -0.068966 -0.068565 -0.024935
v -0.068966 -0.068565 -0.031123
v -0.068966 -0.068565 -0.037312
v -0.068667 -0.068628 -0.024935
v -0.068667 -0.068628 -0.031123
v -0.068667 -0.068628 -0.037312
v -0.068387 -0.068753 -0.024935
v -0.068387 -0.068753 -0.031123
v -0.068387 -0.068753 -0.037312
v -0.068140 -0.068933 -0.024935
v -0.068140 -0.068933 -0.031123
v -0.068140 -0.068933 -0.037312
v -0.067935 -0.069160 -0.024935
v -0.067935 -0.069160 -0.031123
v -0.067935 -0.069160 -0.037312
v -0.067782 -0.069425 -0.024935
v -0.067782 -0.069425 -0.031123
v -0.067782 -0.069425 -0.037312
v -0.067687 -0.069716 -0.024935
v -0.067687 -0.069716 -0.031123
v -0.067687 -0.069716 -0.037312
vt 0.013779 -0.389504 0.000000
vt -0.022774 -0.401869 0.000000
vt 0.013779 -0.417325 0.000000
vt 0.013779 0.417325 0.000000
vt -0.022774 0.432782 0.000000
vt -0.022774 0.401869 0.000000
vt 0.013779 0.389504 0.000000
vt -0.022774 0.370956 0.000000
vt 0.013779 0.361682 0.000000
vt -0.022774 0.340043 0.000000
vt 0.013779 0.333860 0.000000
vt -0.022774 0.309130 0.000000
vt 0.013779 0.306039 0.000000
vt -0.022774 0.278217 0.000000
vt 0.013779 0.278217 0.000000
vt 0.013779 0.250395 0.000000
vt -0.022774 0.247304 0.000000
vt 0.013779 0.222573 0.000000
vt -0.022774 0.216391 0.000000
vt 0.013779 0.194752 0.000000
vt -0.022774 0.185478 0.000000
vt 0.013779 0.166930 0.000000
vt -0.022774 0.154565 0.000000
vt 0.013779 0.139108 0.000000
vt -0.022774 0.123652 0.000000
vt 0.013779 0.111287 0.000000
vt -0.022774 0.092739 0.000000
vt 0.013779 0.083465 0.000000
vt -0.022774 0.061826 0.000000
vt 0.013779 0.055643 0.000000
vt -0.022774 0.030913 0.000000
vt 0.013779 0.027822 0.000000
vt -0.022774 0.000000 0.000000
vt 0.013779 0.000000 0.000000
vt 0.013779 -0.027822 0.000000
vt -0.022774 -0.030913 0.000000
vt 0.013779 -0.055643 0.000000
vt -0.022774 -0.061826 0.000000
vt 0.013779 -0.083465 0.000000
vt -0.022774 -0.092739 0.000000
vt 0.013779 -0.111287 0.000000
vt -0.022774 -0.123652 0.000000
vt 0.013779 -0.139108 0.000000
vt -0.022774 -0.154565 0.000000
vt 0.013779 -0.166930 0.000000
vt -0.022774 -0.185478 0.000000
vt 0.013779 -0.194752 0.000000
vt -0.022774 -0.216391 0.000000
vt 0.013779 -0.222573 0.000000
vt -0.022774 -0.247304 0.000000
vt 0.013779 -0.250395 0.000000
vt -0.022774 -0.278217 0.000000
vt 0.013779 -0.278217 0.000000
vt 0.013779 -0.306039 0.000000
vt -0.022774 -0.309130 0.000000
vt 0.013779 -0.333860 0.000000
vt -0.022774 -0.340043 0.000000
vt 0.013779 -0.361682 0.000000
vt -0.022774 -0.370956 0.000000
vt 0.047124 0.042889 0.000000
vt 0.039270 0.020398 0.000000
vt 0.047124 0.000000 0.000000
vt 0.039270 -0.020398 0.000000
vt 0.047124 -0.042889 0.000000
vt 0.039270 -0.061195 0.000000
vt 0.047124 -0.085778 0.000000
vt 0.039270 -0.101992 0.000000
vt 0.047124 -0.128667 0.000000
vt 0.039270 -0.142789 0.000000
vt 0.047124 -0.171556 0.000000
vt 0.039270 -0.183585 0.000000
vt 0.047124 -0.214444 0.000000
vt 0.039270 -0.224382 0.000000
vt 0.047124 -0.257333 0.000000
vt 0.039270 -0.265179 0.000000
vt 0.047124 -0.300222 0.000000
vt 0.039270 -0.305976 0.000000
vt 0.047124 -0.343111 0.000000
vt 0.039270 -0.346772 0.000000
vt 0.047124 -0.386000 0.000000
vt 0.039270 -0.387569 0.000000
vt 0.047124 -0.428889 0.000000
vt 0.039270 -0.428366 0.000000
vt 0.039270 -0.469163 0.000000
vt 0.031416 -0.428366 0.000000
vt 0.031416 -0.469163 0.000000
vt 0.023562 -0.428366 0.000000
vt 0.023562 -0.469163 0.000000
vt 0.015708 -0.428366 0.000000
vt 0.015708 -0.469163 0.000000
vt 0.007854 -0.428366 0.000000
vt 0.007854 -0.469163 0.000000
vt 0.000000 -0.448764 0.000000
vt -0.000000 -0.489561 0.000000
vt 0.039270 0.061195 0.000000
vt 0.047124 0.085778 0.000000
vt 0.039270 0.101992 0.000000
vt 0.047124 0.128667 0.000000
vt 0.039270 0.142789 0.000000
vt 0.047124 0.171556 0.000000
vt 0.039270 0.183585 0.000000
vt 0.047124 0.214444 0.000000
vt 0.039270 0.224382 0.000000
vt 0.047124 0.257333 0.000000
vt 0.039270 0.265179 0.000000
vt 0.047124 0.300222 0.000000
vt 0.039270 0.305976 0.000000
vt 0.047124 0.343111 0.000000
vt 0.039270 0.346772 0.000000
vt 0.047124 0.386000 0.000000
vt 0.039270 0.387569 0.000000
vt 0.047124 0.428889 0.000000
vt 0.039270 0.428366 0.000000
vt 0.039270 0.469163 0.000000
vt 0.031416 0.469163 0.000000
vt 0.031416 0.509959 0.000000
vt 0.023562 0.509959 0.000000
vt 0.023562 0.550756 0.000000
vt 0.015708 0.550756 0.000000
vt 0.015708 0.591553 0.000000
vt 0.007854 0.591553 0.000000
vt 0.007854 0.632350 0.000000
vt -0.000000 0.611951 0.000000
vt -0.000000 0.652748 0.000000
vt 0.007854 0.673146 0.000000
vt 0.000000 0.693545 0.000000
vt 0.007854 0.713943 0.000000
vt 0.000000 0.734342 0.000000
vt 0.007854 0.754740 0.000000
vt -0.000000 0.775138 0.000000
vt 0.007854 0.795537 0.000000
vt -0.000000 0.815935 0.000000
vt 0.007854 0.836333 0.000000
vt -0.000000 0.856732 0.000000
vt -0.000000 -0.815935 0.000000
vt 0.007854 -0.836333 0.000000
vt 0.007854 -0.795537 0.000000
vt -0.000000 -0.775138 0.000000
vt 0.007854 -0.754740 0.000000
vt 0.000000 -0.734342 0.000000
vt 0.007854 -0.713943 0.000000
vt 0.000000 -0.693545 0.000000
vt 0.007854 -0.673146 0.000000
vt -0.000000 -0.652748 0.000000
vt 0.007854 -0.632350 0.000000
vt -0.000000 -0.611951 0.000000
vt 0.007854 -0.591553 0.000000
vt 0.000000 -0.571155 0.000000
vt 0.007854 -0.550756 0.000000
vt -0.000000 -0.530358 0.000000
vt 0.007854 -0.509959 0.000000
vt 0.047124 0.471778 0.000000
vt 0.039270 0.509959 0.000000
vt 0.031416 0.550756 0.000000
vt 0.023562 0.591553 0.000000
vt 0.015708 0.632350 0.000000
vt 0.047124 0.514667 0.000000
vt 0.039270 0.550756 0.000000
vt 0.031416 0.591553 0.000000
vt 0.023562 0.632350 0.000000
vt 0.015708 0.673146 0.000000
vt 0.047124 0.557556 0.000000
vt 0.039270 0.591553 0.000000
vt 0.031416 0.632350 0.000000
vt 0.023562 0.673146 0.000000
vt 0.015708 0.713943 0.000000
vt 0.047124 0.600445 0.000000
vt 0.039270 0.632350 0.000000
vt 0.031416 0.673146 0.000000
vt 0.023562 0.713943 0.000000
vt 0.015708 0.754740 0.000000
vt 0.047124 0.643333 0.000000
vt 0.039270 0.673146 0.000000
vt 0.031416 0.713943 0.000000
vt 0.023562 0.754740 0.000000
vt 0.015708 0.795537 0.000000
vt 0.047124 0.686222 0.000000
vt 0.039270 0.713943 0.000000
vt 0.031416 0.754740 0.000000
vt 0.023562 0.795537 0.000000
vt 0.015708 0.836333 0.000000
vt 0.015708 -0.836333 0.000000
vt 0.047124 0.729111 0.000000
vt 0.039270 0.754740 0.000000
vt 0.031416 0.795537 0.000000
vt 0.023562 0.836333 0.000000
vt 0.023562 -0.836333 0.000000
vt 0.015708 -0.795537 0.000000
vt 0.047124 0.772000 0.000000
vt 0.039270 0.795537 0.000000
vt 0.031416 0.836333 0.000000
vt 0.031416 -0.836333 0.000000
vt 0.023562 -0.795537 0.000000
vt 0.015708 -0.754740 0.000000
vt 0.047124 0.814889 0.000000
vt 0.039270 0.836333 0.000000
vt 0.039270 -0.836333 0.000000
vt 0.031416 -0.795537 0.000000
vt 0.023562 -0.754740 0.000000
vt 0.015708 -0.713943 0.000000
vt 0.047124 -0.857778 0.000000
vt 0.047124 -0.814889 0.000000
vt 0.039270 -0.795537 0.000000
vt 0.031416 -0.754740 0.000000
vt 0.023562 -0.713943 0.000000
vt 0.015708 -0.673146 0.000000
vt 0.047124 -0.772000 0.000000
vt 0.039270 -0.754740 0.000000
vt 0.031416 -0.713943 0.000000
vt 0.023562 -0.673146 0.000000
vt 0.015708 -0.632350 0.000000
vt 0.047124 -0.729111 0.000000
vt 0.039270 -0.713943 0.000000
vt 0.031416 -0.673146 0.000000
vt 0.023562 -0.632350 0.000000
vt 0.015708 -0.591553 0.000000
vt 0.047124 -0.686222 0.000000
vt 0.039270 -0.673146 0.000000
vt 0.031416 -0.632350 0.000000
vt 0.023562 -0.591553 0.000000
vt 0.015708 -0.550756 0.000000
vt 0.047124 -0.643333 0.000000
vt 0.039270 -0.632350 0.000000
vt 0.031416 -0.591553 0.000000
vt 0.023562 -0.550756 0.000000
vt 0.015708 -0.509959 0.000000
vt 0.047124 -0.600445 0.000000
vt 0.039270 -0.591553 0.000000
vt 0.031416 -0.550756 0.000000
vt 0.023562 -0.509959 0.000000
vt 0.047124 -0.557556 0.000000
vt 0.039270 -0.550756 0.000000
vt 0.031416 -0.509959 0.000000
vt 0.047124 -0.514667 0.000000
vt 0.039270 -0.509959 0.000000
vt 0.047124 -0.471778 0.000000
vt 0.000000 -0.040797 0.000000
vt 0.007854 -0.020398 0.000000
vt 0.000000 -0.000000 0.000000
vt 0.007854 0.020398 0.000000
vt 0.000000 0.040797 0.000000
vt 0.007854 0.061195 0.000000
vt 0.000000 0.081594 0.000000
vt 0.007854 0.101992 0.000000
vt -0.000000 0.122390 0.000000
vt 0.007854 0.142789 0.000000
vt 0.000000 0.163187 0.000000
vt 0.007854 0.183585 0.000000
vt -0.000000 0.203984 0.000000
vt 0.007854 0.224382 0.000000
vt 0.000000 0.244781 0.000000
vt 0.007854 0.265179 0.000000
vt -0.000000 0.285577 0.000000
vt 0.007854 0.305976 0.000000
vt -0.000000 0.326374 0.000000
vt 0.007854 0.346772 0.000000
vt 0.000000 0.367171 0.000000
vt 0.007854 0.387569 0.000000
vt 0.000000 0.407968 0.000000
vt 0.007854 0.428366 0.000000
vt 0.000000 0.448764 0.000000
vt 0.007854 0.469163 0.000000
vt -0.000000 0.489561 0.000000
vt 0.007854 0.509959 0.000000
vt -0.000000 0.530358 0.000000
vt 0.007854 0.550756 0.000000
vt 0.000000 0.571155 0.000000
vt 0.007854 -0.061195 0.000000
vt 0.000000 -0.081594 0.000000
vt 0.007854 -0.101992 0.000000
vt -0.000000 -0.122390 0.000000
vt 0.007854 -0.142789 0.000000
vt 0.000000 -0.163187 0.000000
vt 0.007854 -0.183585 0.000000
vt -0.000000 -0.203984 0.000000
vt 0.007854 -0.224382 0.000000
vt 0.000000 -0.244781 0.000000
vt 0.007854 -0.265179 0.000000
vt -0.000000 -0.285577 0.000000
vt 0.007854 -0.305976 0.000000
vt -0.000000 -0.326374 0.000000
vt 0.007854 -0.346772 0.000000
vt 0.000000 -0.367171 0.000000
vt 0.007854 -0.387569 0.000000
vt 0.000000 -0.407968 0.000000
vt 0.031416 0.020398 0.000000
vt 0.031416 -0.020398 0.000000
vt 0.031416 -0.061195 0.000000
vt 0.031416 -0.101992 0.000000
vt 0.031416 -0.142789 0.000000
vt 0.031416 -0.183585 0.000000
vt 0.031416 -0.224382 0.000000
vt 0.031416 -0.265179 0.000000
vt 0.031416 -0.305976 0.000000
vt 0.031416 -0.346772 0.000000
vt 0.031416 -0.387569 0.000000
vt 0.023562 0.020398 0.000000
vt 0.023562 -0.020398 0.000000
vt 0.023562 -0.061195 0.000000
vt 0.023562 -0.101992 0.000000
vt 0.023562 -0.142789 0.000000
vt 0.023562 -0.183585 0.000000
vt 0.023562 -0.224382 0.000000
vt 0.023562 -0.265179 0.000000
vt 0.023562 -0.305976 0.000000
vt 0.023562 -0.346772 0.000000
vt 0.023562 -0.387569 0.000000
vt 0.031416 0.061195 0.000000
vt 0.031416 0.101992 0.000000
vt 0.031416 0.142789 0.000000
vt 0.031416 0.183585 0.000000
vt 0.031416 0.224382 0.000000
vt 0.031416 0.265179 0.000000
vt 0.031416 0.305976 0.000000
vt 0.031416 0.346772 0.000000
vt 0.031416 0.387569 0.000000
vt 0.031416 0.428366 0.000000
vt 0.015708 0.020398 0.000000
vt 0.015708 -0.020398 0.000000
vt 0.015708 -0.061195 0.000000
vt 0.015708 -0.101992 0.000000
vt 0.015708 -0.142789 0.000000
vt 0.015708 -0.183585 0.000000
vt 0.015708 -0.224382 0.000000
vt 0.015708 -0.265179 0.000000
vt 0.015708 -0.305976 0.000000
vt 0.015708 -0.346772 0.000000
vt 0.015708 -0.387569 0.000000
vt 0.023562 0.061195 0.000000
vt 0.023562 0.101992 0.000000
vt 0.023562 0.142789 0.000000
vt 0.023562 0.183585 0.000000
vt 0.023562 0.224382 0.000000
vt 0.023562 0.265179 0.000000
vt 0.023562 0.305976 0.000000
vt 0.023562 0.346772 0.000000
vt 0.023562 0.387569 0.000000
vt 0.023562 0.428366 0.000000
vt 0.023562 0.469163 0.000000
vt 0.015708 0.061195 0.000000
vt 0.015708 0.101992 0.000000
vt 0.015708 0.142789 0.000000
vt 0.015708 0.183585 0.000000
vt 0.015708 0.224382 0.000000
vt 0.015708 0.265179 0.000000
vt 0.015708 0.305976 0.000000
vt 0.015708 0.346772 0.000000
vt 0.015708 0.387569 0.000000
vt 0.015708 0.428366 0.000000
vt 0.015708 0.469163 0.000000
vt 0.015708 0.509959 0.000000
vt 0.275000 -0.144338 0.000000
vt 0.397500 -0.212176 0.000000
vt 0.400000 -0.072169 0.000000
vt 0.429949 -0.189778 0.000000
vt 0.458385 -0.162465 0.000000
vt 0.150000 -0.072169 0.000000
vt 0.169970 -0.221345 0.000000
vt 0.206837 -0.235327 0.000000
vt 0.245469 -0.243214 0.000000
vt 0.150000 0.072169 0.000000
vt 0.030000 0.000000 0.000000
vt 0.033173 -0.039301 0.000000
vt 0.042609 -0.077584 0.000000
vt 0.275000 0.144338 0.000000
vt 0.169970 0.221345 0.000000
vt 0.135824 0.201631 0.000000
vt 0.105283 0.176695 0.000000
vt 0.400000 0.072169 0.000000
vt 0.397500 0.212176 0.000000
vt 0.361878 0.229079 0.000000
vt 0.324006 0.240049 0.000000
vt 0.519206 0.019714 0.000000
vt 0.512881 0.058632 0.000000
vt 0.500395 0.096032 0.000000
vt 0.058063 -0.113857 0.000000
vt 0.079137 -0.147182 0.000000
vt 0.105283 -0.176695 0.000000
vt 0.135824 -0.201631 0.000000
vt 0.284865 -0.244801 0.000000
vt 0.324006 -0.240049 0.000000
vt 0.361878 -0.229079 0.000000
vt 0.482072 -0.130944 0.000000
vt 0.500395 -0.096032 0.000000
vt 0.512881 -0.058632 0.000000
vt 0.519206 -0.019714 0.000000
vt 0.482072 0.130944 0.000000
vt 0.458385 0.162465 0.000000
vt 0.429949 0.189778 0.000000
vt 0.284865 0.244801 0.000000
vt 0.245469 0.243214 0.000000
vt 0.206837 0.235327 0.000000
vt 0.079137 0.147182 0.000000
vt 0.058063 0.113857 0.000000
vt 0.042609 0.077584 0.000000
vt 0.033173 0.039301 0.000000
vt -0.150000 -0.042143 0.000000
vt 0.120000 -0.000000 0.000000
vt -0.150000 0.000000 0.000000
vt 0.120000 0.042143 0.000000
vt -0.150000 0.042143 0.000000
vt 0.120000 0.084287 0.000000
vt -0.150000 0.084287 0.000000
vt 0.120000 0.126430 0.000000
vt -0.150000 0.126430 0.000000
vt 0.120000 0.168573 0.000000
vt -0.150000 0.168573 0.000000
vt 0.120000 0.210717 0.000000
vt -0.150000 0.210717 0.000000
vt 0.120000 0.252860 0.000000
vt -0.150000 0.252860 0.000000
vt 0.120000 0.295003 0.000000
vt -0.150000 0.295003 0.000000
vt 0.120000 0.337147 0.000000
vt -0.150000 0.337147 0.000000
vt 0.120000 0.379290 0.000000
vt -0.150000 0.379290 0.000000
vt 0.120000 0.421433 0.000000
vt -0.150000 0.421433 0.000000
vt 0.120000 0.463576 0.000000
vt -0.150000 0.463576 0.000000
vt 0.120000 0.505720 0.000000
vt -0.150000 0.505720 0.000000
vt 0.120000 0.547863 0.000000
vt -0.150000 0.547863 0.000000
vt 0.120000 0.590006 0.000000
vt -0.150000 0.590006 0.000000
vt 0.120000 0.632150 0.000000
vt -0.150000 0.632150 0.000000
vt 0.120000 0.674293 0.000000
vt -0.150000 0.674293 0.000000
vt 0.120000 0.716436 0.000000
vt -0.150000 0.716436 0.000000
vt 0.120000 0.758580 0.000000
vt -0.150000 0.758580 0.000000
vt 0.120000 0.800723 0.000000
vt -0.150000 0.800723 0.000000
vt 0.120000 0.842866 0.000000
vt -0.150000 0.842866 0.000000
vt -0.150000 -0.885010 0.000000
vt 0.120000 -0.885010 0.000000
vt 0.120000 -0.842866 0.000000
vt -0.150000 -0.842866 0.000000
vt 0.120000 -0.800723 0.000000
vt -0.150000 -0.800723 0.000000
vt 0.120000 -0.758580 0.000000
vt -0.150000 -0.758580 0.000000
vt 0.120000 -0.716436 0.000000
vt -0.150000 -0.716436 0.000000
vt 0.120000 -0.674293 0.000000
vt -0.150000 -0.674293 0.000000
vt 0.120000 -0.632150 0.000000
vt -0.150000 -0.632150 0.000000
vt 0.120000 -0.590006 0.000000
vt -0.150000 -0.590006 0.000000
vt 0.120000 -0.547863 0.000000
vt -0.150000 -0.547863 0.000000
vt 0.120000 -0.505720 0.000000
vt -0.150000 -0.505720 0.000000
vt 0.120000 -0.463576 0.000000
vt -0.150000 -0.463576 0.000000
vt 0.120000 -0.421433 0.000000
vt -0.150000 -0.421433 0.000000
vt 0.120000 -0.379290 0.000000
vt -0.150000 -0.379290 0.000000
vt 0.120000 -0.337147 0.000000
vt -0.150000 -0.337147 0.000000
vt 0.120000 -0.295003 0.000000
vt -0.150000 -0.295003 0.000000
vt 0.120000 -0.252860 0.000000
vt -0.150000 -0.252860 0.000000
vt 0.120000 -0.210717 0.000000
vt -0.150000 -0.210717 0.000000
vt 0.120000 -0.168573 0.000000
vt -0.150000 -0.168573 0.000000
vt 0.120000 -0.126430 0.000000
vt -0.150000 -0.126430 0.000000
vt 0.120000 -0.084287 0.000000
vt -0.150000 -0.084287 0.000000
vt 0.120000 -0.042143 0.000000
vt 0.072169 0.125477 0.000000
vt 0.000000 0.000000 0.000000
vt 0.144338 0.000000 0.000000
vt 0.000000 0.000000 0.000000
vt 0.144338 0.000000 0.000000
vt 0.072169 0.125477 0.000000
vt -0.000000 -0.000000 0.000000
vt 0.144338 0.000000 0.000000
vt -0.000000 0.000000 0.000000
vt 0.144338 0.000000 0.000000
vt 0.072169 0.125477 0.000000
vt -0.000000 0.000000 0.000000
vt 0.144338 0.000000 0.000000
vt -0.000000 0.000000 0.000000
vt 0.144338 0.000000 0.000000
vt -0.144338 -0.000000 0.000000
vt 0.000000 0.000000 0.000000
vt -0.144338 0.130000 0.000000
vt -0.000000 0.130000 0.000000
vt -0.144338 0.000000 0.000000
vt 0.000000 0.000000 0.000000
vt -0.144338 0.130000 0.000000
vt 0.000000 0.130000 0.000000
vt -0.144338 0.000000 0.000000
vt 0.000000 0.000000 0.000000
vt -0.144338 0.130000 0.000000
vt 0.000000 0.130000 0.000000
vt -0.144338 0.000000 0.000000
vt -0.000000 0.000000 0.000000
vt -0.144338 0.130000 0.000000
vt 0.000000 0.130000 0.000000
vt -0.144338 0.000000 0.000000
vt 0.000000 -0.000000 0.000000
vt -0.144338 0.130000 0.000000
vt 0.000000 0.130000 0.000000
vt -0.144338 0.000000 0.000000
vt -0.000000 0.000000 0.000000
vt -0.144338 0.130000 0.000000
vt -0.000000 0.130000 0.000000
vt -1.225385 0.429121 0.000000
vt -0.606539 0.429121 0.000000
vt -1.225385 0.459772 0.000000
vt -0.606539 0.459772 0.000000
vt -1.225385 -0.459772 0.000000
vt -0.606539 -0.459772 0.000000
vt -1.225385 -0.429121 0.000000
vt -0.606539 -0.429121 0.000000
vt -1.225385 -0.398469 0.000000
vt -0.606539 -0.398469 0.000000
vt -1.225385 -0.367818 0.000000
vt -0.606539 -0.367818 0.000000
vt -1.225385 -0.337166 0.000000
vt -0.606539 -0.337166 0.000000
vt -1.225385 -0.306515 0.000000
vt -0.606539 -0.306515 0.000000
vt -1.225385 -0.275863 0.000000
vt -0.606539 -0.275863 0.000000
vt -1.225385 -0.245212 0.000000
vt -0.606539 -0.245212 0.000000
vt -1.225385 -0.214560 0.000000
vt -0.606539 -0.214560 0.000000
vt -1.225385 -0.183909 0.000000
vt -0.606539 -0.183909 0.000000
vt -1.225385 -0.153257 0.000000
vt -0.606539 -0.153257 0.000000
vt -1.225385 -0.122606 0.000000
vt -0.606539 -0.122606 0.000000
vt -1.225385 -0.091954 0.000000
vt -0.606539 -0.091954 0.000000
vt -1.225385 -0.061303 0.000000
vt -0.606539 -0.061303 0.000000
vt -1.225385 -0.030651 0.000000
vt -0.606539 -0.030651 0.000000
vt -1.225385 0.000000 0.000000
vt -0.606539 0.000000 0.000000
vt -1.225385 0.030651 0.000000
vt -0.606539 0.030651 0.000000
vt -1.225385 0.061303 0.000000
vt -0.606539 0.061303 0.000000
vt -1.225385 0.091954 0.000000
vt -0.606539 0.091954 0.000000
vt -1.225385 0.122606 0.000000
vt -0.606539 0.122606 0.000000
vt -1.225385 0.153257 0.000000
vt -0.606539 0.153257 0.000000
vt -1.225385 0.183909 0.000000
vt -0.606539 0.183909 0.000000
vt -1.225385 0.214560 0.000000
vt -0.606539 0.214560 0.000000
vt -1.225385 0.245212 0.000000
vt -0.606539 0.245212 0.000000
vt -1.225385 0.275863 0.000000
vt -0.606539 0.275863 0.000000
vt -1.225385 0.306515 0.000000
vt -0.606539 0.306515 0.000000
vt -1.225385 0.337166 0.000000
vt -0.606539 0.337166 0.000000
vt -1.225385 0.367818 0.000000
vt -0.606539 0.367818 0.000000
vt -1.225385 0.398469 0.000000
vt -0.606539 0.398469 0.000000
vt 1.250000 -0.429121 0.000000
vt 0.631154 -0.429121 0.000000
vt 1.250000 -0.459772 0.000000
vt 0.631154 -0.459772 0.000000
vt 1.250000 0.459772 0.000000
vt 0.631154 0.459772 0.000000
vt 1.250000 0.429121 0.000000
vt 0.631154 0.429121 0.000000
vt 1.250000 0.398469 0.000000
vt 0.631154 0.398469 0.000000
vt 1.250000 0.367818 0.000000
vt 0.631154 0.367818 0.000000
vt 1.250000 0.337166 0.000000
vt 0.631154 0.337166 0.000000
vt 1.250000 0.306515 0.000000
vt 0.631154 0.306515 0.000000
vt 1.250000 0.275863 0.000000
vt 0.631154 0.275863 0.000000
vt 1.250000 0.245212 0.000000
vt 0.631154 0.245212 0.000000
vt 1.250000 0.214560 0.000000
vt 0.631154 0.214560 0.000000
vt 1.250000 0.183909 0.000000
vt 0.631154 0.183909 0.000000
vt 1.250000 0.153257 0.000000
vt 0.631154 0.153257 0.000000
vt 1.250000 0.122606 0.000000
vt 0.631154 0.122606 0.000000
vt 1.250000 0.091954 0.000000
vt 0.631154 0.091954 0.000000
vt 1.250000 0.061303 0.000000
vt 0.631154 0.061303 0.000000
vt 1.250000 0.030651 0.000000
vt 0.631154 0.030651 0.000000
vt 1.250000 0.000000 0.000000
vt 0.631154 0.000000 0.000000
vt 1.250000 -0.030651 0.000000
vt 0.631154 -0.030651 0.000000
vt 1.250000 -0.061303 0.000000
vt 0.631154 -0.061303 0.000000
vt 1.250000 -0.091954 0.000000
vt 0.631154 -0.091954 0.000000
vt 1.250000 -0.122606 0.000000
vt 0.631154 -0.122606 0.000000
vt 1.250000 -0.153257 0.000000
vt 0.631154 -0.153257 0.000000
vt 1.250000 -0.183909 0.000000
vt 0.631154 -0.183909 0.000000
vt 1.250000 -0.214560 0.000000
vt 0.631154 -0.214560 0.000000
vt 1.250000 -0.245212 0.000000
vt 0.631154 -0.245212 0.000000
vt 1.250000 -0.275863 0.000000
vt 0.631154 -0.275863 0.000000
vt 1.250000 -0.306515 0.000000
vt 0.631154 -0.306515 0.000000
vt 1.250000 -0.337166 0.000000
vt 0.631154 -0.337166 0.000000
vt 1.250000 -0.367818 0.000000
vt 0.631154 -0.367818 0.000000
vt 1.250000 -0.398469 0.000000
vt 0.631154 -0.398469 0.000000
vt 0.012307 -0.459772 0.000000
vt 0.012307 -0.429121 0.000000
vt 0.012307 -0.398469 0.000000
vt 0.012307 -0.367818 0.000000
vt 0.012307 -0.337166 0.000000
vt 0.012307 -0.306515 0.000000
vt 0.012307 -0.275863 0.000000
vt 0.012307 -0.245212 0.000000
vt 0.012307 -0.214560 0.000000
vt 0.012307 -0.183909 0.000000
vt 0.012307 -0.153257 0.000000
vt 0.012307 -0.122606 0.000000
vt 0.012307 -0.091954 0.000000
vt 0.012307 -0.061303 0.000000
vt 0.012307 -0.030651 0.000000
vt 0.012307 0.000000 0.000000
vt 0.012307 0.030651 0.000000
vt 0.012307 0.061303 0.000000
vt 0.012307 0.091954 0.000000
vt 0.012307 0.122606 0.000000
vt 0.012307 0.153257 0.000000
vt 0.012307 0.183909 0.000000
vt 0.012307 0.214560 0.000000
vt 0.012307 0.245212 0.000000
vt 0.012307 0.275863 0.000000
vt 0.012307 0.306515 0.000000
vt 0.012307 0.337166 0.000000
vt 0.012307 0.367818 0.000000
vt 0.012307 0.398469 0.000000
vt 0.012307 0.429121 0.000000
vt 0.012307 0.459772 0.000000
vt 0.119328 0.000000 0.000000
vt 0.116111 0.027519 0.000000
vt 0.116111 -0.027519 0.000000
vt 0.106635 0.053554 0.000000
vt 0.106635 -0.053554 0.000000
vt 0.091410 0.076702 0.000000
vt 0.091410 -0.076702 0.000000
vt 0.071257 0.095715 0.000000
vt 0.071257 -0.095715 0.000000
vt 0.047263 0.109568 0.000000
vt 0.020721 0.117515 0.000000
vt -0.006938 0.119126 0.000000
vt -0.034224 0.114314 0.000000
vt -0.059664 0.103341 0.000000
vt -0.081887 0.086796 0.000000
vt -0.099697 0.065572 0.000000
vt -0.112131 0.040812 0.000000
vt -0.118521 0.013853 0.000000
vt -0.118521 -0.013853 0.000000
vt -0.112131 -0.040812 0.000000
vt -0.099697 -0.065572 0.000000
vt -0.081887 -0.086796 0.000000
vt 0.047263 -0.109568 0.000000
vt -0.059664 -0.103341 0.000000
vt -0.034224 -0.114314 0.000000
vt -0.006938 -0.119126 0.000000
vt 0.020721 -0.117515 0.000000
vt 0.121777 -0.041979 0.000000
vt 0.125000 0.000000 0.000000
vt -0.003650 0.000000 0.000000
vt 0.121777 0.041979 0.000000
vt -0.006848 0.030428 0.000000
vt 0.112184 0.082973 0.000000
vt -0.016303 0.059526 0.000000
vt 0.096446 0.122023 0.000000
vt -0.031600 0.086022 0.000000
vt 0.074931 0.158213 0.000000
vt 0.048143 0.190694 0.000000
vt -0.052073 0.108759 0.000000
vt 0.016712 0.218706 0.000000
vt -0.076825 0.126743 0.000000
vt -0.018627 0.241591 0.000000
vt -0.057045 0.258814 0.000000
vt -0.104775 0.139187 0.000000
vt -0.097642 0.269970 0.000000
vt -0.134702 0.145548 0.000000
vt -0.139467 0.274798 0.000000
vt -0.165298 0.145548 0.000000
vt -0.181538 0.273186 0.000000
vt -0.222870 0.265170 0.000000
vt -0.195225 0.139187 0.000000
vt -0.262494 0.250938 0.000000
vt -0.223175 0.126743 0.000000
vt -0.299481 0.230825 0.000000
vt -0.247927 0.108759 0.000000
vt -0.332965 0.205302 0.000000
vt -0.362160 0.174967 0.000000
vt -0.268400 0.086022 0.000000
vt -0.386382 0.140530 0.000000
vt -0.283697 0.059526 0.000000
vt -0.405063 0.102800 0.000000
vt -0.293152 0.030428 0.000000
vt -0.417766 0.062660 0.000000
vt -0.424193 0.021051 0.000000
vt -0.296350 0.000000 0.000000
vt -0.424193 -0.021051 0.000000
vt -0.293152 -0.030428 0.000000
vt -0.417766 -0.062660 0.000000
vt -0.405063 -0.102800 0.000000
vt -0.283697 -0.059526 0.000000
vt -0.386382 -0.140530 0.000000
vt -0.268400 -0.086022 0.000000
vt -0.362160 -0.174967 0.000000
vt -0.247927 -0.108759 0.000000
vt -0.332965 -0.205302 0.000000
vt -0.299481 -0.230825 0.000000
vt -0.223175 -0.126743 0.000000
vt -0.262494 -0.250938 0.000000
vt -0.195225 -0.139187 0.000000
vt -0.222870 -0.265170 0.000000
vt -0.165298 -0.145548 0.000000
vt -0.181538 -0.273186 0.000000
vt -0.139467 -0.274798 0.000000
vt -0.134702 -0.145548 0.000000
vt -0.097642 -0.269970 0.000000
vt -0.104775 -0.139187 0.000000
vt -0.057045 -0.258814 0.000000
vt -0.076825 -0.126743 0.000000
vt -0.018627 -0.241591 0.000000
vt 0.016712 -0.218706 0.000000
vt -0.052073 -0.108759 0.000000
vt 0.048143 -0.190694 0.000000
vt -0.031600 -0.086022 0.000000
vt 0.074931 -0.158213 0.000000
vt 0.096446 -0.122023 0.000000
vt -0.016303 -0.059526 0.000000
vt 0.112184 -0.082973 0.000000
vt -0.006848 -0.030428 0.000000
vn 65.869178 14.000926 73.927163
vn 66.885401 7.817782 73.927163
vn 67.340735 0.000000 73.927163
vn 66.885401 -7.817782 73.927163
vn 65.869178 -14.000926 73.927163
vn 63.279592 -23.031888 73.927163
vn 61.518823 -27.389945 73.927163
vn 56.262363 -37.004339 73.927163
vn 54.479799 -39.581891 73.927163
vn 46.212016 -48.981876 73.927163
vn 45.059747 -50.043919 73.927163
vn 33.670368 -58.318787 73.927163
vn 33.670368 -58.318787 73.927163
vn 20.809432 -64.044845 73.927163
vn 19.313541 -64.511718 73.927163
vn 7.039024 -66.971835 73.927163
vn 3.915516 -67.226805 73.927163
vn -7.039024 -66.971835 73.927163
vn -11.693596 -66.317678 73.927163
vn -20.809432 -64.044845 73.927163
vn -26.672303 -61.833348 73.927163
vn -33.670368 -58.318787 73.927163
vn -40.213099 -54.015565 73.927163
vn -45.059747 -50.043919 73.927163
vn -51.585996 -43.285790 73.927163
vn -54.479799 -39.581891 73.927163
vn -60.177879 -30.222467 73.927163
vn -61.518823 -27.389945 73.927163
vn -65.525557 -15.529842 73.927163
vn -65.869178 -14.000926 73.927163
vn -67.340735 0.000000 73.927163
vn -67.340735 0.000000 73.927163
vn -65.869178 14.000926 73.927163
vn -65.525557 15.529842 73.927163
vn -61.518823 27.389945 73.927163
vn -60.177879 30.222467 73.927163
vn -54.479799 39.581891 73.927163
vn -51.585996 43.285790 73.927163
vn -45.059747 50.043919 73.927163
vn -40.213099 54.015565 73.927163
vn -33.670368 58.318787 73.927163
vn -26.672303 61.833348 73.927163
vn -20.809432 64.044845 73.927163
vn -11.693596 66.317678 73.927163
vn -7.039024 66.971835 73.927163
vn 3.915516 67.226805 73.927163
vn 7.039024 66.971835 73.927163
vn 19.313541 64.511718 73.927163
vn 20.809432 64.044845 73.927163
vn 33.670368 58.318787 73.927163
vn 33.670368 58.318787 73.927163
vn 45.059747 50.043919 73.927163
vn 46.212016 48.981876 73.927163
vn 54.479799 39.581891 73.927163
vn 56.262363 37.004339 73.927163
vn 61.518823 27.389945 73.927163
vn 63.279592 23.031888 73.927163
vn -0.000000 -0.000000 -100.000000
vn -25.805962 -1.981240 -96.592583
vn -0.000000 -0.000000 -100.000000
vn -25.805962 1.981240 -96.592583
vn -0.000000 0.000000 -100.000000
vn -25.201092 5.897283 -96.592583
vn -0.000000 0.000000 -100.000000
vn -24.005530 9.675098 -96.592583
vn -0.000000 -0.000000 -100.000000
vn -22.247298 13.226137 -96.592583
vn -0.000000 0.000000 -100.000000
vn -19.967609 16.467166 -96.592583
vn -0.000000 0.000000 -100.000000
vn -17.219896 19.322219 -96.592583
vn -0.000000 0.000000 -100.000000
vn -14.068563 21.724376 -96.592583
vn -0.000000 0.000000 -100.000000
vn -10.587475 23.617331 -96.592583
vn -0.000000 0.000000 -100.000000
vn -6.858226 24.956717 -96.592583
vn -0.000000 -0.000000 -100.000000
vn -2.968225 25.711138 -96.592583
vn -0.000000 0.000000 -100.000000
vn 0.991348 25.862912 -96.592583
vn 4.927685 25.408481 -96.592583
vn 1.915137 49.963309 -86.602540
vn 9.519555 49.085416 -86.602540
vn 2.708412 70.658789 -70.710678
vn 13.462684 69.417261 -70.710678
vn 3.317114 86.538990 -50.000000
vn 16.488354 85.018434 -50.000000
vn 3.699760 96.521701 -25.881905
vn 18.390369 94.825742 -25.881905
vn 11.468343 99.340209 -0.000000
vn 26.498150 96.425350 0.000000
vn -25.201092 -5.897283 -96.592583
vn -0.000000 -0.000000 -100.000000
vn -24.005530 -9.675098 -96.592583
vn -0.000000 -0.000000 -100.000000
vn -22.247298 -13.226137 -96.592583
vn -0.000000 -0.000000 -100.000000
vn -19.967609 -16.467166 -96.592583
vn -0.000000 -0.000000 -100.000000
vn -17.219896 -19.322219 -96.592583
vn -0.000000 -0.000000 -100.000000
vn -14.068563 -21.724376 -96.592583
vn -0.000000 -0.000000 -100.000000
vn -10.587475 -23.617331 -96.592583
vn -0.000000 -0.000000 -100.000000
vn -6.858226 -24.956717 -96.592583
vn -0.000000 0.000000 -100.000000
vn -2.968225 -25.711138 -96.592583
vn -0.000000 -0.000000 -100.000000
vn 0.991348 -25.862912 -96.592583
vn 4.927685 -25.408481 -96.592583
vn 9.519555 -49.085416 -86.602540
vn 16.900844 -47.057002 -86.602540
vn 23.901403 -66.548651 -70.710678
vn 33.779892 -62.120197 -70.710678
vn 41.371750 -76.081393 -50.000000
vn 52.500661 -68.874383 -50.000000
vn 58.556878 -76.819392 -25.881905
vn 69.597042 -66.980436 -25.881905
vn 66.532570 -74.655322 0.000000
vn 77.148918 -63.624244 -0.000000
vn 79.005909 -55.571515 -25.881905
vn 85.956961 -51.101868 -0.000000
vn 86.562946 -42.860045 -25.881905
vn 92.750245 -37.381707 -0.000000
vn 92.091020 -29.143972 -25.881905
vn 97.369542 -22.785351 -0.000000
vn 95.460558 -14.744789 -25.881905
vn 99.706580 -7.654925 -0.000000
vn 96.592583 -0.000000 -25.881905
vn 99.706580 7.654925 -0.000000
vn 95.460558 14.744789 -25.881905
vn 97.369542 22.785351 -0.000000
vn 92.091020 29.143972 -25.881905
vn 92.750245 37.381707 -0.000000
vn 86.562946 42.860045 -25.881905
vn 85.956961 51.101868 -0.000000
vn 79.005909 55.571515 -25.881905
vn 77.148918 63.624244 -0.000000
vn 69.597042 66.980436 -25.881905
vn 66.532570 74.655322 0.000000
vn 58.556878 76.819392 -25.881905
vn 54.356755 83.936543 -0.000000
vn 46.144191 84.857767 -25.881905
vn 40.906864 91.250362 -0.000000
vn 32.649923 90.907148 -25.881905
vn -0.000000 0.000000 -100.000000
vn 8.748521 -24.358497 -96.592583
vn 23.885991 -43.925613 -86.602540
vn 42.866610 -56.235698 -70.710678
vn 62.399000 -60.053016 -50.000000
vn -0.000000 -0.000000 -100.000000
vn 12.364299 -22.737570 -96.592583
vn 30.311271 -39.764644 -86.602540
vn 50.948570 -49.033082 -70.710678
vn 70.834760 -49.824058 -50.000000
vn -0.000000 -0.000000 -100.000000
vn 15.690268 -20.583694 -96.592583
vn 36.026080 -34.671625 -86.602540
vn 57.836340 -40.681173 -70.710678
vn 77.610214 -38.427265 -50.000000
vn -0.000000 -0.000000 -100.000000
vn 18.648471 -17.947354 -96.592583
vn 40.896468 -28.765933 -86.602540
vn 63.368474 -31.375731 -70.710678
vn 82.566550 -26.129770 -50.000000
vn -0.000000 -0.000000 -100.000000
vn 21.169570 -14.890343 -96.592583
vn 44.808278 -22.185992 -86.602540
vn 67.415305 -21.334868 -70.710678
vn 85.587595 -13.219816 -50.000000
vn -0.000000 0.000000 -100.000000
vn 23.194471 -11.484314 -96.592583
vn 47.669820 -15.086030 -86.602540
vn 69.881979 -10.793934 -70.710678
vn 86.602540 -0.000000 -50.000000
vn -0.000000 0.000000 -100.000000
vn 24.675714 -7.809104 -96.592583
vn 49.414021 -7.632464 -86.602540
vn 70.710678 -0.000000 -70.710678
vn 85.587595 13.219816 -50.000000
vn -0.000000 -0.000000 -100.000000
vn 25.578580 -3.950854 -96.592583
vn 50.000000 -0.000000 -86.602540
vn 69.881979 10.793934 -70.710678
vn 82.566550 26.129770 -50.000000
vn -0.000000 0.000000 -100.000000
vn 25.881905 -0.000000 -96.592583
vn 49.414021 7.632464 -86.602540
vn 67.415305 21.334868 -70.710678
vn 77.610214 38.427265 -50.000000
vn -0.000000 0.000000 -100.000000
vn 25.578580 3.950854 -96.592583
vn 47.669820 15.086030 -86.602540
vn 63.368474 31.375731 -70.710678
vn 70.834760 49.824058 -50.000000
vn -0.000000 0.000000 -100.000000
vn 24.675714 7.809104 -96.592583
vn 44.808278 22.185992 -86.602540
vn 57.836340 40.681173 -70.710678
vn 62.399000 60.053016 -50.000000
vn -0.000000 -0.000000 -100.000000
vn 23.194471 11.484314 -96.592583
vn 40.896468 28.765933 -86.602540
vn 50.948570 49.033082 -70.710678
vn 52.500661 68.874383 -50.000000
vn -0.000000 0.000000 -100.000000
vn 21.169570 14.890343 -96.592583
vn 36.026080 34.671625 -86.602540
vn 42.866610 56.235698 -70.710678
vn 41.371750 76.081393 -50.000000
vn -0.000000 -0.000000 -100.000000
vn 18.648471 17.947354 -96.592583
vn 30.311271 39.764644 -86.602540
vn 33.779892 62.120197 -70.710678
vn 29.273120 81.505119 -50.000000
vn -0.000000 -0.000000 -100.000000
vn 15.690268 20.583694 -96.592583
vn 23.885991 43.925613 -86.602540
vn 23.901403 66.548651 -70.710678
vn -0.000000 0.000000 -100.000000
vn 12.364299 22.737570 -96.592583
vn 16.900844 47.057002 -86.602540
vn -0.000000 0.000000 -100.000000
vn 8.748521 24.358497 -96.592583
vn -0.000000 -0.000000 -100.000000
vn -98.828042 15.264928 0.000000
vn -96.309161 7.394090 -25.881905
vn -100.000000 0.000000 0.000000
vn -96.309161 -7.394090 -25.881905
vn -98.828042 -15.264928 0.000000
vn -94.051756 -22.008959 -25.881905
vn -95.339639 -30.172060 0.000000
vn -89.589857 -36.107956 -25.881905
vn -89.616556 -44.371984 0.000000
vn -83.028048 -49.360614 -25.881905
vn -81.792936 -57.531866 0.000000
vn -74.520132 -61.456301 -25.881905
vn -72.052159 -69.343250 0.000000
vn -64.265528 -72.111504 -25.881905
vn -60.622541 -79.529287 0.000000
vn -52.504593 -81.076474 -25.881905
vn -47.771982 -87.851225 0.000000
vn -39.512996 -88.141081 -25.881905
vn -33.801688 -94.114005 0.000000
vn -25.595248 -93.139735 -25.881905
vn -19.039111 -98.170832 0.000000
vn -11.077568 -95.955273 -25.881905
vn -3.830273 -99.926618 -0.000000
vn 3.699760 -96.521701 -25.881905
vn 11.468343 -99.340209 -0.000000
vn 18.390369 -94.825742 -25.881905
vn 26.498150 -96.425350 0.000000
vn 32.649923 -90.907148 -25.881905
vn 40.906864 -91.250362 -0.000000
vn 46.144191 -84.857767 -25.881905
vn 54.356755 -83.936543 -0.000000
vn -94.051756 22.008959 -25.881905
vn -95.339639 30.172060 0.000000
vn -89.589857 36.107956 -25.881905
vn -89.616556 44.371984 0.000000
vn -83.028048 49.360614 -25.881905
vn -81.792936 57.531866 0.000000
vn -74.520132 61.456301 -25.881905
vn -72.052159 69.343250 0.000000
vn -64.265528 72.111504 -25.881905
vn -60.622541 79.529287 0.000000
vn -52.504593 81.076474 -25.881905
vn -47.771982 87.851225 0.000000
vn -39.512996 88.141081 -25.881905
vn -33.801688 94.114005 0.000000
vn -25.595248 93.139735 -25.881905
vn -19.039111 98.170832 0.000000
vn -11.077568 95.955273 -25.881905
vn -3.830273 99.926618 -0.000000
vn -49.853290 -3.827463 -86.602540
vn -49.853290 3.827463 -86.602540
vn -48.684771 11.392675 -86.602540
vn -46.375123 18.690854 -86.602540
vn -42.978480 25.550934 -86.602540
vn -38.574459 31.812122 -86.602540
vn -33.266285 37.327661 -86.602540
vn -27.178378 41.968271 -86.602540
vn -20.453432 45.625181 -86.602540
vn -13.249075 48.212675 -86.602540
vn -5.734171 49.670104 -86.602540
vn -70.503199 -5.412850 -70.710678
vn -70.503199 5.412850 -70.710678
vn -68.850664 16.111676 -70.710678
vn -65.584327 26.432859 -70.710678
vn -60.780750 36.134477 -70.710678
vn -54.552523 44.989135 -70.710678
vn -47.045631 52.789285 -70.710678
vn -38.436030 59.352098 -70.710678
vn -28.925521 64.523750 -70.710678
vn -18.737022 68.183019 -70.710678
vn -8.109343 70.244135 -70.710678
vn -48.684771 -11.392675 -86.602540
vn -46.375123 -18.690854 -86.602540
vn -42.978480 -25.550934 -86.602540
vn -38.574459 -31.812122 -86.602540
vn -33.266285 -37.327661 -86.602540
vn -27.178378 -41.968271 -86.602540
vn -20.453432 -45.625181 -86.602540
vn -13.249075 -48.212675 -86.602540
vn -5.734171 -49.670104 -86.602540
vn 1.915137 -49.963309 -86.602540
vn -86.348431 -6.629360 -50.000000
vn -86.348431 6.629360 -50.000000
vn -84.324497 19.732693 -50.000000
vn -80.324068 32.373508 -50.000000
vn -74.440912 44.255516 -50.000000
vn -66.812923 55.100212 -50.000000
vn -57.618896 64.653406 -50.000000
vn -47.074331 72.691178 -50.000000
vn -35.426383 79.025131 -50.000000
vn -22.948071 83.506802 -50.000000
vn -9.931876 86.031145 -50.000000
vn -68.850664 -16.111676 -70.710678
vn -65.584327 -26.432859 -70.710678
vn -60.780750 -36.134477 -70.710678
vn -54.552523 -44.989135 -70.710678
vn -47.045631 -52.789285 -70.710678
vn -38.436030 -59.352098 -70.710678
vn -28.925521 -64.523750 -70.710678
vn -18.737022 -68.183019 -70.710678
vn -8.109343 -70.244135 -70.710678
vn 2.708412 -70.658789 -70.710678
vn 13.462684 -69.417261 -70.710678
vn -84.324497 -19.732693 -50.000000
vn -80.324068 -32.373508 -50.000000
vn -74.440912 -44.255516 -50.000000
vn -66.812923 -55.100212 -50.000000
vn -57.618896 -64.653406 -50.000000
vn -47.074331 -72.691178 -50.000000
vn -35.426383 -79.025131 -50.000000
vn -22.948071 -83.506802 -50.000000
vn -9.931876 -86.031145 -50.000000
vn 3.317114 -86.538990 -50.000000
vn 16.488354 -85.018434 -50.000000
vn 29.273120 -81.505119 -50.000000
vn -0.000000 -0.000000 -100.000000
vn -0.000000 -0.000000 -100.000000
vn -0.000000 -0.000000 -100.000000
vn -0.000000 -0.000000 -100.000000
vn -0.000000 -0.000000 -100.000000
vn -0.000000 -0.000000 -100.000000
vn -98.828042 15.264928 0.000000
vn -100.000000 0.000000 0.000000
vn -98.828042 -15.264928 0.000000
vn -95.339639 -30.172060 0.000000
vn -89.616556 -44.371984 0.000000
vn -81.792936 -57.531866 0.000000
vn -72.052159 -69.343250 0.000000
vn -60.622541 -79.529287 0.000000
vn -47.771982 -87.851225 0.000000
vn -33.801688 -94.114005 0.000000
vn -19.039111 -98.170832 0.000000
vn -3.830273 -99.926618 0.000000
vn 11.468343 -99.340209 -0.000000
vn 26.498150 -96.425350 -0.000000
vn 40.906864 -91.250362 -0.000000
vn 54.356755 -83.936543 -0.000000
vn 66.532570 -74.655322 -0.000000
vn 77.148918 -63.624244 -0.000000
vn 85.956961 -51.101868 -0.000000
vn 92.750245 -37.381707 -0.000000
vn 97.369542 -22.785351 -0.000000
vn 99.706580 -7.654925 -0.000000
vn 99.706580 7.654925 -0.000000
vn 97.369542 22.785351 -0.000000
vn 92.750245 37.381707 -0.000000
vn 85.956961 51.101868 -0.000000
vn 77.148918 63.624244 -0.000000
vn 66.532570 74.655322 -0.000000
vn 54.356755 83.936543 -0.000000
vn 40.906864 91.250362 -0.000000
vn 26.498150 96.425350 -0.000000
vn 11.468343 99.340209 -0.000000
vn -3.830273 99.926618 0.000000
vn -19.039111 98.170832 0.000000
vn -33.801688 94.114005 0.000000
vn -47.771982 87.851225 0.000000
vn -60.622541 79.529287 0.000000
vn -72.052159 69.343250 0.000000
vn -81.792936 57.531866 0.000000
vn -89.616556 44.371984 0.000000
vn -95.339639 30.172060 0.000000
vn -4.357787 -7.547909 -99.619470
vn -4.357787 -7.547909 -99.619470
vn -4.357787 -7.547909 -99.619470
vn -8.715574 -0.000000 -99.619470
vn -8.715574 -0.000000 -99.619470
vn -8.715574 -0.000000 -99.619470
vn -4.357787 7.547909 -99.619470
vn -4.357787 7.547909 -99.619470
vn -4.357787 7.547909 -99.619470
vn 4.357787 7.547909 -99.619470
vn 4.357787 7.547909 -99.619470
vn 4.357787 7.547909 -99.619470
vn 8.715574 0.000000 -99.619470
vn 8.715574 0.000000 -99.619470
vn 8.715574 0.000000 -99.619470
vn 4.357787 -7.547909 -99.619470
vn 4.357787 -7.547909 -99.619470
vn 4.357787 -7.547909 -99.619470
vn -50.000000 -86.602540 0.000000
vn -50.000000 -86.602540 0.000000
vn -50.000000 -86.602540 0.000000
vn -50.000000 -86.602540 0.000000
vn -100.000000 0.000000 0.000000
vn -100.000000 0.000000 0.000000
vn -100.000000 0.000000 0.000000
vn -100.000000 0.000000 0.000000
vn -50.000000 86.602540 0.000000
vn -50.000000 86.602540 0.000000
vn -50.000000 86.602540 0.000000
vn -50.000000 86.602540 0.000000
vn 50.000000 86.602540 0.000000
vn 50.000000 86.602540 0.000000
vn 50.000000 86.602540 0.000000
vn 50.000000 86.602540 0.000000
vn 100.000000 0.000000 0.000000
vn 100.000000 0.000000 0.000000
vn 100.000000 0.000000 0.000000
vn 100.000000 0.000000 0.000000
vn 50.000000 -86.602540 0.000000
vn 50.000000 -86.602540 0.000000
vn 50.000000 -86.602540 0.000000
vn 50.000000 -86.602540 0.000000
vn 97.814760 -20.791169 -0.000000
vn 97.814760 -20.791169 -0.000000
vn 100.000000 -0.000000 -0.000000
vn 100.000000 -0.000000 -0.000000
vn 97.814760 20.791169 -0.000000
vn 97.814760 20.791169 -0.000000
vn 91.354546 40.673664 -0.000000
vn 91.354546 40.673664 -0.000000
vn 80.901699 58.778525 -0.000000
vn 80.901699 58.778525 -0.000000
vn 66.913061 74.314483 -0.000000
vn 66.913061 74.314483 -0.000000
vn 50.000000 86.602540 -0.000000
vn 50.000000 86.602540 -0.000000
vn 30.901699 95.105652 -0.000000
vn 30.901699 95.105652 -0.000000
vn 10.452846 99.452190 -0.000000
vn 10.452846 99.452190 -0.000000
vn -10.452846 99.452190 0.000000
vn -10.452846 99.452190 0.000000
vn -30.901699 95.105652 0.000000
vn -30.901699 95.105652 0.000000
vn -50.000000 86.602540 0.000000
vn -50.000000 86.602540 0.000000
vn -66.913061 74.314483 0.000000
vn -66.913061 74.314483 0.000000
vn -80.901699 58.778525 0.000000
vn -80.901699 58.778525 0.000000
vn -91.354546 40.673664 0.000000
vn -91.354546 40.673664 0.000000
vn -97.814760 20.791169 0.000000
vn -97.814760 20.791169 0.000000
vn -100.000000 0.000000 0.000000
vn -100.000000 0.000000 0.000000
vn -97.814760 -20.791169 0.000000
vn -97.814760 -20.791169 0.000000
vn -91.354546 -40.673664 0.000000
vn -91.354546 -40.673664 0.000000
vn -80.901699 -58.778525 0.000000
vn -80.901699 -58.778525 0.000000
vn -66.913061 -74.314483 0.000000
vn -66.913061 -74.314483 0.000000
vn -50.000000 -86.602540 0.000000
vn -50.000000 -86.602540 0.000000
vn -30.901699 -95.105652 0.000000
vn -30.901699 -95.105652 0.000000
vn -10.452846 -99.452190 0.000000
vn -10.452846 -99.452190 0.000000
vn 10.452846 -99.452190 -0.000000
vn 10.452846 -99.452190 -0.000000
vn 30.901699 -95.105652 -0.000000
vn 30.901699 -95.105652 -0.000000
vn 50.000000 -86.602540 -0.000000
vn 50.000000 -86.602540 -0.000000
vn 66.913061 -74.314483 -0.000000
vn 66.913061 -74.314483 -0.000000
vn 80.901699 -58.778525 -0.000000
vn 80.901699 -58.778525 -0.000000
vn 91.354546 -40.673664 -0.000000
vn 91.354546 -40.673664 -0.000000
vn 97.814760 20.791169 -0.000000
vn 97.814760 20.791169 -0.000000
vn 100.000000 0.000000 -0.000000
vn 100.000000 0.000000 -0.000000
vn 97.814760 -20.791169 -0.000000
vn 97.814760 -20.791169 -0.000000
vn 91.354546 -40.673664 -0.000000
vn 91.354546 -40.673664 -0.000000
vn 80.901699 -58.778525 -0.000000
vn 80.901699 -58.778525 -0.000000
vn 66.913061 -74.314483 -0.000000
vn 66.913061 -74.314483 -0.000000
vn 50.000000 -86.602540 -0.000000
vn 50.000000 -86.602540 -0.000000
vn 30.901699 -95.105652 -0.000000
vn 30.901699 -95.105652 -0.000000
vn 10.452846 -99.452190 -0.000000
vn 10.452846 -99.452190 -0.000000
vn -10.452846 -99.452190 0.000000
vn -10.452846 -99.452190 0.000000
vn -30.901699 -95.105652 0.000000
vn -30.901699 -95.105652 0.000000
vn -50.000000 -86.602540 0.000000
vn -50.000000 -86.602540 0.000000
vn -66.913061 -74.314483 0.000000
vn -66.913061 -74.314483 0.000000
vn -80.901699 -58.778525 0.000000
vn -80.901699 -58.778525 0.000000
vn -91.354546 -40.673664 0.000000
vn -91.354546 -40.673664 0.000000
vn -97.814760 -20.791169 0.000000
vn -97.814760 -20.791169 0.000000
vn -100.000000 0.000000 0.000000
vn -100.000000 0.000000 0.000000
vn -97.814760 20.791169 0.000000
vn -97.814760 20.791169 0.000000
vn -91.354546 40.673664 0.000000
vn -91.354546 40.673664 0.000000
vn -80.901699 58.778525 0.000000
vn -80.901699 58.778525 0.000000
vn -66.913061 74.314483 0.000000
vn -66.913061 74.314483 0.000000
vn -50.000000 86.602540 0.000000
vn -50.000000 86.602540 0.000000
vn -30.901699 95.105652 0.000000
vn -30.901699 95.105652 0.000000
vn -10.452846 99.452190 0.000000
vn -10.452846 99.452190 0.000000
vn 10.452846 99.452190 -0.000000
vn 10.452846 99.452190 -0.000000
vn 30.901699 95.105652 -0.000000
vn 30.901699 95.105652 -0.000000
vn 50.000000 86.602540 -0.000000
vn 50.000000 86.602540 -0.000000
vn 66.913061 74.314483 -0.000000
vn 66.913061 74.314483 -0.000000
vn 80.901699 58.778525 -0.000000
vn 80.901699 58.778525 -0.000000
vn 91.354546 40.673664 -0.000000
vn 91.354546 40.673664 -0.000000
vn 100.000000 0.000000 -0.000000
vn 97.814760 20.791169 -0.000000
vn 91.354546 40.673664 -0.000000
vn 80.901699 58.778525 -0.000000
vn 66.913061 74.314483 -0.000000
vn 50.000000 86.602540 -0.000000
vn 30.901699 95.105652 -0.000000
vn 10.452846 99.452190 -0.000000
vn -10.452846 99.452190 0.000000
vn -30.901699 95.105652 0.000000
vn -50.000000 86.602540 0.000000
vn -66.913061 74.314483 0.000000
vn -80.901699 58.778525 0.000000
vn -91.354546 40.673664 0.000000
vn -97.814760 20.791169 0.000000
vn -100.000000 0.000000 0.000000
vn -97.814760 -20.791169 0.000000
vn -91.354546 -40.673664 0.000000
vn -80.901699 -58.778525 0.000000
vn -66.913061 -74.314483 0.000000
vn -50.000000 -86.602540 0.000000
vn -30.901699 -95.105652 0.000000
vn -10.452846 -99.452190 0.000000
vn 10.452846 -99.452190 -0.000000
vn 30.901699 -95.105652 -0.000000
vn 50.000000 -86.602540 -0.000000
vn 66.913061 -74.314483 -0.000000
vn 80.901699 -58.778525 -0.000000
vn 91.354546 -40.673664 -0.000000
vn 97.814760 -20.791169 -0.000000
vn 0.000000 0.000000 100.000000
vn 0.000000 0.000000 100.000000
vn 0.000000 0.000000 100.000000
vn 0.000000 0.000000 100.000000
vn 0.000000 0.000000 100.000000
vn 0.000000 0.000000 100.000000
vn 0.000000 0.000000 100.000000
vn 0.000000 0.000000 100.000000
vn 0.000000 0.000000 100.000000
vn 0.000000 0.000000 100.000000
vn 0.000000 0.000000 100.000000
vn 0.000000 0.000000 100.000000
vn 0.000000 0.000000 100.000000
vn 0.000000 0.000000 100.000000
vn 0.000000 0.000000 100.000000
vn 0.000000 0.000000 100.000000
vn 0.000000 0.000000 100.000000
vn 0.000000 0.000000 100.000000
vn 0.000000 0.000000 100.000000
vn 0.000000 0.000000 100.000000
vn 0.000000 0.000000 100.000000
vn 0.000000 0.000000 100.000000
vn 0.000000 0.000000 100.000000
vn 0.000000 0.000000 100.000000
vn 0.000000 0.000000 100.000000
vn 0.000000 0.000000 100.000000
vn 0.000000 0.000000 100.000000
vn 0.000000 0.000000 100.000000
vn 0.000000 0.000000 100.000000
vn 0.000000 0.000000 100.000000
vn 0.000000 0.000000 100.000000
vn 0.000000 0.000000 100.000000
vn 0.000000 0.000000 100.000000
vn 0.000000 0.000000 100.000000
vn 0.000000 0.000000 100.000000
vn 0.000000 0.000000 100.000000
vn 0.000000 0.000000 100.000000
vn 0.000000 0.000000 100.000000
vn 0.000000 0.000000 100.000000
vn 0.000000 0.000000 100.000000
vn 0.000000 0.000000 100.000000
vn 0.000000 0.000000 100.000000
vn 0.000000 0.000000 100.000000
vn 0.000000 0.000000 100.000000
vn 0.000000 0.000000 100.000000
vn 0.000000 0.000000 100.000000
vn 0.000000 0.000000 100.000000
vn 0.000000 0.000000 100.000000
vn 0.000000 0.000000 100.000000
vn 0.000000 0.000000 100.000000
vn 0.000000 0.000000 100.000000
vn 0.000000 0.000000 100.000000
vn 0.000000 0.000000 100.000000
vn 0.000000 0.000000 100.000000
vn 0.000000 0.000000 100.000000
vn 0.000000 0.000000 100.000000
vn 0.000000 0.000000 100.000000
vn 0.000000 0.000000 100.000000
vn 0.000000 0.000000 100.000000
vn 0.000000 0.000000 100.000000
vn 0.000000 0.000000 100.000000
vn 0.000000 0.000000 100.000000
vn 0.000000 0.000000 100.000000
vn 0.000000 0.000000 100.000000
vn 0.000000 0.000000 100.000000
vn 0.000000 0.000000 100.000000
vn 0.000000 0.000000 100.000000
vn 0.000000 0.000000 100.000000
vn 0.000000 0.000000 100.000000
vn 0.000000 0.000000 100.000000
vn 0.000000 0.000000 100.000000
vn 0.000000 0.000000 100.000000
vn 0.000000 0.000000 100.000000
vn 0.000000 0.000000 100.000000
vn 0.000000 0.000000 100.000000
vn 0.000000 0.000000 100.000000
vn 0.000000 0.000000 100.000000
vn 0.000000 0.000000 100.000000
vn 0.000000 0.000000 100.000000
vn 0.000000 0.000000 100.000000
vn 0.000000 0.000000 100.000000
vn 0.000000 0.000000 100.000000
vn 0.000000 0.000000 100.000000
vn 0.000000 0.000000 100.000000
vn 0.000000 0.000000 100.000000
vn 0.000000 0.000000 100.000000
vn 0.000000 0.000000 100.000000
vn 0.000000 0.000000 100.000000
vn 0.000000 0.000000 100.000000
vn 0.000000 0.000000 100.000000
vn 0.000000 0.000000 100.000000
vn 0.000000 0.000000 100.000000
vn 0.000000 0.000000 100.000000
vn 0.000000 0.000000 100.000000
vn 0.000000 0.000000 100.000000
vn 0.000000 0.000000 100.000000
vn 0.000000 0.000000 100.000000
vn 0.000000 0.000000 100.000000
f 1796/2812/2512 1838/2813/2513 1795/2814/2514
f 1795/2815/2514 1838/2816/2513 1839/2817/2515
f 1795/2815/2514 1839/2817/2515 1824/2818/2516
f 1824/2818/2516 1839/2817/2515 1840/2819/2517
f 1824/2818/2516 1840/2819/2517 1823/2820/2518
f 1823/2820/2518 1840/2819/2517 1841/2821/2519
f 1823/2820/2518 1841/2821/2519 1822/2822/2520
f 1822/2822/2520 1841/2821/2519 1842/2823/2521
f 1822/2822/2520 1842/2823/2521 1821/2824/2522
f 1821/2824/2522 1842/2823/2521 1843/2825/2523
f 1821/2824/2522 1843/2825/2523 1820/2826/2524
f 1820/2826/2524 1843/2825/2523 1819/2827/2525
f 1819/2827/2525 1843/2825/2523 1844/2828/2526
f 1819/2827/2525 1844/2828/2526 1818/2829/2527
f 1818/2829/2527 1844/2828/2526 1845/2830/2528
f 1818/2829/2527 1845/2830/2528 1817/2831/2529
f 1817/2831/2529 1845/2830/2528 1846/2832/2530
f 1817/2831/2529 1846/2832/2530 1816/2833/2531
f 1816/2833/2531 1846/2832/2530 1847/2834/2532
f 1816/2833/2531 1847/2834/2532 1815/2835/2533
f 1815/2835/2533 1847/2834/2532 1848/2836/2534
f 1815/2835/2533 1848/2836/2534 1814/2837/2535
f 1814/2837/2535 1848/2836/2534 1849/2838/2536
f 1814/2837/2535 1849/2838/2536 1813/2839/2537
f 1813/2839/2537 1849/2838/2536 1850/2840/2538
f 1813/2839/2537 1850/2840/2538 1812/2841/2539
f 1812/2841/2539 1850/2840/2538 1851/2842/2540
f 1812/2841/2539 1851/2842/2540 1811/2843/2541
f 1811/2843/2541 1851/2842/2540 1825/2844/2542
f 1811/2843/2541 1825/2844/2542 1810/2845/2543
f 1810/2845/2543 1825/2844/2542 1809/2846/2544
f 1809/2846/2544 1825/2844/2542 1826/2847/2545
f 1809/2846/2544 1826/2847/2545 1808/2848/2546
f 1808/2848/2546 1826/2847/2545 1827/2849/2547
f 1808/2848/2546 1827/2849/2547 1807/2850/2548
f 1807/2850/2548 1827/2849/2547 1828/2851/2549
f 1807/2850/2548 1828/2851/2549 1806/2852/2550
f 1806/2852/2550 1828/2851/2549 1829/2853/2551
f 1806/2852/2550 1829/2853/2551 1805/2854/2552
f 1805/2854/2552 1829/2853/2551 1830/2855/2553
f 1805/2854/2552 1830/2855/2553 1804/2856/2554
f 1804/2856/2554 1830/2855/2553 1831/2857/2555
f 1804/2856/2554 1831/2857/2555 1803/2858/2556
f 1803/2858/2556 1831/2857/2555 1832/2859/2557
f 1803/2858/2556 1832/2859/2557 1802/2860/2558
f 1802/2860/2558 1832/2859/2557 1833/2861/2559
f 1802/2860/2558 1833/2861/2559 1801/2862/2560
f 1801/2862/2560 1833/2861/2559 1834/2863/2561
f 1801/2862/2560 1834/2863/2561 1800/2864/2562
f 1800/2864/2562 1834/2863/2561 1799/2865/2563
f 1799/2865/2563 1834/2863/2561 1835/2866/2564
f 1799/2865/2563 1835/2866/2564 1798/2867/2565
f 1798/2867/2565 1835/2866/2564 1836/2868/2566
f 1798/2867/2565 1836/2868/2566 1797/2869/2567
f 1797/2869/2567 1836/2868/2566 1837/2870/2568
f 1797/2869/2567 1837/2870/2568 1796/2812/2512
f 1796/2812/2512 1837/2870/2568 1838/2813/2513
f 1853/2871/2569 1939/2872/2570 1852/2873/2571
f 1852/2873/2571 1939/2872/2570 1948/2874/2572
f 1852/2873/2571 1948/2874/2572 1890/2875/2573
f 1890/2875/2573 1948/2874/2572 2132/2876/2574
f 1890/2875/2573 2132/2876/2574 1889/2877/2575
f 1889/2877/2575 2132/2876/2574 2127/2878/2576
f 1889/2877/2575 2127/2878/2576 1888/2879/2577
f 1888/2879/2577 2127/2878/2576 2122/2880/2578
f 1888/2879/2577 2122/2880/2578 1887/2881/2579
f 1887/2881/2579 2122/2880/2578 2117/2882/2580
f 1887/2881/2579 2117/2882/2580 1886/2883/2581
f 1886/2883/2581 2117/2882/2580 2112/2884/2582
f 1886/2883/2581 2112/2884/2582 1885/2885/2583
f 1885/2885/2583 2112/2884/2582 2107/2886/2584
f 1885/2885/2583 2107/2886/2584 1884/2887/2585
f 1884/2887/2585 2107/2886/2584 2102/2888/2586
f 1884/2887/2585 2102/2888/2586 1883/2889/2587
f 1883/2889/2587 2102/2888/2586 2093/2890/2588
f 1883/2889/2587 2093/2890/2588 1882/2891/2589
f 1882/2891/2589 2093/2890/2588 1937/2892/2590
f 1882/2891/2589 1937/2892/2590 1881/2893/2591
f 1881/2893/2591 1937/2892/2590 2088/2894/2592
f 1881/2893/2591 2088/2894/2592 2083/2895/2593
f 2083/2895/2593 2088/2894/2592 2089/2896/2594
f 2083/2895/2593 2089/2896/2594 2084/2897/2595
f 2084/2897/2595 2089/2896/2594 2090/2898/2596
f 2084/2897/2595 2090/2898/2596 2085/2899/2597
f 2085/2899/2597 2090/2898/2596 2091/2900/2598
f 2085/2899/2597 2091/2900/2598 2086/2901/2599
f 2086/2901/2599 2091/2900/2598 2092/2902/2600
f 2086/2901/2599 2092/2902/2600 2087/2903/2601
f 2087/2903/2601 2092/2902/2600 1902/2904/2602
f 2087/2903/2601 1902/2904/2602 1903/2905/2603
f 1939/2872/2570 1853/2871/2569 1949/2906/2604
f 1949/2906/2604 1853/2871/2569 1854/2907/2605
f 1949/2906/2604 1854/2907/2605 1954/2908/2606
f 1954/2908/2606 1854/2907/2605 1855/2909/2607
f 1954/2908/2606 1855/2909/2607 1959/2910/2608
f 1959/2910/2608 1855/2909/2607 1856/2911/2609
f 1959/2910/2608 1856/2911/2609 1964/2912/2610
f 1964/2912/2610 1856/2911/2609 1857/2913/2611
f 1964/2912/2610 1857/2913/2611 1969/2914/2612
f 1969/2914/2612 1857/2913/2611 1858/2915/2613
f 1969/2914/2612 1858/2915/2613 1974/2916/2614
f 1974/2916/2614 1858/2915/2613 1859/2917/2615
f 1974/2916/2614 1859/2917/2615 1979/2918/2616
f 1979/2918/2616 1859/2917/2615 1860/2919/2617
f 1979/2918/2616 1860/2919/2617 1984/2920/2618
f 1984/2920/2618 1860/2919/2617 1861/2921/2619
f 1984/2920/2618 1861/2921/2619 1938/2922/2620
f 1938/2922/2620 1861/2921/2619 1862/2923/2621
f 1938/2922/2620 1862/2923/2621 2002/2924/2622
f 2002/2924/2622 1862/2923/2621 1993/2925/2623
f 2002/2924/2622 1993/2925/2623 1994/2926/2624
f 1994/2926/2624 1993/2925/2623 2004/2927/2625
f 1994/2926/2624 2004/2927/2625 2005/2928/2626
f 2005/2928/2626 2004/2927/2625 2010/2929/2627
f 2005/2928/2626 2010/2929/2627 2011/2930/2628
f 2011/2930/2628 2010/2929/2627 2016/2931/2629
f 2011/2930/2628 2016/2931/2629 2017/2932/2630
f 2017/2932/2630 2016/2931/2629 2022/2933/2631
f 2017/2932/2630 2022/2933/2631 1917/2934/2632
f 1917/2934/2632 2022/2933/2631 1916/2935/2633
f 1916/2935/2633 2022/2933/2631 2027/2936/2634
f 1916/2935/2633 2027/2936/2634 1915/2937/2635
f 1915/2937/2635 2027/2936/2634 2032/2938/2636
f 1915/2937/2635 2032/2938/2636 1914/2939/2637
f 1914/2939/2637 2032/2938/2636 2037/2940/2638
f 1914/2939/2637 2037/2940/2638 1913/2941/2639
f 1913/2941/2639 2037/2940/2638 2042/2942/2640
f 1913/2941/2639 2042/2942/2640 1912/2943/2641
f 1912/2943/2641 2042/2942/2640 1936/2944/2642
f 1912/2943/2641 1936/2944/2642 1911/2945/2643
f 1911/2946/2643 1936/2947/2642 2047/2948/2644
f 1911/2946/2643 2047/2948/2644 1910/2949/2645
f 1910/2949/2645 2047/2948/2644 2052/2950/2646
f 1910/2949/2645 2052/2950/2646 1909/2951/2647
f 1909/2951/2647 2052/2950/2646 2057/2952/2648
f 1909/2951/2647 2057/2952/2648 1908/2953/2649
f 1908/2953/2649 2057/2952/2648 2062/2954/2650
f 1908/2953/2649 2062/2954/2650 1907/2955/2651
f 1907/2955/2651 2062/2954/2650 2067/2956/2652
f 1907/2955/2651 2067/2956/2652 1906/2957/2653
f 1906/2957/2653 2067/2956/2652 2072/2958/2654
f 1906/2957/2653 2072/2958/2654 1905/2959/2655
f 1905/2959/2655 2072/2958/2654 2077/2960/2656
f 1905/2959/2655 2077/2960/2656 1904/2961/2657
f 1904/2961/2657 2077/2960/2656 2082/2962/2658
f 1904/2961/2657 2082/2962/2658 1903/2905/2603
f 1903/2905/2603 2082/2962/2658 2087/2903/2601
f 1862/2923/2621 1863/2963/2659 1993/2925/2623
f 1993/2925/2623 1863/2963/2659 2003/2964/2660
f 1993/2925/2623 2003/2964/2660 2004/2927/2625
f 2004/2927/2625 2003/2964/2660 2009/2965/2661
f 2004/2927/2625 2009/2965/2661 2010/2929/2627
f 2010/2929/2627 2009/2965/2661 2015/2966/2662
f 2010/2929/2627 2015/2966/2662 2016/2931/2629
f 2016/2931/2629 2015/2966/2662 2021/2967/2663
f 2016/2931/2629 2021/2967/2663 2022/2933/2631
f 2022/2933/2631 2021/2967/2663 2027/2936/2634
f 1863/2963/2659 1864/2968/2664 2003/2964/2660
f 2003/2964/2660 1864/2968/2664 2008/2969/2665
f 2003/2964/2660 2008/2969/2665 2009/2965/2661
f 2009/2965/2661 2008/2969/2665 2014/2970/2666
f 2009/2965/2661 2014/2970/2666 2015/2966/2662
f 2015/2966/2662 2014/2970/2666 2020/2971/2667
f 2015/2966/2662 2020/2971/2667 2021/2967/2663
f 2021/2967/2663 2020/2971/2667 2026/2972/2668
f 2021/2967/2663 2026/2972/2668 2027/2936/2634
f 2027/2936/2634 2026/2972/2668 2032/2938/2636
f 1864/2968/2664 1865/2973/2669 2008/2969/2665
f 2008/2969/2665 1865/2973/2669 2013/2974/2670
f 2008/2969/2665 2013/2974/2670 2014/2970/2666
f 2014/2970/2666 2013/2974/2670 2019/2975/2671
f 2014/2970/2666 2019/2975/2671 2020/2971/2667
f 2020/2971/2667 2019/2975/2671 2025/2976/2672
f 2020/2971/2667 2025/2976/2672 2026/2972/2668
f 2026/2972/2668 2025/2976/2672 2031/2977/2673
f 2026/2972/2668 2031/2977/2673 2032/2938/2636
f 2032/2938/2636 2031/2977/2673 2037/2940/2638
f 1865/2973/2669 1866/2978/2674 2013/2974/2670
f 2013/2974/2670 1866/2978/2674 2018/2979/2675
f 2013/2974/2670 2018/2979/2675 2019/2975/2671
f 2019/2975/2671 2018/2979/2675 2024/2980/2676
f 2019/2975/2671 2024/2980/2676 2025/2976/2672
f 2025/2976/2672 2024/2980/2676 2030/2981/2677
f 2025/2976/2672 2030/2981/2677 2031/2977/2673
f 2031/2977/2673 2030/2981/2677 2036/2982/2678
f 2031/2977/2673 2036/2982/2678 2037/2940/2638
f 2037/2940/2638 2036/2982/2678 2042/2942/2640
f 1866/2978/2674 1867/2983/2679 2018/2979/2675
f 2018/2979/2675 1867/2983/2679 2023/2984/2680
f 2018/2979/2675 2023/2984/2680 2024/2980/2676
f 2024/2980/2676 2023/2984/2680 2029/2985/2681
f 2024/2980/2676 2029/2985/2681 2030/2981/2677
f 2030/2981/2677 2029/2985/2681 2035/2986/2682
f 2030/2981/2677 2035/2986/2682 2036/2982/2678
f 2036/2982/2678 2035/2986/2682 2041/2987/2683
f 2036/2982/2678 2041/2987/2683 2042/2942/2640
f 2042/2942/2640 2041/2987/2683 1936/2944/2642
f 1867/2983/2679 1868/2988/2684 2023/2984/2680
f 2023/2984/2680 1868/2988/2684 2028/2989/2685
f 2023/2984/2680 2028/2989/2685 2029/2985/2681
f 2029/2985/2681 2028/2989/2685 2034/2990/2686
f 2029/2985/2681 2034/2990/2686 2035/2986/2682
f 2035/2986/2682 2034/2990/2686 2040/2991/2687
f 2035/2986/2682 2040/2991/2687 2041/2987/2683
f 2041/2987/2683 2040/2991/2687 1935/2992/2688
f 2041/2987/2683 1935/2992/2688 1936/2944/2642
f 1936/2947/2642 1935/2993/2688 2047/2948/2644
f 1868/2988/2684 1869/2994/2689 2028/2989/2685
f 2028/2989/2685 1869/2994/2689 2033/2995/2690
f 2028/2989/2685 2033/2995/2690 2034/2990/2686
f 2034/2990/2686 2033/2995/2690 2039/2996/2691
f 2034/2990/2686 2039/2996/2691 2040/2991/2687
f 2040/2991/2687 2039/2996/2691 1934/2997/2692
f 2040/2991/2687 1934/2997/2692 1935/2992/2688
f 1935/2993/2688 1934/2998/2692 2046/2999/2693
f 1935/2993/2688 2046/2999/2693 2047/2948/2644
f 2047/2948/2644 2046/2999/2693 2052/2950/2646
f 1869/2994/2689 1870/3000/2694 2033/2995/2690
f 2033/2995/2690 1870/3000/2694 2038/3001/2695
f 2033/2995/2690 2038/3001/2695 2039/2996/2691
f 2039/2996/2691 2038/3001/2695 1933/3002/2696
f 2039/2996/2691 1933/3002/2696 1934/2997/2692
f 1934/2998/2692 1933/3003/2696 2045/3004/2697
f 1934/2998/2692 2045/3004/2697 2046/2999/2693
f 2046/2999/2693 2045/3004/2697 2051/3005/2698
f 2046/2999/2693 2051/3005/2698 2052/2950/2646
f 2052/2950/2646 2051/3005/2698 2057/2952/2648
f 1870/3000/2694 1871/3006/2699 2038/3001/2695
f 2038/3001/2695 1871/3006/2699 1932/3007/2700
f 2038/3001/2695 1932/3007/2700 1933/3002/2696
f 1933/3003/2696 1932/3008/2700 2044/3009/2701
f 1933/3003/2696 2044/3009/2701 2045/3004/2697
f 2045/3004/2697 2044/3009/2701 2050/3010/2702
f 2045/3004/2697 2050/3010/2702 2051/3005/2698
f 2051/3005/2698 2050/3010/2702 2056/3011/2703
f 2051/3005/2698 2056/3011/2703 2057/2952/2648
f 2057/2952/2648 2056/3011/2703 2062/2954/2650
f 1871/3012/2699 1872/3013/2704 1932/3008/2700
f 1932/3008/2700 1872/3013/2704 2043/3014/2705
f 1932/3008/2700 2043/3014/2705 2044/3009/2701
f 2044/3009/2701 2043/3014/2705 2049/3015/2706
f 2044/3009/2701 2049/3015/2706 2050/3010/2702
f 2050/3010/2702 2049/3015/2706 2055/3016/2707
f 2050/3010/2702 2055/3016/2707 2056/3011/2703
f 2056/3011/2703 2055/3016/2707 2061/3017/2708
f 2056/3011/2703 2061/3017/2708 2062/2954/2650
f 2062/2954/2650 2061/3017/2708 2067/2956/2652
f 1872/3013/2704 1873/3018/2709 2043/3014/2705
f 2043/3014/2705 1873/3018/2709 2048/3019/2710
f 2043/3014/2705 2048/3019/2710 2049/3015/2706
f 2049/3015/2706 2048/3019/2710 2054/3020/2711
f 2049/3015/2706 2054/3020/2711 2055/3016/2707
f 2055/3016/2707 2054/3020/2711 2060/3021/2712
f 2055/3016/2707 2060/3021/2712 2061/3017/2708
f 2061/3017/2708 2060/3021/2712 2066/3022/2713
f 2061/3017/2708 2066/3022/2713 2067/2956/2652
f 2067/2956/2652 2066/3022/2713 2072/2958/2654
f 1873/3018/2709 1874/3023/2714 2048/3019/2710
f 2048/3019/2710 1874/3023/2714 2053/3024/2715
f 2048/3019/2710 2053/3024/2715 2054/3020/2711
f 2054/3020/2711 2053/3024/2715 2059/3025/2716
f 2054/3020/2711 2059/3025/2716 2060/3021/2712
f 2060/3021/2712 2059/3025/2716 2065/3026/2717
f 2060/3021/2712 2065/3026/2717 2066/3022/2713
f 2066/3022/2713 2065/3026/2717 2071/3027/2718
f 2066/3022/2713 2071/3027/2718 2072/2958/2654
f 2072/2958/2654 2071/3027/2718 2077/2960/2656
f 1874/3023/2714 1875/3028/2719 2053/3024/2715
f 2053/3024/2715 1875/3028/2719 2058/3029/2720
f 2053/3024/2715 2058/3029/2720 2059/3025/2716
f 2059/3025/2716 2058/3029/2720 2064/3030/2721
f 2059/3025/2716 2064/3030/2721 2065/3026/2717
f 2065/3026/2717 2064/3030/2721 2070/3031/2722
f 2065/3026/2717 2070/3031/2722 2071/3027/2718
f 2071/3027/2718 2070/3031/2722 2076/3032/2723
f 2071/3027/2718 2076/3032/2723 2077/2960/2656
f 2077/2960/2656 2076/3032/2723 2082/2962/2658
f 1875/3028/2719 1876/3033/2724 2058/3029/2720
f 2058/3029/2720 1876/3033/2724 2063/3034/2725
f 2058/3029/2720 2063/3034/2725 2064/3030/2721
f 2064/3030/2721 2063/3034/2725 2069/3035/2726
f 2064/3030/2721 2069/3035/2726 2070/3031/2722
f 2070/3031/2722 2069/3035/2726 2075/3036/2727
f 2070/3031/2722 2075/3036/2727 2076/3032/2723
f 2076/3032/2723 2075/3036/2727 2081/3037/2728
f 2076/3032/2723 2081/3037/2728 2082/2962/2658
f 2082/2962/2658 2081/3037/2728 2087/2903/2601
f 1876/3033/2724 1877/3038/2729 2063/3034/2725
f 2063/3034/2725 1877/3038/2729 2068/3039/2730
f 2063/3034/2725 2068/3039/2730 2069/3035/2726
f 2069/3035/2726 2068/3039/2730 2074/3040/2731
f 2069/3035/2726 2074/3040/2731 2075/3036/2727
f 2075/3036/2727 2074/3040/2731 2080/3041/2732
f 2075/3036/2727 2080/3041/2732 2081/3037/2728
f 2081/3037/2728 2080/3041/2732 2086/2901/2599
f 2081/3037/2728 2086/2901/2599 2087/2903/2601
f 1877/3038/2729 1878/3042/2733 2068/3039/2730
f 2068/3039/2730 1878/3042/2733 2073/3043/2734
f 2068/3039/2730 2073/3043/2734 2074/3040/2731
f 2074/3040/2731 2073/3043/2734 2079/3044/2735
f 2074/3040/2731 2079/3044/2735 2080/3041/2732
f 2080/3041/2732 2079/3044/2735 2085/2899/2597
f 2080/3041/2732 2085/2899/2597 2086/2901/2599
f 1878/3042/2733 1879/3045/2736 2073/3043/2734
f 2073/3043/2734 1879/3045/2736 2078/3046/2737
f 2073/3043/2734 2078/3046/2737 2079/3044/2735
f 2079/3044/2735 2078/3046/2737 2084/2897/2595
f 2079/3044/2735 2084/2897/2595 2085/2899/2597
f 1879/3045/2736 1880/3047/2738 2078/3046/2737
f 2078/3046/2737 1880/3047/2738 2083/2895/2593
f 2078/3046/2737 2083/2895/2593 2084/2897/2595
f 1880/3047/2738 1881/2893/2591 2083/2895/2593
f 1892/3048/2739 1944/3049/2740 1891/3050/2741
f 1891/3050/2741 1944/3049/2740 1943/3051/2742
f 1891/3050/2741 1943/3051/2742 1931/3052/2743
f 1931/3052/2743 1943/3051/2742 1953/3053/2744
f 1931/3052/2743 1953/3053/2744 1930/3054/2745
f 1930/3054/2745 1953/3053/2744 1958/3055/2746
f 1930/3054/2745 1958/3055/2746 1929/3056/2747
f 1929/3056/2747 1958/3055/2746 1963/3057/2748
f 1929/3056/2747 1963/3057/2748 1928/3058/2749
f 1928/3058/2749 1963/3057/2748 1968/3059/2750
f 1928/3058/2749 1968/3059/2750 1927/3060/2751
f 1927/3060/2751 1968/3059/2750 1973/3061/2752
f 1927/3060/2751 1973/3061/2752 1926/3062/2753
f 1926/3062/2753 1973/3061/2752 1978/3063/2754
f 1926/3062/2753 1978/3063/2754 1925/3064/2755
f 1925/3064/2755 1978/3063/2754 1983/3065/2756
f 1925/3064/2755 1983/3065/2756 1924/3066/2757
f 1924/3066/2757 1983/3065/2756 1988/3067/2758
f 1924/3066/2757 1988/3067/2758 1923/3068/2759
f 1923/3068/2759 1988/3067/2758 1992/3069/2760
f 1923/3068/2759 1992/3069/2760 1922/3070/2761
f 1922/3070/2761 1992/3069/2760 1998/3071/2762
f 1922/3070/2761 1998/3071/2762 1921/3072/2763
f 1921/3072/2763 1998/3071/2762 1997/3073/2764
f 1921/3072/2763 1997/3073/2764 1920/3074/2765
f 1920/3074/2765 1997/3073/2764 2007/3075/2766
f 1920/3074/2765 2007/3075/2766 1919/3076/2767
f 1919/3076/2767 2007/3075/2766 2012/3077/2768
f 1919/3076/2767 2012/3077/2768 1918/3078/2769
f 1918/3078/2769 2012/3077/2768 2017/2932/2630
f 1918/3078/2769 2017/2932/2630 1917/2934/2632
f 1944/3049/2740 1892/3048/2739 2136/3079/2770
f 2136/3079/2770 1892/3048/2739 1893/3080/2771
f 2136/3079/2770 1893/3080/2771 2131/3081/2772
f 2131/3081/2772 1893/3080/2771 1894/3082/2773
f 2131/3081/2772 1894/3082/2773 2126/3083/2774
f 2126/3083/2774 1894/3082/2773 1895/3084/2775
f 2126/3083/2774 1895/3084/2775 2121/3085/2776
f 2121/3085/2776 1895/3084/2775 1896/3086/2777
f 2121/3085/2776 1896/3086/2777 2116/3087/2778
f 2116/3087/2778 1896/3086/2777 1897/3088/2779
f 2116/3087/2778 1897/3088/2779 2111/3089/2780
f 2111/3089/2780 1897/3088/2779 1898/3090/2781
f 2111/3089/2780 1898/3090/2781 2106/3091/2782
f 2106/3091/2782 1898/3090/2781 1899/3092/2783
f 2106/3091/2782 1899/3092/2783 2097/3093/2784
f 2097/3093/2784 1899/3092/2783 1900/3094/2785
f 2097/3093/2784 1900/3094/2785 2098/3095/2786
f 2098/3095/2786 1900/3094/2785 1901/3096/2787
f 2098/3095/2786 1901/3096/2787 2092/2902/2600
f 2092/2902/2600 1901/3096/2787 1902/2904/2602
f 1939/2872/2570 1940/3097/2788 1948/2874/2572
f 1948/2874/2572 1940/3097/2788 1947/3098/2789
f 1948/2874/2572 1947/3098/2789 2132/2876/2574
f 2132/2876/2574 1947/3098/2789 2133/3099/2790
f 2132/2876/2574 2133/3099/2790 2127/2878/2576
f 2127/2878/2576 2133/3099/2790 2128/3100/2791
f 2127/2878/2576 2128/3100/2791 2122/2880/2578
f 2122/2880/2578 2128/3100/2791 2123/3101/2792
f 2122/2880/2578 2123/3101/2792 2117/2882/2580
f 2117/2882/2580 2123/3101/2792 2118/3102/2793
f 2117/2882/2580 2118/3102/2793 2112/2884/2582
f 2112/2884/2582 2118/3102/2793 2113/3103/2794
f 2112/2884/2582 2113/3103/2794 2107/2886/2584
f 2107/2886/2584 2113/3103/2794 2108/3104/2795
f 2107/2886/2584 2108/3104/2795 2102/2888/2586
f 2102/2888/2586 2108/3104/2795 2103/3105/2796
f 2102/2888/2586 2103/3105/2796 2093/2890/2588
f 2093/2890/2588 2103/3105/2796 2094/3106/2797
f 2093/2890/2588 2094/3106/2797 1937/2892/2590
f 1937/2892/2590 2094/3106/2797 2101/3107/2798
f 1937/2892/2590 2101/3107/2798 2088/2894/2592
f 2088/2894/2592 2101/3107/2798 2089/2896/2594
f 1940/3097/2788 1941/3108/2799 1947/3098/2789
f 1947/3098/2789 1941/3108/2799 1946/3109/2800
f 1947/3098/2789 1946/3109/2800 2133/3099/2790
f 2133/3099/2790 1946/3109/2800 2134/3110/2801
f 2133/3099/2790 2134/3110/2801 2128/3100/2791
f 2128/3100/2791 2134/3110/2801 2129/3111/2802
f 2128/3100/2791 2129/3111/2802 2123/3101/2792
f 2123/3101/2792 2129/3111/2802 2124/3112/2803
f 2123/3101/2792 2124/3112/2803 2118/3102/2793
f 2118/3102/2793 2124/3112/2803 2119/3113/2804
f 2118/3102/2793 2119/3113/2804 2113/3103/2794
f 2113/3103/2794 2119/3113/2804 2114/3114/2805
f 2113/3103/2794 2114/3114/2805 2108/3104/2795
f 2108/3104/2795 2114/3114/2805 2109/3115/2806
f 2108/3104/2795 2109/3115/2806 2103/3105/2796
f 2103/3105/2796 2109/3115/2806 2104/3116/2807
f 2103/3105/2796 2104/3116/2807 2094/3106/2797
f 2094/3106/2797 2104/3116/2807 2095/3117/2808
f 2094/3106/2797 2095/3117/2808 2101/3107/2798
f 2101/3107/2798 2095/3117/2808 2100/3118/2809
f 2101/3107/2798 2100/3118/2809 2089/2896/2594
f 2089/2896/2594 2100/3118/2809 2090/2898/2596
f 1940/3097/2788 1939/2872/2570 1950/3119/2810
f 1950/3119/2810 1939/2872/2570 1949/2906/2604
f 1950/3119/2810 1949/2906/2604 1955/3120/2811
f 1955/3120/2811 1949/2906/2604 1954/2908/2606
f 1955/3120/2811 1954/2908/2606 1960/3121/2812
f 1960/3121/2812 1954/2908/2606 1959/2910/2608
f 1960/3121/2812 1959/2910/2608 1965/3122/2813
f 1965/3122/2813 1959/2910/2608 1964/2912/2610
f 1965/3122/2813 1964/2912/2610 1970/3123/2814
f 1970/3123/2814 1964/2912/2610 1969/2914/2612
f 1970/3123/2814 1969/2914/2612 1975/3124/2815
f 1975/3124/2815 1969/2914/2612 1974/2916/2614
f 1975/3124/2815 1974/2916/2614 1980/3125/2816
f 1980/3125/2816 1974/2916/2614 1979/2918/2616
f 1980/3125/2816 1979/2918/2616 1985/3126/2817
f 1985/3126/2817 1979/2918/2616 1984/2920/2618
f 1985/3126/2817 1984/2920/2618 1989/3127/2818
f 1989/3127/2818 1984/2920/2618 1938/2922/2620
f 1989/3127/2818 1938/2922/2620 2001/3128/2819
f 2001/3128/2819 1938/2922/2620 2002/2924/2622
f 2001/3128/2819 2002/2924/2622 1994/2926/2624
f 1941/3108/2799 1942/3129/2820 1946/3109/2800
f 1946/3109/2800 1942/3129/2820 1945/3130/2821
f 1946/3109/2800 1945/3130/2821 2134/3110/2801
f 2134/3110/2801 1945/3130/2821 2135/3131/2822
f 2134/3110/2801 2135/3131/2822 2129/3111/2802
f 2129/3111/2802 2135/3131/2822 2130/3132/2823
f 2129/3111/2802 2130/3132/2823 2124/3112/2803
f 2124/3112/2803 2130/3132/2823 2125/3133/2824
f 2124/3112/2803 2125/3133/2824 2119/3113/2804
f 2119/3113/2804 2125/3133/2824 2120/3134/2825
f 2119/3113/2804 2120/3134/2825 2114/3114/2805
f 2114/3114/2805 2120/3134/2825 2115/3135/2826
f 2114/3114/2805 2115/3135/2826 2109/3115/2806
f 2109/3115/2806 2115/3135/2826 2110/3136/2827
f 2109/3115/2806 2110/3136/2827 2104/3116/2807
f 2104/3116/2807 2110/3136/2827 2105/3137/2828
f 2104/3116/2807 2105/3137/2828 2095/3117/2808
f 2095/3117/2808 2105/3137/2828 2096/3138/2829
f 2095/3117/2808 2096/3138/2829 2100/3118/2809
f 2100/3118/2809 2096/3138/2829 2099/3139/2830
f 2100/3118/2809 2099/3139/2830 2090/2898/2596
f 2090/2898/2596 2099/3139/2830 2091/2900/2598
f 1941/3108/2799 1940/3097/2788 1951/3140/2831
f 1951/3140/2831 1940/3097/2788 1950/3119/2810
f 1951/3140/2831 1950/3119/2810 1956/3141/2832
f 1956/3141/2832 1950/3119/2810 1955/3120/2811
f 1956/3141/2832 1955/3120/2811 1961/3142/2833
f 1961/3142/2833 1955/3120/2811 1960/3121/2812
f 1961/3142/2833 1960/3121/2812 1966/3143/2834
f 1966/3143/2834 1960/3121/2812 1965/3122/2813
f 1966/3143/2834 1965/3122/2813 1971/3144/2835
f 1971/3144/2835 1965/3122/2813 1970/3123/2814
f 1971/3144/2835 1970/3123/2814 1976/3145/2836
f 1976/3145/2836 1970/3123/2814 1975/3124/2815
f 1976/3145/2836 1975/3124/2815 1981/3146/2837
f 1981/3146/2837 1975/3124/2815 1980/3125/2816
f 1981/3146/2837 1980/3125/2816 1986/3147/2838
f 1986/3147/2838 1980/3125/2816 1985/3126/2817
f 1986/3147/2838 1985/3126/2817 1990/3148/2839
f 1990/3148/2839 1985/3126/2817 1989/3127/2818
f 1990/3148/2839 1989/3127/2818 2000/3149/2840
f 2000/3149/2840 1989/3127/2818 2001/3128/2819
f 2000/3149/2840 2001/3128/2819 1995/3150/2841
f 1995/3150/2841 2001/3128/2819 1994/2926/2624
f 1995/3150/2841 1994/2926/2624 2005/2928/2626
f 1942/3129/2820 1943/3051/2742 1945/3130/2821
f 1945/3130/2821 1943/3051/2742 1944/3049/2740
f 1945/3130/2821 1944/3049/2740 2135/3131/2822
f 2135/3131/2822 1944/3049/2740 2136/3079/2770
f 2135/3131/2822 2136/3079/2770 2130/3132/2823
f 2130/3132/2823 2136/3079/2770 2131/3081/2772
f 2130/3132/2823 2131/3081/2772 2125/3133/2824
f 2125/3133/2824 2131/3081/2772 2126/3083/2774
f 2125/3133/2824 2126/3083/2774 2120/3134/2825
f 2120/3134/2825 2126/3083/2774 2121/3085/2776
f 2120/3134/2825 2121/3085/2776 2115/3135/2826
f 2115/3135/2826 2121/3085/2776 2116/3087/2778
f 2115/3135/2826 2116/3087/2778 2110/3136/2827
f 2110/3136/2827 2116/3087/2778 2111/3089/2780
f 2110/3136/2827 2111/3089/2780 2105/3137/2828
f 2105/3137/2828 2111/3089/2780 2106/3091/2782
f 2105/3137/2828 2106/3091/2782 2096/3138/2829
f 2096/3138/2829 2106/3091/2782 2097/3093/2784
f 2096/3138/2829 2097/3093/2784 2099/3139/2830
f 2099/3139/2830 2097/3093/2784 2098/3095/2786
f 2099/3139/2830 2098/3095/2786 2091/2900/2598
f 2091/2900/2598 2098/3095/2786 2092/2902/2600
f 1942/3129/2820 1941/3108/2799 1952/3151/2842
f 1952/3151/2842 1941/3108/2799 1951/3140/2831
f 1952/3151/2842 1951/3140/2831 1957/3152/2843
f 1957/3152/2843 1951/3140/2831 1956/3141/2832
f 1957/3152/2843 1956/3141/2832 1962/3153/2844
f 1962/3153/2844 1956/3141/2832 1961/3142/2833
f 1962/3153/2844 1961/3142/2833 1967/3154/2845
f 1967/3154/2845 1961/3142/2833 1966/3143/2834
f 1967/3154/2845 1966/3143/2834 1972/3155/2846
f 1972/3155/2846 1966/3143/2834 1971/3144/2835
f 1972/3155/2846 1971/3144/2835 1977/3156/2847
f 1977/3156/2847 1971/3144/2835 1976/3145/2836
f 1977/3156/2847 1976/3145/2836 1982/3157/2848
f 1982/3157/2848 1976/3145/2836 1981/3146/2837
f 1982/3157/2848 1981/3146/2837 1987/3158/2849
f 1987/3158/2849 1981/3146/2837 1986/3147/2838
f 1987/3158/2849 1986/3147/2838 1991/3159/2850
f 1991/3159/2850 1986/3147/2838 1990/3148/2839
f 1991/3159/2850 1990/3148/2839 1999/3160/2851
f 1999/3160/2851 1990/3148/2839 2000/3149/2840
f 1999/3160/2851 2000/3149/2840 1996/3161/2852
f 1996/3161/2852 2000/3149/2840 1995/3150/2841
f 1996/3161/2852 1995/3150/2841 2006/3162/2853
f 2006/3162/2853 1995/3150/2841 2005/2928/2626
f 2006/3162/2853 2005/2928/2626 2011/2930/2628
f 1943/3051/2742 1942/3129/2820 1953/3053/2744
f 1953/3053/2744 1942/3129/2820 1952/3151/2842
f 1953/3053/2744 1952/3151/2842 1958/3055/2746
f 1958/3055/2746 1952/3151/2842 1957/3152/2843
f 1958/3055/2746 1957/3152/2843 1963/3057/2748
f 1963/3057/2748 1957/3152/2843 1962/3153/2844
f 1963/3057/2748 1962/3153/2844 1968/3059/2750
f 1968/3059/2750 1962/3153/2844 1967/3154/2845
f 1968/3059/2750 1967/3154/2845 1973/3061/2752
f 1973/3061/2752 1967/3154/2845 1972/3155/2846
f 1973/3061/2752 1972/3155/2846 1978/3063/2754
f 1978/3063/2754 1972/3155/2846 1977/3156/2847
f 1978/3063/2754 1977/3156/2847 1983/3065/2756
f 1983/3065/2756 1977/3156/2847 1982/3157/2848
f 1983/3065/2756 1982/3157/2848 1988/3067/2758
f 1988/3067/2758 1982/3157/2848 1987/3158/2849
f 1988/3067/2758 1987/3158/2849 1992/3069/2760
f 1992/3069/2760 1987/3158/2849 1991/3159/2850
f 1992/3069/2760 1991/3159/2850 1998/3071/2762
f 1998/3071/2762 1991/3159/2850 1999/3160/2851
f 1998/3071/2762 1999/3160/2851 1997/3073/2764
f 1997/3073/2764 1999/3160/2851 1996/3161/2852
f 1997/3073/2764 1996/3161/2852 2007/3075/2766
f 2007/3075/2766 1996/3161/2852 2006/3162/2853
f 2007/3075/2766 2006/3162/2853 2012/3077/2768
f 2012/3077/2768 2006/3162/2853 2011/2930/2628
f 2012/3077/2768 2011/2930/2628 2017/2932/2630
f 2138/3163/2854 1878/3164/2733 2137/3165/2855
f 2137/3165/2855 1878/3164/2733 1877/3166/2729
f 2137/3165/2855 1877/3166/2729 1876/3167/2724
f 2139/3168/2856 1884/3169/2585 2138/3163/2854
f 2138/3163/2854 1884/3169/2585 1883/3170/2587
f 2138/3163/2854 1883/3170/2587 1882/3171/2589
f 2140/3172/2857 1852/3173/2571 2139/3168/2856
f 2139/3168/2856 1852/3173/2571 1890/3174/2573
f 2139/3168/2856 1890/3174/2573 1889/3175/2575
f 2141/3176/2858 1859/3177/2615 2140/3172/2857
f 2140/3172/2857 1859/3177/2615 1858/3178/2613
f 2140/3172/2857 1858/3178/2613 1857/3179/2611
f 2142/3180/2859 1865/3181/2669 2141/3176/2858
f 2141/3176/2858 1865/3181/2669 1864/3182/2664
f 2141/3176/2858 1864/3182/2664 1863/3183/2659
f 2137/3165/2855 1871/3184/2699 2142/3180/2859
f 2142/3180/2859 1871/3184/2699 1870/3185/2694
f 2142/3180/2859 1870/3185/2694 1869/3186/2689
f 1889/3175/2575 1888/3187/2577 2139/3168/2856
f 2139/3168/2856 1888/3187/2577 1887/3188/2579
f 2139/3168/2856 1887/3188/2579 1886/3189/2581
f 1886/3189/2581 1885/3190/2583 2139/3168/2856
f 2139/3168/2856 1885/3190/2583 1884/3169/2585
f 1882/3171/2589 1881/3191/2591 2138/3163/2854
f 2138/3163/2854 1881/3191/2591 1880/3192/2738
f 2138/3163/2854 1880/3192/2738 1879/3193/2736
f 1879/3193/2736 1878/3164/2733 2138/3163/2854
f 1876/3167/2724 1875/3194/2719 2137/3165/2855
f 2137/3165/2855 1875/3194/2719 1874/3195/2714
f 2137/3165/2855 1874/3195/2714 1873/3196/2709
f 1873/3196/2709 1872/3197/2704 2137/3165/2855
f 2137/3165/2855 1872/3197/2704 1871/3184/2699
f 1869/3186/2689 1868/3198/2684 2142/3180/2859
f 2142/3180/2859 1868/3198/2684 1867/3199/2679
f 2142/3180/2859 1867/3199/2679 1866/3200/2674
f 1866/3200/2674 1865/3181/2669 2142/3180/2859
f 1863/3183/2659 1862/3201/2621 2141/3176/2858
f 2141/3176/2858 1862/3201/2621 1861/3202/2619
f 2141/3176/2858 1861/3202/2619 1860/3203/2617
f 1860/3203/2617 1859/3177/2615 2141/3176/2858
f 1857/3179/2611 1856/3204/2609 2140/3172/2857
f 2140/3172/2857 1856/3204/2609 1855/3205/2607
f 2140/3172/2857 1855/3205/2607 1854/3206/2605
f 1854/3206/2605 1853/3207/2569 2140/3172/2857
f 2140/3172/2857 1853/3207/2569 1852/3173/2571
f 2144/3208/2860 1891/3209/2741 2143/3210/2861
f 2143/3210/2861 1891/3209/2741 1931/3211/2743
f 2143/3210/2861 1931/3211/2743 2183/3212/2862
f 2183/3212/2862 1931/3211/2743 1930/3213/2745
f 2183/3212/2862 1930/3213/2745 2182/3214/2863
f 2182/3214/2863 1930/3213/2745 1929/3215/2747
f 2182/3214/2863 1929/3215/2747 2181/3216/2864
f 2181/3216/2864 1929/3215/2747 1928/3217/2749
f 2181/3216/2864 1928/3217/2749 2180/3218/2865
f 2180/3218/2865 1928/3217/2749 1927/3219/2751
f 2180/3218/2865 1927/3219/2751 2179/3220/2866
f 2179/3220/2866 1927/3219/2751 1926/3221/2753
f 2179/3220/2866 1926/3221/2753 2178/3222/2867
f 2178/3222/2867 1926/3221/2753 1925/3223/2755
f 2178/3222/2867 1925/3223/2755 2177/3224/2868
f 2177/3224/2868 1925/3223/2755 1924/3225/2757
f 2177/3224/2868 1924/3225/2757 2176/3226/2869
f 2176/3226/2869 1924/3225/2757 1923/3227/2759
f 2176/3226/2869 1923/3227/2759 2175/3228/2870
f 2175/3228/2870 1923/3227/2759 1922/3229/2761
f 2175/3228/2870 1922/3229/2761 2174/3230/2871
f 2174/3230/2871 1922/3229/2761 1921/3231/2763
f 2174/3230/2871 1921/3231/2763 2173/3232/2872
f 2173/3232/2872 1921/3231/2763 1920/3233/2765
f 2173/3232/2872 1920/3233/2765 2172/3234/2873
f 2172/3234/2873 1920/3233/2765 1919/3235/2767
f 2172/3234/2873 1919/3235/2767 2171/3236/2874
f 2171/3236/2874 1919/3235/2767 1918/3237/2769
f 2171/3236/2874 1918/3237/2769 2170/3238/2875
f 2170/3238/2875 1918/3237/2769 1917/3239/2632
f 2170/3238/2875 1917/3239/2632 2169/3240/2876
f 2169/3240/2876 1917/3239/2632 1916/3241/2633
f 2169/3240/2876 1916/3241/2633 2168/3242/2877
f 2168/3242/2877 1916/3241/2633 1915/3243/2635
f 2168/3242/2877 1915/3243/2635 2167/3244/2878
f 2167/3244/2878 1915/3243/2635 1914/3245/2637
f 2167/3244/2878 1914/3245/2637 2166/3246/2879
f 2166/3246/2879 1914/3245/2637 1913/3247/2639
f 2166/3246/2879 1913/3247/2639 2165/3248/2880
f 2165/3248/2880 1913/3247/2639 1912/3249/2641
f 2165/3248/2880 1912/3249/2641 2164/3250/2881
f 2164/3251/2881 1912/3252/2641 1911/3253/2643
f 2164/3251/2881 1911/3253/2643 2163/3254/2882
f 2163/3254/2882 1911/3253/2643 1910/3255/2645
f 2163/3254/2882 1910/3255/2645 2162/3256/2883
f 2162/3256/2883 1910/3255/2645 1909/3257/2647
f 2162/3256/2883 1909/3257/2647 2161/3258/2884
f 2161/3258/2884 1909/3257/2647 1908/3259/2649
f 2161/3258/2884 1908/3259/2649 2160/3260/2885
f 2160/3260/2885 1908/3259/2649 1907/3261/2651
f 2160/3260/2885 1907/3261/2651 2159/3262/2886
f 2159/3262/2886 1907/3261/2651 1906/3263/2653
f 2159/3262/2886 1906/3263/2653 2158/3264/2887
f 2158/3264/2887 1906/3263/2653 1905/3265/2655
f 2158/3264/2887 1905/3265/2655 2157/3266/2888
f 2157/3266/2888 1905/3265/2655 1904/3267/2657
f 2157/3266/2888 1904/3267/2657 2156/3268/2889
f 2156/3268/2889 1904/3267/2657 1903/3269/2603
f 2156/3268/2889 1903/3269/2603 2155/3270/2890
f 2155/3270/2890 1903/3269/2603 1902/3271/2602
f 2155/3270/2890 1902/3271/2602 2154/3272/2891
f 2154/3272/2891 1902/3271/2602 1901/3273/2787
f 2154/3272/2891 1901/3273/2787 2153/3274/2892
f 2153/3274/2892 1901/3273/2787 1900/3275/2785
f 2153/3274/2892 1900/3275/2785 2152/3276/2893
f 2152/3276/2893 1900/3275/2785 1899/3277/2783
f 2152/3276/2893 1899/3277/2783 2151/3278/2894
f 2151/3278/2894 1899/3277/2783 1898/3279/2781
f 2151/3278/2894 1898/3279/2781 2150/3280/2895
f 2150/3280/2895 1898/3279/2781 1897/3281/2779
f 2150/3280/2895 1897/3281/2779 2149/3282/2896
f 2149/3282/2896 1897/3281/2779 1896/3283/2777
f 2149/3282/2896 1896/3283/2777 2148/3284/2897
f 2148/3284/2897 1896/3283/2777 1895/3285/2775
f 2148/3284/2897 1895/3285/2775 2147/3286/2898
f 2147/3286/2898 1895/3285/2775 1894/3287/2773
f 2147/3286/2898 1894/3287/2773 2146/3288/2899
f 2146/3288/2899 1894/3287/2773 1893/3289/2771
f 2146/3288/2899 1893/3289/2771 2145/3290/2900
f 2145/3290/2900 1893/3289/2771 1892/3291/2739
f 2145/3290/2900 1892/3291/2739 2144/3208/2860
f 2144/3208/2860 1892/3291/2739 1891/3209/2741
f 2184/3292/2901 2185/3293/2902 2186/3294/2903
f 2184/3292/2904 2186/3295/2905 2187/3296/2906
f 2184/3297/2907 2187/3298/2908 2188/3299/2909
f 2184/3297/2910 2188/3300/2911 2189/3301/2912
f 2184/3302/2913 2189/3303/2914 2190/3304/2915
f 2184/3302/2916 2190/3305/2917 2185/3306/2918
f 2138/3307/2919 2137/3308/2920 2185/3309/2921
f 2185/3309/2921 2137/3308/2920 2186/3310/2922
f 2137/3311/2923 2142/3312/2924 2186/3313/2925
f 2186/3313/2925 2142/3312/2924 2187/3314/2926
f 2142/3315/2927 2141/3316/2928 2187/3317/2929
f 2187/3317/2929 2141/3316/2928 2188/3318/2930
f 2141/3319/2931 2140/3320/2932 2188/3321/2933
f 2188/3321/2933 2140/3320/2932 2189/3322/2934
f 2140/3323/2935 2139/3324/2936 2189/3325/2937
f 2189/3325/2937 2139/3324/2936 2190/3326/2938
f 2139/3327/2939 2138/3328/2940 2190/3329/2941
f 2190/3329/2941 2138/3328/2940 2185/3330/2942
f 1824/3331/2943 2224/3332/2944 1795/3333/2945
f 1795/3333/2945 2224/3332/2944 2221/3334/2946
f 1795/3335/2945 2221/3336/2946 1796/3337/2947
f 1796/3337/2947 2221/3336/2946 2308/3338/2948
f 1796/3337/2947 2308/3338/2948 1797/3339/2949
f 1797/3339/2949 2308/3338/2948 2305/3340/2950
f 1797/3339/2949 2305/3340/2950 1798/3341/2951
f 1798/3341/2951 2305/3340/2950 2302/3342/2952
f 1798/3341/2951 2302/3342/2952 1799/3343/2953
f 1799/3343/2953 2302/3342/2952 2299/3344/2954
f 1799/3343/2953 2299/3344/2954 1800/3345/2955
f 1800/3345/2955 2299/3344/2954 2296/3346/2956
f 1800/3345/2955 2296/3346/2956 1801/3347/2957
f 1801/3347/2957 2296/3346/2956 2293/3348/2958
f 1801/3347/2957 2293/3348/2958 1802/3349/2959
f 1802/3349/2959 2293/3348/2958 2290/3350/2960
f 1802/3349/2959 2290/3350/2960 1803/3351/2961
f 1803/3351/2961 2290/3350/2960 2287/3352/2962
f 1803/3351/2961 2287/3352/2962 1804/3353/2963
f 1804/3353/2963 2287/3352/2962 2284/3354/2964
f 1804/3353/2963 2284/3354/2964 1805/3355/2965
f 1805/3355/2965 2284/3354/2964 2281/3356/2966
f 1805/3355/2965 2281/3356/2966 1806/3357/2967
f 1806/3357/2967 2281/3356/2966 2278/3358/2968
f 1806/3357/2967 2278/3358/2968 1807/3359/2969
f 1807/3359/2969 2278/3358/2968 2275/3360/2970
f 1807/3359/2969 2275/3360/2970 1808/3361/2971
f 1808/3361/2971 2275/3360/2970 2272/3362/2972
f 1808/3361/2971 2272/3362/2972 1809/3363/2973
f 1809/3363/2973 2272/3362/2972 2269/3364/2974
f 1809/3363/2973 2269/3364/2974 1810/3365/2975
f 1810/3365/2975 2269/3364/2974 2266/3366/2976
f 1810/3365/2975 2266/3366/2976 1811/3367/2977
f 1811/3367/2977 2266/3366/2976 2263/3368/2978
f 1811/3367/2977 2263/3368/2978 1812/3369/2979
f 1812/3369/2979 2263/3368/2978 2260/3370/2980
f 1812/3369/2979 2260/3370/2980 1813/3371/2981
f 1813/3371/2981 2260/3370/2980 2257/3372/2982
f 1813/3371/2981 2257/3372/2982 1814/3373/2983
f 1814/3373/2983 2257/3372/2982 2254/3374/2984
f 1814/3373/2983 2254/3374/2984 1815/3375/2985
f 1815/3375/2985 2254/3374/2984 2251/3376/2986
f 1815/3375/2985 2251/3376/2986 1816/3377/2987
f 1816/3377/2987 2251/3376/2986 2248/3378/2988
f 1816/3377/2987 2248/3378/2988 1817/3379/2989
f 1817/3379/2989 2248/3378/2988 2245/3380/2990
f 1817/3379/2989 2245/3380/2990 1818/3381/2991
f 1818/3381/2991 2245/3380/2990 2242/3382/2992
f 1818/3381/2991 2242/3382/2992 1819/3383/2993
f 1819/3383/2993 2242/3382/2992 2239/3384/2994
f 1819/3383/2993 2239/3384/2994 1820/3385/2995
f 1820/3385/2995 2239/3384/2994 2236/3386/2996
f 1820/3385/2995 2236/3386/2996 1821/3387/2997
f 1821/3387/2997 2236/3386/2996 2233/3388/2998
f 1821/3387/2997 2233/3388/2998 1822/3389/2999
f 1822/3389/2999 2233/3388/2998 2230/3390/3000
f 1822/3389/2999 2230/3390/3000 1823/3391/3001
f 1823/3391/3001 2230/3390/3000 2227/3392/3002
f 1823/3391/3001 2227/3392/3002 1824/3331/2943
f 1824/3331/2943 2227/3392/3002 2224/3332/2944
f 2192/3393/3003 2310/3394/3004 2191/3395/3005
f 2191/3395/3005 2310/3394/3004 2223/3396/3006
f 2191/3397/3005 2223/3398/3006 2220/3399/3007
f 2220/3399/3007 2223/3398/3006 2226/3400/3008
f 2220/3399/3007 2226/3400/3008 2219/3401/3009
f 2219/3401/3009 2226/3400/3008 2229/3402/3010
f 2219/3401/3009 2229/3402/3010 2218/3403/3011
f 2218/3403/3011 2229/3402/3010 2232/3404/3012
f 2218/3403/3011 2232/3404/3012 2217/3405/3013
f 2217/3405/3013 2232/3404/3012 2235/3406/3014
f 2217/3405/3013 2235/3406/3014 2216/3407/3015
f 2216/3407/3015 2235/3406/3014 2238/3408/3016
f 2216/3407/3015 2238/3408/3016 2215/3409/3017
f 2215/3409/3017 2238/3408/3016 2241/3410/3018
f 2215/3409/3017 2241/3410/3018 2214/3411/3019
f 2214/3411/3019 2241/3410/3018 2244/3412/3020
f 2214/3411/3019 2244/3412/3020 2213/3413/3021
f 2213/3413/3021 2244/3412/3020 2247/3414/3022
f 2213/3413/3021 2247/3414/3022 2212/3415/3023
f 2212/3415/3023 2247/3414/3022 2250/3416/3024
f 2212/3415/3023 2250/3416/3024 2211/3417/3025
f 2211/3417/3025 2250/3416/3024 2253/3418/3026
f 2211/3417/3025 2253/3418/3026 2210/3419/3027
f 2210/3419/3027 2253/3418/3026 2256/3420/3028
f 2210/3419/3027 2256/3420/3028 2209/3421/3029
f 2209/3421/3029 2256/3420/3028 2259/3422/3030
f 2209/3421/3029 2259/3422/3030 2208/3423/3031
f 2208/3423/3031 2259/3422/3030 2262/3424/3032
f 2208/3423/3031 2262/3424/3032 2207/3425/3033
f 2207/3425/3033 2262/3424/3032 2265/3426/3034
f 2207/3425/3033 2265/3426/3034 2206/3427/3035
f 2206/3427/3035 2265/3426/3034 2268/3428/3036
f 2206/3427/3035 2268/3428/3036 2205/3429/3037
f 2205/3429/3037 2268/3428/3036 2271/3430/3038
f 2205/3429/3037 2271/3430/3038 2204/3431/3039
f 2204/3431/3039 2271/3430/3038 2274/3432/3040
f 2204/3431/3039 2274/3432/3040 2203/3433/3041
f 2203/3433/3041 2274/3432/3040 2277/3434/3042
f 2203/3433/3041 2277/3434/3042 2202/3435/3043
f 2202/3435/3043 2277/3434/3042 2280/3436/3044
f 2202/3435/3043 2280/3436/3044 2201/3437/3045
f 2201/3437/3045 2280/3436/3044 2283/3438/3046
f 2201/3437/3045 2283/3438/3046 2200/3439/3047
f 2200/3439/3047 2283/3438/3046 2286/3440/3048
f 2200/3439/3047 2286/3440/3048 2199/3441/3049
f 2199/3441/3049 2286/3440/3048 2289/3442/3050
f 2199/3441/3049 2289/3442/3050 2198/3443/3051
f 2198/3443/3051 2289/3442/3050 2292/3444/3052
f 2198/3443/3051 2292/3444/3052 2197/3445/3053
f 2197/3445/3053 2292/3444/3052 2295/3446/3054
f 2197/3445/3053 2295/3446/3054 2196/3447/3055
f 2196/3447/3055 2295/3446/3054 2298/3448/3056
f 2196/3447/3055 2298/3448/3056 2195/3449/3057
f 2195/3449/3057 2298/3448/3056 2301/3450/3058
f 2195/3449/3057 2301/3450/3058 2194/3451/3059
f 2194/3451/3059 2301/3450/3058 2304/3452/3060
f 2194/3451/3059 2304/3452/3060 2193/3453/3061
f 2193/3453/3061 2304/3452/3060 2307/3454/3062
f 2193/3453/3061 2307/3454/3062 2192/3393/3003
f 2192/3393/3003 2307/3454/3062 2310/3394/3004
f 2221/3336/2946 2222/3455/3063 2308/3338/2948
f 2308/3338/2948 2222/3455/3063 2309/3456/3064
f 2308/3338/2948 2309/3456/3064 2305/3340/2950
f 2305/3340/2950 2309/3456/3064 2306/3457/3065
f 2305/3340/2950 2306/3457/3065 2302/3342/2952
f 2302/3342/2952 2306/3457/3065 2303/3458/3066
f 2302/3342/2952 2303/3458/3066 2299/3344/2954
f 2299/3344/2954 2303/3458/3066 2300/3459/3067
f 2299/3344/2954 2300/3459/3067 2296/3346/2956
f 2296/3346/2956 2300/3459/3067 2297/3460/3068
f 2296/3346/2956 2297/3460/3068 2293/3348/2958
f 2293/3348/2958 2297/3460/3068 2294/3461/3069
f 2293/3348/2958 2294/3461/3069 2290/3350/2960
f 2290/3350/2960 2294/3461/3069 2291/3462/3070
f 2290/3350/2960 2291/3462/3070 2287/3352/2962
f 2287/3352/2962 2291/3462/3070 2288/3463/3071
f 2287/3352/2962 2288/3463/3071 2284/3354/2964
f 2284/3354/2964 2288/3463/3071 2285/3464/3072
f 2284/3354/2964 2285/3464/3072 2281/3356/2966
f 2281/3356/2966 2285/3464/3072 2282/3465/3073
f 2281/3356/2966 2282/3465/3073 2278/3358/2968
f 2278/3358/2968 2282/3465/3073 2279/3466/3074
f 2278/3358/2968 2279/3466/3074 2275/3360/2970
f 2275/3360/2970 2279/3466/3074 2276/3467/3075
f 2275/3360/2970 2276/3467/3075 2272/3362/2972
f 2272/3362/2972 2276/3467/3075 2273/3468/3076
f 2272/3362/2972 2273/3468/3076 2269/3364/2974
f 2269/3364/2974 2273/3468/3076 2270/3469/3077
f 2269/3364/2974 2270/3469/3077 2266/3366/2976
f 2266/3366/2976 2270/3469/3077 2267/3470/3078
f 2266/3366/2976 2267/3470/3078 2263/3368/2978
f 2263/3368/2978 2267/3470/3078 2264/3471/3079
f 2263/3368/2978 2264/3471/3079 2260/3370/2980
f 2260/3370/2980 2264/3471/3079 2261/3472/3080
f 2260/3370/2980 2261/3472/3080 2257/3372/2982
f 2257/3372/2982 2261/3472/3080 2258/3473/3081
f 2257/3372/2982 2258/3473/3081 2254/3374/2984
f 2254/3374/2984 2258/3473/3081 2255/3474/3082
f 2254/3374/2984 2255/3474/3082 2251/3376/2986
f 2251/3376/2986 2255/3474/3082 2252/3475/3083
f 2251/3376/2986 2252/3475/3083 2248/3378/2988
f 2248/3378/2988 2252/3475/3083 2249/3476/3084
f 2248/3378/2988 2249/3476/3084 2245/3380/2990
f 2245/3380/2990 2249/3476/3084 2246/3477/3085
f 2245/3380/2990 2246/3477/3085 2242/3382/2992
f 2242/3382/2992 2246/3477/3085 2243/3478/3086
f 2242/3382/2992 2243/3478/3086 2239/3384/2994
f 2239/3384/2994 2243/3478/3086 2240/3479/3087
f 2239/3384/2994 2240/3479/3087 2236/3386/2996
f 2236/3386/2996 2240/3479/3087 2237/3480/3088
f 2236/3386/2996 2237/3480/3088 2233/3388/2998
f 2233/3388/2998 2237/3480/3088 2234/3481/3089
f 2233/3388/2998 2234/3481/3089 2230/3390/3000
f 2230/3390/3000 2234/3481/3089 2231/3482/3090
f 2230/3390/3000 2231/3482/3090 2227/3392/3002
f 2227/3392/3002 2231/3482/3090 2228/3483/3091
f 2227/3392/3002 2228/3483/3091 2224/3332/2944
f 2224/3332/2944 2228/3483/3091 2225/3484/3092
f 2224/3332/2944 2225/3484/3092 2221/3334/2946
f 2221/3334/2946 2225/3484/3092 2222/3485/3063
f 2222/3455/3063 2223/3396/3006 2309/3456/3064
f 2309/3456/3064 2223/3396/3006 2310/3394/3004
f 2309/3456/3064 2310/3394/3004 2306/3457/3065
f 2306/3457/3065 2310/3394/3004 2307/3454/3062
f 2306/3457/3065 2307/3454/3062 2303/3458/3066
f 2303/3458/3066 2307/3454/3062 2304/3452/3060
f 2303/3458/3066 2304/3452/3060 2300/3459/3067
f 2300/3459/3067 2304/3452/3060 2301/3450/3058
f 2300/3459/3067 2301/3450/3058 2297/3460/3068
f 2297/3460/3068 2301/3450/3058 2298/3448/3056
f 2297/3460/3068 2298/3448/3056 2294/3461/3069
f 2294/3461/3069 2298/3448/3056 2295/3446/3054
f 2294/3461/3069 2295/3446/3054 2291/3462/3070
f 2291/3462/3070 2295/3446/3054 2292/3444/3052
f 2291/3462/3070 2292/3444/3052 2288/3463/3071
f 2288/3463/3071 2292/3444/3052 2289/3442/3050
f 2288/3463/3071 2289/3442/3050 2285/3464/3072
f 2285/3464/3072 2289/3442/3050 2286/3440/3048
f 2285/3464/3072 2286/3440/3048 2282/3465/3073
f 2282/3465/3073 2286/3440/3048 2283/3438/3046
f 2282/3465/3073 2283/3438/3046 2279/3466/3074
f 2279/3466/3074 2283/3438/3046 2280/3436/3044
f 2279/3466/3074 2280/3436/3044 2276/3467/3075
f 2276/3467/3075 2280/3436/3044 2277/3434/3042
f 2276/3467/3075 2277/3434/3042 2273/3468/3076
f 2273/3468/3076 2277/3434/3042 2274/3432/3040
f 2273/3468/3076 2274/3432/3040 2270/3469/3077
f 2270/3469/3077 2274/3432/3040 2271/3430/3038
f 2270/3469/3077 2271/3430/3038 2267/3470/3078
f 2267/3470/3078 2271/3430/3038 2268/3428/3036
f 2267/3470/3078 2268/3428/3036 2264/3471/3079
f 2264/3471/3079 2268/3428/3036 2265/3426/3034
f 2264/3471/3079 2265/3426/3034 2261/3472/3080
f 2261/3472/3080 2265/3426/3034 2262/3424/3032
f 2261/3472/3080 2262/3424/3032 2258/3473/3081
f 2258/3473/3081 2262/3424/3032 2259/3422/3030
f 2258/3473/3081 2259/3422/3030 2255/3474/3082
f 2255/3474/3082 2259/3422/3030 2256/3420/3028
f 2255/3474/3082 2256/3420/3028 2252/3475/3083
f 2252/3475/3083 2256/3420/3028 2253/3418/3026
f 2252/3475/3083 2253/3418/3026 2249/3476/3084
f 2249/3476/3084 2253/3418/3026 2250/3416/3024
f 2249/3476/3084 2250/3416/3024 2246/3477/3085
f 2246/3477/3085 2250/3416/3024 2247/3414/3022
f 2246/3477/3085 2247/3414/3022 2243/3478/3086
f 2243/3478/3086 2247/3414/3022 2244/3412/3020
f 2243/3478/3086 2244/3412/3020 2240/3479/3087
f 2240/3479/3087 2244/3412/3020 2241/3410/3018
f 2240/3479/3087 2241/3410/3018 2237/3480/3088
f 2237/3480/3088 2241/3410/3018 2238/3408/3016
f 2237/3480/3088 2238/3408/3016 2234/3481/3089
f 2234/3481/3089 2238/3408/3016 2235/3406/3014
f 2234/3481/3089 2235/3406/3014 2231/3482/3090
f 2231/3482/3090 2235/3406/3014 2232/3404/3012
f 2231/3482/3090 2232/3404/3012 2228/3483/3091
f 2228/3483/3091 2232/3404/3012 2229/3402/3010
f 2228/3483/3091 2229/3402/3010 2225/3484/3092
f 2225/3484/3092 2229/3402/3010 2226/3400/3008
f 2225/3484/3092 2226/3400/3008 2222/3485/3063
f 2222/3485/3063 2226/3400/3008 2223/3398/3006
f 1825/3486/3093 1851/3487/3094 1826/3488/3095
f 1826/3488/3095 1851/3487/3094 1850/3489/3096
f 1826/3488/3095 1850/3489/3096 1827/3490/3097
f 1827/3490/3097 1850/3489/3096 1849/3491/3098
f 1827/3490/3097 1849/3491/3098 1828/3492/3099
f 1828/3492/3099 1849/3491/3098 1848/3493/3100
f 1828/3492/3099 1848/3493/3100 1829/3494/3101
f 1829/3494/3101 1848/3493/3100 1847/3495/3102
f 1829/3494/3101 1847/3495/3102 1846/3496/3103
f 1846/3496/3103 1845/3497/3104 1829/3494/3101
f 1829/3494/3101 1845/3497/3104 1844/3498/3105
f 1829/3494/3101 1844/3498/3105 1843/3499/3106
f 1843/3499/3106 1842/3500/3107 1829/3494/3101
f 1829/3494/3101 1842/3500/3107 1841/3501/3108
f 1829/3494/3101 1841/3501/3108 1840/3502/3109
f 1840/3502/3109 1839/3503/3110 1829/3494/3101
f 1829/3494/3101 1839/3503/3110 1838/3504/3111
f 1829/3494/3101 1838/3504/3111 1837/3505/3112
f 1837/3505/3112 1836/3506/3113 1829/3494/3101
f 1829/3494/3101 1836/3506/3113 1835/3507/3114
f 1829/3494/3101 1835/3507/3114 1830/3508/3115
f 1830/3508/3115 1835/3507/3114 1834/3509/3116
f 1830/3508/3115 1834/3509/3116 1833/3510/3117
f 1832/3511/3118 1831/3512/3119 1833/3510/3117
f 1833/3510/3117 1831/3512/3119 1830/3508/3115
f 2144/3513/3120 2143/3514/3121 2206/3515/3122
f 2206/3515/3122 2143/3514/3121 2183/3516/3123
f 2206/3515/3122 2183/3516/3123 2207/3517/3124
f 2207/3517/3124 2183/3516/3123 2182/3518/3125
f 2207/3517/3124 2182/3518/3125 2208/3519/3126
f 2208/3519/3126 2182/3518/3125 2181/3520/3127
f 2208/3519/3126 2181/3520/3127 2209/3521/3128
f 2209/3521/3128 2181/3520/3127 2180/3522/3129
f 2209/3521/3128 2180/3522/3129 2179/3523/3130
f 2209/3521/3128 2179/3523/3130 2210/3524/3131
f 2210/3524/3131 2179/3523/3130 2178/3525/3132
f 2210/3524/3131 2178/3525/3132 2211/3526/3133
f 2211/3526/3133 2178/3525/3132 2177/3527/3134
f 2211/3526/3133 2177/3527/3134 2176/3528/3135
f 2211/3526/3133 2176/3528/3135 2212/3529/3136
f 2212/3529/3136 2176/3528/3135 2175/3530/3137
f 2212/3529/3136 2175/3530/3137 2213/3531/3138
f 2213/3531/3138 2175/3530/3137 2174/3532/3139
f 2213/3531/3138 2174/3532/3139 2214/3533/3140
f 2214/3533/3140 2174/3532/3139 2173/3534/3141
f 2214/3533/3140 2173/3534/3141 2172/3535/3142
f 2214/3533/3140 2172/3535/3142 2215/3536/3143
f 2215/3536/3143 2172/3535/3142 2171/3537/3144
f 2215/3536/3143 2171/3537/3144 2216/3538/3145
f 2216/3538/3145 2171/3537/3144 2170/3539/3146
f 2216/3538/3145 2170/3539/3146 2217/3540/3147
f 2217/3540/3147 2170/3539/3146 2169/3541/3148
f 2217/3540/3147 2169/3541/3148 2168/3542/3149
f 2217/3540/3147 2168/3542/3149 2218/3543/3150
f 2218/3543/3150 2168/3542/3149 2167/3544/3151
f 2218/3543/3150 2167/3544/3151 2219/3545/3152
f 2219/3545/3152 2167/3544/3151 2166/3546/3153
f 2219/3545/3152 2166/3546/3153 2220/3547/3154
f 2220/3547/3154 2166/3546/3153 2165/3548/3155
f 2220/3547/3154 2165/3548/3155 2164/3549/3156
f 2220/3547/3154 2164/3549/3156 2191/3550/3157
f 2191/3550/3157 2164/3549/3156 2163/3551/3158
f 2191/3550/3157 2163/3551/3158 2192/3552/3159
f 2192/3552/3159 2163/3551/3158 2162/3553/3160
f 2192/3552/3159 2162/3553/3160 2161/3554/3161
f 2192/3552/3159 2161/3554/3161 2193/3555/3162
f 2193/3555/3162 2161/3554/3161 2160/3556/3163
f 2193/3555/3162 2160/3556/3163 2194/3557/3164
f 2194/3557/3164 2160/3556/3163 2159/3558/3165
f 2194/3557/3164 2159/3558/3165 2195/3559/3166
f 2195/3559/3166 2159/3558/3165 2158/3560/3167
f 2195/3559/3166 2158/3560/3167 2157/3561/3168
f 2195/3559/3166 2157/3561/3168 2196/3562/3169
f 2196/3562/3169 2157/3561/3168 2156/3563/3170
f 2196/3562/3169 2156/3563/3170 2197/3564/3171
f 2197/3564/3171 2156/3563/3170 2155/3565/3172
f 2197/3564/3171 2155/3565/3172 2198/3566/3173
f 2198/3566/3173 2155/3565/3172 2154/3567/3174
f 2198/3566/3173 2154/3567/3174 2153/3568/3175
f 2198/3566/3173 2153/3568/3175 2199/3569/3176
f 2199/3569/3176 2153/3568/3175 2152/3570/3177
f 2199/3569/3176 2152/3570/3177 2200/3571/3178
f 2200/3571/3178 2152/3570/3177 2151/3572/3179
f 2200/3571/3178 2151/3572/3179 2201/3573/3180
f 2201/3573/3180 2151/3572/3179 2150/3574/3181
f 2201/3573/3180 2150/3574/3181 2149/3575/3182
f 2201/3573/3180 2149/3575/3182 2202/3576/3183
f 2202/3576/3183 2149/3575/3182 2148/3577/3184
f 2202/3576/3183 2148/3577/3184 2203/3578/3185
f 2203/3578/3185 2148/3577/3184 2147/3579/3186
f 2203/3578/3185 2147/3579/3186 2146/3580/3187
f 2203/3578/3185 2146/3580/3187 2204/3581/3188
f 2204/3581/3188 2146/3580/3187 2145/3582/3189
f 2204/3581/3188 2145/3582/3189 2205/3583/3190
f 2205/3583/3190 2145/3582/3189 2144/3513/3120
f 2205/3583/3190 2144/3513/3120 2206/3515/3122
g Body1:5

v -0.050786 -0.111076 -0.045500
v -0.050817 -0.110678 -0.045500
v -0.050911 -0.110288 -0.045500
v -0.051064 -0.109919 -0.045500
v -0.051273 -0.109578 -0.045500
v -0.051533 -0.109273 -0.045500
v -0.051837 -0.109013 -0.045500
v -0.052178 -0.108804 -0.045500
v -0.052548 -0.108651 -0.045500
v -0.052937 -0.108558 -0.045500
v -0.053336 -0.108526 -0.045500
v -0.053735 -0.108558 -0.045500
v -0.054124 -0.108651 -0.045500
v -0.054493 -0.108804 -0.045500
v -0.054835 -0.109013 -0.045500
v -0.055139 -0.109273 -0.045500
v -0.055399 -0.109578 -0.045500
v -0.055608 -0.109919 -0.045500
v -0.055761 -0.110288 -0.045500
v -0.055854 -0.110678 -0.045500
v -0.055886 -0.111076 -0.045500
v -0.055854 -0.111475 -0.045500
v -0.055761 -0.111864 -0.045500
v -0.055608 -0.112234 -0.045500
v -0.055399 -0.112575 -0.045500
v -0.055139 -0.112880 -0.045500
v -0.054835 -0.113139 -0.045500
v -0.054493 -0.113349 -0.045500
v -0.054124 -0.113502 -0.045500
v -0.053735 -0.113595 -0.045500
v -0.053336 -0.113626 -0.045500
v -0.052937 -0.113595 -0.045500
v -0.052548 -0.113502 -0.045500
v -0.052178 -0.113349 -0.045500
v -0.051837 -0.113139 -0.045500
v -0.051533 -0.112880 -0.045500
v -0.051273 -0.112575 -0.045500
v -0.051064 -0.112234 -0.045500
v -0.050911 -0.111864 -0.045500
v -0.050817 -0.111475 -0.045500
v -0.057586 -0.111076 -0.045500
v -0.057554 -0.110554 -0.045500
v -0.057457 -0.110040 -0.045500
v -0.057299 -0.109541 -0.045500
v -0.057080 -0.109066 -0.045500
v -0.056805 -0.108621 -0.045500
v -0.056477 -0.108213 -0.045500
v -0.056101 -0.107849 -0.045500
v -0.055683 -0.107534 -0.045500
v -0.055230 -0.107272 -0.045500
v -0.054748 -0.107068 -0.045500
v -0.054245 -0.106925 -0.045500
v -0.053728 -0.106845 -0.045500
v -0.053205 -0.106828 -0.045500
v -0.052684 -0.106877 -0.045500
v -0.052173 -0.106989 -0.045500
v -0.051679 -0.107163 -0.045500
v -0.051211 -0.107396 -0.045500
v -0.050775 -0.107685 -0.045500
v -0.050377 -0.108025 -0.045500
v -0.050025 -0.108412 -0.045500
v -0.049722 -0.108839 -0.045500
v -0.049475 -0.109300 -0.045500
v -0.049286 -0.109788 -0.045500
v -0.049158 -0.110296 -0.045500
v -0.049094 -0.110815 -0.045500
v -0.049094 -0.111338 -0.045500
v -0.049158 -0.111857 -0.045500
v -0.049286 -0.112365 -0.045500
v -0.049475 -0.112853 -0.045500
v -0.049722 -0.113314 -0.045500
v -0.050025 -0.113741 -0.045500
v -0.050377 -0.114128 -0.045500
v -0.050775 -0.114468 -0.045500
v -0.051211 -0.114757 -0.045500
v -0.051679 -0.114990 -0.045500
v -0.052173 -0.115164 -0.045500
v -0.052684 -0.115276 -0.045500
v -0.053205 -0.115324 -0.045500
v -0.053728 -0.115308 -0.045500
v -0.054245 -0.115228 -0.045500
v -0.054748 -0.115085 -0.045500
v -0.055230 -0.114881 -0.045500
v -0.055683 -0.114619 -0.045500
v -0.056101 -0.114304 -0.045500
v -0.056477 -0.113940 -0.045500
v -0.056805 -0.113532 -0.045500
v -0.057080 -0.113087 -0.045500
v -0.057299 -0.112612 -0.045500
v -0.057457 -0.112113 -0.045500
v -0.057554 -0.111599 -0.045500
v -0.050786 -0.111076 -0.044500
v -0.050817 -0.110678 -0.044500
v -0.050911 -0.110288 -0.044500
v -0.051064 -0.109919 -0.044500
v -0.051273 -0.109578 -0.044500
v -0.051533 -0.109273 -0.044500
v -0.051837 -0.109013 -0.044500
v -0.052178 -0.108804 -0.044500
v -0.052548 -0.108651 -0.044500
v -0.052937 -0.108558 -0.044500
v -0.053336 -0.108526 -0.044500
v -0.053735 -0.108558 -0.044500
v -0.054124 -0.108651 -0.044500
v -0.054493 -0.108804 -0.044500
v -0.054835 -0.109013 -0.044500
v -0.055139 -0.109273 -0.044500
v -0.055399 -0.109578 -0.044500
v -0.055608 -0.109919 -0.044500
v -0.055761 -0.110288 -0.044500
v -0.055854 -0.110678 -0.044500
v -0.055886 -0.111076 -0.044500
v -0.055854 -0.111475 -0.044500
v -0.055761 -0.111864 -0.044500
v -0.055608 -0.112234 -0.044500
v -0.055399 -0.112575 -0.044500
v -0.055139 -0.112880 -0.044500
v -0.054835 -0.113139 -0.044500
v -0.054493 -0.113349 -0.044500
v -0.054124 -0.113502 -0.044500
v -0.053735 -0.113595 -0.044500
v -0.053336 -0.113626 -0.044500
v -0.052937 -0.113595 -0.044500
v -0.052548 -0.113502 -0.044500
v -0.052178 -0.113349 -0.044500
v -0.051837 -0.113139 -0.044500
v -0.051533 -0.112880 -0.044500
v -0.051273 -0.112575 -0.044500
v -0.051064 -0.112234 -0.044500
v -0.050911 -0.111864 -0.044500
v -0.050817 -0.111475 -0.044500
v -0.057863 -0.117733 -0.044500
v -0.057251 -0.118110 -0.044500
v -0.056608 -0.118431 -0.044500
v -0.055939 -0.118694 -0.044500
v -0.055249 -0.118896 -0.044500
v -0.054543 -0.119035 -0.044500
v -0.053828 -0.119111 -0.044500
v -0.053110 -0.119123 -0.044500
v -0.052393 -0.119071 -0.044500
v -0.051683 -0.118955 -0.044500
v -0.050987 -0.118776 -0.044500
v -0.050309 -0.118536 -0.044500
v -0.049656 -0.118236 -0.044500
v -0.049032 -0.117879 -0.044500
v -0.048442 -0.117468 -0.044500
v -0.047891 -0.117006 -0.044500
v -0.047384 -0.116496 -0.044500
v -0.046924 -0.115944 -0.044500
v -0.046515 -0.115352 -0.044500
v -0.046161 -0.114727 -0.044500
v -0.045864 -0.114072 -0.044500
v -0.045626 -0.113394 -0.044500
v -0.045450 -0.112696 -0.044500
v -0.045337 -0.111987 -0.044500
v -0.045288 -0.111269 -0.044500
v -0.045303 -0.110551 -0.044500
v -0.045382 -0.109836 -0.044500
v -0.045524 -0.109131 -0.044500
v -0.045729 -0.108442 -0.044500
v -0.045994 -0.107774 -0.044500
v -0.062487 -0.071111 -0.044500
v -0.064055 -0.071503 -0.044500
v -0.065607 -0.071956 -0.044500
v -0.067139 -0.072470 -0.044500
v -0.068649 -0.073044 -0.044500
v -0.070136 -0.073677 -0.044500
v -0.071597 -0.074368 -0.044500
v -0.073030 -0.075116 -0.044500
v -0.074431 -0.075920 -0.044500
v -0.075801 -0.076779 -0.044500
v -0.077135 -0.077691 -0.044500
v -0.078432 -0.078654 -0.044500
v -0.079690 -0.079669 -0.044500
v -0.080907 -0.080732 -0.044500
v -0.082082 -0.081842 -0.044500
v -0.083212 -0.082997 -0.044500
v -0.084295 -0.084196 -0.044500
v -0.085330 -0.085437 -0.044500
v -0.086316 -0.086718 -0.044500
v -0.087250 -0.088037 -0.044500
v -0.088132 -0.089391 -0.044500
v -0.088959 -0.090779 -0.044500
v -0.089731 -0.092199 -0.044500
v -0.090447 -0.093648 -0.044500
v -0.091105 -0.095124 -0.044500
v -0.057586 -0.111076 -0.046500
v -0.057554 -0.110554 -0.046500
v -0.057457 -0.110040 -0.046500
v -0.057299 -0.109541 -0.046500
v -0.057080 -0.109066 -0.046500
v -0.056805 -0.108621 -0.046500
v -0.056477 -0.108213 -0.046500
v -0.056101 -0.107849 -0.046500
v -0.055683 -0.107534 -0.046500
v -0.055230 -0.107272 -0.046500
v -0.054748 -0.107068 -0.046500
v -0.054245 -0.106925 -0.046500
v -0.053728 -0.106845 -0.046500
v -0.053205 -0.106828 -0.046500
v -0.052684 -0.106877 -0.046500
v -0.052173 -0.106989 -0.046500
v -0.051679 -0.107163 -0.046500
v -0.051211 -0.107396 -0.046500
v -0.050775 -0.107685 -0.046500
v -0.050377 -0.108025 -0.046500
v -0.050025 -0.108412 -0.046500
v -0.049722 -0.108839 -0.046500
v -0.049475 -0.109300 -0.046500
v -0.049286 -0.109788 -0.046500
v -0.049158 -0.110296 -0.046500
v -0.049094 -0.110815 -0.046500
v -0.049094 -0.111338 -0.046500
v -0.049158 -0.111857 -0.046500
v -0.049286 -0.112365 -0.046500
v -0.049475 -0.112853 -0.046500
v -0.049722 -0.113314 -0.046500
v -0.050025 -0.113741 -0.046500
v -0.050377 -0.114128 -0.046500
v -0.050775 -0.114468 -0.046500
v -0.051211 -0.114757 -0.046500
v -0.051679 -0.114990 -0.046500
v -0.052173 -0.115164 -0.046500
v -0.052684 -0.115276 -0.046500
v -0.053205 -0.115324 -0.046500
v -0.053728 -0.115308 -0.046500
v -0.054245 -0.115228 -0.046500
v -0.054748 -0.115085 -0.046500
v -0.055230 -0.114881 -0.046500
v -0.055683 -0.114619 -0.046500
v -0.056101 -0.114304 -0.046500
v -0.056477 -0.113940 -0.046500
v -0.056805 -0.113532 -0.046500
v -0.057080 -0.113087 -0.046500
v -0.057299 -0.112612 -0.046500
v -0.057457 -0.112113 -0.046500
v -0.057554 -0.111599 -0.046500
v -0.057863 -0.117733 -0.046500
v -0.057251 -0.118110 -0.046500
v -0.056608 -0.118431 -0.046500
v -0.055939 -0.118694 -0.046500
v -0.055249 -0.118896 -0.046500
v -0.054543 -0.119035 -0.046500
v -0.053828 -0.119111 -0.046500
v -0.053110 -0.119123 -0.046500
v -0.052393 -0.119071 -0.046500
v -0.051683 -0.118955 -0.046500
v -0.050987 -0.118776 -0.046500
v -0.050309 -0.118536 -0.046500
v -0.049656 -0.118236 -0.046500
v -0.049032 -0.117879 -0.046500
v -0.048442 -0.117468 -0.046500
v -0.047891 -0.117006 -0.046500
v -0.047384 -0.116496 -0.046500
v -0.046924 -0.115944 -0.046500
v -0.046515 -0.115352 -0.046500
v -0.046161 -0.114727 -0.046500
v -0.045864 -0.114072 -0.046500
v -0.045626 -0.113394 -0.046500
v -0.045450 -0.112696 -0.046500
v -0.045337 -0.111987 -0.046500
v -0.045288 -0.111269 -0.046500
v -0.045303 -0.110551 -0.046500
v -0.045382 -0.109836 -0.046500
v -0.045524 -0.109131 -0.046500
v -0.045729 -0.108442 -0.046500
v -0.045994 -0.107774 -0.046500
v -0.091105 -0.095124 -0.046500
v -0.062487 -0.071111 -0.046500
v -0.084176 -0.077396 -0.043500
v -0.084144 -0.077794 -0.043500
v -0.084051 -0.078184 -0.043500
v -0.083898 -0.078553 -0.043500
v -0.083689 -0.078894 -0.043500
v -0.083429 -0.079199 -0.043500
v -0.083124 -0.079459 -0.043500
v -0.082783 -0.079668 -0.043500
v -0.082414 -0.079821 -0.043500
v -0.082024 -0.079914 -0.043500
v -0.081626 -0.079946 -0.043500
v -0.081227 -0.079914 -0.043500
v -0.080838 -0.079821 -0.043500
v -0.080468 -0.079668 -0.043500
v -0.080127 -0.079459 -0.043500
v -0.079822 -0.079199 -0.043500
v -0.079563 -0.078894 -0.043500
v -0.079354 -0.078553 -0.043500
v -0.079200 -0.078184 -0.043500
v -0.079107 -0.077794 -0.043500
v -0.079076 -0.077396 -0.043500
v -0.079107 -0.076997 -0.043500
v -0.079200 -0.076608 -0.043500
v -0.079354 -0.076238 -0.043500
v -0.079563 -0.075897 -0.043500
v -0.079822 -0.075592 -0.043500
v -0.080127 -0.075333 -0.043500
v -0.080468 -0.075123 -0.043500
v -0.080838 -0.074970 -0.043500
v -0.081227 -0.074877 -0.043500
v -0.081626 -0.074846 -0.043500
v -0.082024 -0.074877 -0.043500
v -0.082414 -0.074970 -0.043500
v -0.082783 -0.075123 -0.043500
v -0.083124 -0.075333 -0.043500
v -0.083429 -0.075592 -0.043500
v -0.083689 -0.075897 -0.043500
v -0.083898 -0.076238 -0.043500
v -0.084051 -0.076608 -0.043500
v -0.084144 -0.076997 -0.043500
v -0.084176 -0.077396 -0.046500
v -0.084144 -0.076997 -0.046500
v -0.084051 -0.076608 -0.046500
v -0.083898 -0.076238 -0.046500
v -0.083689 -0.075897 -0.046500
v -0.083429 -0.075592 -0.046500
v -0.083124 -0.075333 -0.046500
v -0.082783 -0.075123 -0.046500
v -0.082414 -0.074970 -0.046500
v -0.082024 -0.074877 -0.046500
v -0.081626 -0.074846 -0.046500
v -0.081227 -0.074877 -0.046500
v -0.080838 -0.074970 -0.046500
v -0.080468 -0.075123 -0.046500
v -0.080127 -0.075333 -0.046500
v -0.079822 -0.075592 -0.046500
v -0.079563 -0.075897 -0.046500
v -0.079354 -0.076238 -0.046500
v -0.079200 -0.076608 -0.046500
v -0.079107 -0.076997 -0.046500
v -0.079076 -0.077396 -0.046500
v -0.079107 -0.077794 -0.046500
v -0.079200 -0.078184 -0.046500
v -0.079354 -0.078553 -0.046500
v -0.079563 -0.078894 -0.046500
v -0.079822 -0.079199 -0.046500
v -0.080127 -0.079459 -0.046500
v -0.080468 -0.079668 -0.046500
v -0.080838 -0.079821 -0.046500
v -0.081227 -0.079914 -0.046500
v -0.081626 -0.079946 -0.046500
v -0.082024 -0.079914 -0.046500
v -0.082414 -0.079821 -0.046500
v -0.082783 -0.079668 -0.046500
v -0.083124 -0.079459 -0.046500
v -0.083429 -0.079199 -0.046500
v -0.083689 -0.078894 -0.046500
v -0.083898 -0.078553 -0.046500
v -0.084051 -0.078184 -0.046500
v -0.084144 -0.077794 -0.046500
v -0.083176 -0.077396 -0.043500
v -0.083144 -0.077708 -0.043500
v -0.083050 -0.078007 -0.043500
v -0.082898 -0.078281 -0.043500
v -0.082693 -0.078519 -0.043500
v -0.082445 -0.078711 -0.043500
v -0.082164 -0.078849 -0.043500
v -0.081860 -0.078928 -0.043500
v -0.081547 -0.078944 -0.043500
v -0.081237 -0.078896 -0.043500
v -0.080943 -0.078787 -0.043500
v -0.080677 -0.078621 -0.043500
v -0.080450 -0.078405 -0.043500
v -0.080270 -0.078148 -0.043500
v -0.080147 -0.077860 -0.043500
v -0.080084 -0.077552 -0.043500
v -0.080084 -0.077239 -0.043500
v -0.080147 -0.076932 -0.043500
v -0.080270 -0.076643 -0.043500
v -0.080450 -0.076386 -0.043500
v -0.080677 -0.076170 -0.043500
v -0.080943 -0.076004 -0.043500
v -0.081237 -0.075895 -0.043500
v -0.081547 -0.075848 -0.043500
v -0.081860 -0.075863 -0.043500
v -0.082164 -0.075942 -0.043500
v -0.082445 -0.076080 -0.043500
v -0.082693 -0.076272 -0.043500
v -0.082898 -0.076510 -0.043500
v -0.083050 -0.076784 -0.043500
v -0.083144 -0.077084 -0.043500
v -0.071669 -0.070020 -0.043500
v -0.071637 -0.070419 -0.043500
v -0.071544 -0.070808 -0.043500
v -0.071391 -0.071178 -0.043500
v -0.071182 -0.071519 -0.043500
v -0.070922 -0.071823 -0.043500
v -0.070618 -0.072083 -0.043500
v -0.070277 -0.072292 -0.043500
v -0.069907 -0.072445 -0.043500
v -0.069518 -0.072539 -0.043500
v -0.069119 -0.072570 -0.043500
v -0.068720 -0.072539 -0.043500
v -0.068331 -0.072445 -0.043500
v -0.067961 -0.072292 -0.043500
v -0.067620 -0.072083 -0.043500
v -0.067316 -0.071823 -0.043500
v -0.067056 -0.071519 -0.043500
v -0.066847 -0.071178 -0.043500
v -0.066694 -0.070808 -0.043500
v -0.066600 -0.070419 -0.043500
v -0.066569 -0.070020 -0.043500
v -0.066600 -0.069621 -0.043500
v -0.066694 -0.069232 -0.043500
v -0.066847 -0.068863 -0.043500
v -0.067056 -0.068521 -0.043500
v -0.067316 -0.068217 -0.043500
v -0.067620 -0.067957 -0.043500
v -0.067961 -0.067748 -0.043500
v -0.068331 -0.067595 -0.043500
v -0.068720 -0.067502 -0.043500
v -0.069119 -0.067470 -0.043500
v -0.069518 -0.067502 -0.043500
v -0.069907 -0.067595 -0.043500
v -0.070277 -0.067748 -0.043500
v -0.070618 -0.067957 -0.043500
v -0.070922 -0.068217 -0.043500
v -0.071182 -0.068521 -0.043500
v -0.071391 -0.068863 -0.043500
v -0.071544 -0.069232 -0.043500
v -0.071637 -0.069621 -0.043500
v -0.071669 -0.070020 -0.046500
v -0.071637 -0.069621 -0.046500
v -0.071544 -0.069232 -0.046500
v -0.071391 -0.068863 -0.046500
v -0.071182 -0.068521 -0.046500
v -0.070922 -0.068217 -0.046500
v -0.070618 -0.067957 -0.046500
v -0.070277 -0.067748 -0.046500
v -0.069907 -0.067595 -0.046500
v -0.069518 -0.067502 -0.046500
v -0.069119 -0.067470 -0.046500
v -0.068720 -0.067502 -0.046500
v -0.068331 -0.067595 -0.046500
v -0.067961 -0.067748 -0.046500
v -0.067620 -0.067957 -0.046500
v -0.067316 -0.068217 -0.046500
v -0.067056 -0.068521 -0.046500
v -0.066847 -0.068863 -0.046500
v -0.066694 -0.069232 -0.046500
v -0.066600 -0.069621 -0.046500
v -0.066569 -0.070020 -0.046500
v -0.066600 -0.070419 -0.046500
v -0.066694 -0.070808 -0.046500
v -0.066847 -0.071178 -0.046500
v -0.067056 -0.071519 -0.046500
v -0.067316 -0.071823 -0.046500
v -0.067620 -0.072083 -0.046500
v -0.067961 -0.072292 -0.046500
v -0.068331 -0.072445 -0.046500
v -0.068720 -0.072539 -0.046500
v -0.069119 -0.072570 -0.046500
v -0.069518 -0.072539 -0.046500
v -0.069907 -0.072445 -0.046500
v -0.070277 -0.072292 -0.046500
v -0.070618 -0.072083 -0.046500
v -0.070922 -0.071823 -0.046500
v -0.071182 -0.071519 -0.046500
v -0.071391 -0.071178 -0.046500
v -0.071544 -0.070808 -0.046500
v -0.071637 -0.070419 -0.046500
v -0.070669 -0.070020 -0.043500
v -0.070637 -0.070332 -0.043500
v -0.070543 -0.070632 -0.043500
v -0.070391 -0.070906 -0.043500
v -0.070187 -0.071144 -0.043500
v -0.069939 -0.071336 -0.043500
v -0.069657 -0.071474 -0.043500
v -0.069354 -0.071552 -0.043500
v -0.069040 -0.071568 -0.043500
v -0.068730 -0.071521 -0.043500
v -0.068436 -0.071412 -0.043500
v -0.068170 -0.071246 -0.043500
v -0.067943 -0.071030 -0.043500
v -0.067764 -0.070772 -0.043500
v -0.067640 -0.070484 -0.043500
v -0.067577 -0.070177 -0.043500
v -0.067577 -0.069863 -0.043500
v -0.067640 -0.069556 -0.043500
v -0.067764 -0.069268 -0.043500
v -0.067943 -0.069011 -0.043500
v -0.068170 -0.068795 -0.043500
v -0.068436 -0.068629 -0.043500
v -0.068730 -0.068520 -0.043500
v -0.069040 -0.068472 -0.043500
v -0.069354 -0.068488 -0.043500
v -0.069657 -0.068567 -0.043500
v -0.069939 -0.068705 -0.043500
v -0.070187 -0.068897 -0.043500
v -0.070391 -0.069135 -0.043500
v -0.070543 -0.069409 -0.043500
v -0.070637 -0.069708 -0.043500
v -0.093600 -0.088441 -0.043500
v -0.093568 -0.088840 -0.043500
v -0.093475 -0.089229 -0.043500
v -0.093322 -0.089598 -0.043500
v -0.093113 -0.089940 -0.043500
v -0.092853 -0.090244 -0.043500
v -0.092549 -0.090504 -0.043500
v -0.092207 -0.090713 -0.043500
v -0.091838 -0.090866 -0.043500
v -0.091449 -0.090959 -0.043500
v -0.091050 -0.090991 -0.043500
v -0.090651 -0.090959 -0.043500
v -0.090262 -0.090866 -0.043500
v -0.089892 -0.090713 -0.043500
v -0.089551 -0.090504 -0.043500
v -0.089247 -0.090244 -0.043500
v -0.088987 -0.089940 -0.043500
v -0.088778 -0.089598 -0.043500
v -0.088625 -0.089229 -0.043500
v -0.088531 -0.088840 -0.043500
v -0.088500 -0.088441 -0.043500
v -0.088531 -0.088042 -0.043500
v -0.088625 -0.087653 -0.043500
v -0.088778 -0.087283 -0.043500
v -0.088987 -0.086942 -0.043500
v -0.089247 -0.086638 -0.043500
v -0.089551 -0.086378 -0.043500
v -0.089892 -0.086169 -0.043500
v -0.090262 -0.086016 -0.043500
v -0.090651 -0.085922 -0.043500
v -0.091050 -0.085891 -0.043500
v -0.091449 -0.085922 -0.043500
v -0.091838 -0.086016 -0.043500
v -0.092207 -0.086169 -0.043500
v -0.092549 -0.086378 -0.043500
v -0.092853 -0.086638 -0.043500
v -0.093113 -0.086942 -0.043500
v -0.093322 -0.087283 -0.043500
v -0.093475 -0.087653 -0.043500
v -0.093568 -0.088042 -0.043500
v -0.093600 -0.088441 -0.046500
v -0.093568 -0.088042 -0.046500
v -0.093475 -0.087653 -0.046500
v -0.093322 -0.087283 -0.046500
v -0.093113 -0.086942 -0.046500
v -0.092853 -0.086638 -0.046500
v -0.092549 -0.086378 -0.046500
v -0.092207 -0.086169 -0.046500
v -0.091838 -0.086016 -0.046500
v -0.091449 -0.085922 -0.046500
v -0.091050 -0.085891 -0.046500
v -0.090651 -0.085922 -0.046500
v -0.090262 -0.086016 -0.046500
v -0.089892 -0.086169 -0.046500
v -0.089551 -0.086378 -0.046500
v -0.089247 -0.086638 -0.046500
v -0.088987 -0.086942 -0.046500
v -0.088778 -0.087283 -0.046500
v -0.088625 -0.087653 -0.046500
v -0.088531 -0.088042 -0.046500
v -0.088500 -0.088441 -0.046500
v -0.088531 -0.088840 -0.046500
v -0.088625 -0.089229 -0.046500
v -0.088778 -0.089598 -0.046500
v -0.088987 -0.089940 -0.046500
v -0.089247 -0.090244 -0.046500
v -0.089551 -0.090504 -0.046500
v -0.089892 -0.090713 -0.046500
v -0.090262 -0.090866 -0.046500
v -0.090651 -0.090959 -0.046500
v -0.091050 -0.090991 -0.046500
v -0.091449 -0.090959 -0.046500
v -0.091838 -0.090866 -0.046500
v -0.092207 -0.090713 -0.046500
v -0.092549 -0.090504 -0.046500
v -0.092853 -0.090244 -0.046500
v -0.093113 -0.089940 -0.046500
v -0.093322 -0.089598 -0.046500
v -0.093475 -0.089229 -0.046500
v -0.093568 -0.088840 -0.046500
v -0.092600 -0.088441 -0.043500
v -0.092568 -0.088753 -0.043500
v -0.092474 -0.089052 -0.043500
v -0.092322 -0.089326 -0.043500
v -0.092118 -0.089564 -0.043500
v -0.091870 -0.089756 -0.043500
v -0.091588 -0.089894 -0.043500
v -0.091284 -0.089973 -0.043500
v -0.090971 -0.089989 -0.043500
v -0.090661 -0.089941 -0.043500
v -0.090367 -0.089832 -0.043500
v -0.090101 -0.089666 -0.043500
v -0.089874 -0.089450 -0.043500
v -0.089695 -0.089193 -0.043500
v -0.089571 -0.088905 -0.043500
v -0.089508 -0.088598 -0.043500
v -0.089508 -0.088284 -0.043500
v -0.089571 -0.087977 -0.043500
v -0.089695 -0.087689 -0.043500
v -0.089874 -0.087431 -0.043500
v -0.090101 -0.087215 -0.043500
v -0.090367 -0.087049 -0.043500
v -0.090661 -0.086940 -0.043500
v -0.090971 -0.086893 -0.043500
v -0.091284 -0.086909 -0.043500
v -0.091588 -0.086987 -0.043500
v -0.091870 -0.087125 -0.043500
v -0.092118 -0.087317 -0.043500
v -0.092322 -0.087555 -0.043500
v -0.092474 -0.087830 -0.043500
v -0.092568 -0.088129 -0.043500
v -0.095459 -0.089124 -0.046500
v -0.094649 -0.087636 -0.046500
v -0.093787 -0.086178 -0.046500
v -0.092874 -0.084752 -0.046500
v -0.091910 -0.083359 -0.046500
v -0.090898 -0.082002 -0.046500
v -0.089837 -0.080681 -0.046500
v -0.088731 -0.079399 -0.046500
v -0.087579 -0.078157 -0.046500
v -0.086383 -0.076957 -0.046500
v -0.085146 -0.075801 -0.046500
v -0.083868 -0.074689 -0.046500
v -0.082552 -0.073624 -0.046500
v -0.081198 -0.072606 -0.046500
v -0.079809 -0.071637 -0.046500
v -0.078386 -0.070719 -0.046500
v -0.076931 -0.069851 -0.046500
v -0.075446 -0.069036 -0.046500
v -0.073933 -0.068275 -0.046500
v -0.072394 -0.067568 -0.046500
v -0.070831 -0.066916 -0.046500
v -0.069246 -0.066320 -0.046500
v -0.067640 -0.065781 -0.046500
v -0.070115 -0.068833 -0.021000
v -0.070334 -0.069058 -0.021000
v -0.070503 -0.069322 -0.021000
v -0.070615 -0.069615 -0.021000
v -0.070666 -0.069924 -0.021000
v -0.070654 -0.070238 -0.021000
v -0.070578 -0.070542 -0.021000
v -0.070443 -0.070825 -0.021000
v -0.070254 -0.071075 -0.021000
v -0.070019 -0.071282 -0.021000
v -0.069746 -0.071438 -0.021000
v -0.069448 -0.071535 -0.021000
v -0.069136 -0.071570 -0.021000
v -0.068824 -0.071542 -0.021000
v -0.068524 -0.071451 -0.021000
v -0.068248 -0.071302 -0.021000
v -0.068008 -0.071101 -0.021000
v -0.067813 -0.070855 -0.021000
v -0.067672 -0.070575 -0.021000
v -0.067589 -0.070272 -0.021000
v -0.067570 -0.069959 -0.021000
v -0.067614 -0.069649 -0.021000
v -0.067720 -0.069353 -0.021000
v -0.067883 -0.069085 -0.021000
v -0.068096 -0.068856 -0.021000
v -0.068351 -0.068674 -0.021000
v -0.068638 -0.068547 -0.021000
v -0.068945 -0.068480 -0.021000
v -0.069258 -0.068477 -0.021000
v -0.069566 -0.068536 -0.021000
v -0.069856 -0.068657 -0.021000
v -0.070115 -0.068833 -0.037875
v -0.070115 -0.068833 -0.032250
v -0.070115 -0.068833 -0.026625
v -0.070666 -0.069924 -0.037875
v -0.070666 -0.069924 -0.032250
v -0.070666 -0.069924 -0.026625
v -0.070654 -0.070238 -0.026625
v -0.070654 -0.070238 -0.032250
v -0.070654 -0.070238 -0.037875
v -0.070615 -0.069615 -0.037875
v -0.070615 -0.069615 -0.032250
v -0.070615 -0.069615 -0.026625
v -0.070503 -0.069322 -0.037875
v -0.070503 -0.069322 -0.032250
v -0.070503 -0.069322 -0.026625
v -0.070334 -0.069058 -0.037875
v -0.070334 -0.069058 -0.032250
v -0.070334 -0.069058 -0.026625
v -0.069856 -0.068657 -0.037875
v -0.069856 -0.068657 -0.032250
v -0.069856 -0.068657 -0.026625
v -0.069566 -0.068536 -0.037875
v -0.069566 -0.068536 -0.032250
v -0.069566 -0.068536 -0.026625
v -0.069258 -0.068477 -0.037875
v -0.069258 -0.068477 -0.032250
v -0.069258 -0.068477 -0.026625
v -0.068945 -0.068480 -0.037875
v -0.068945 -0.068480 -0.032250
v -0.068945 -0.068480 -0.026625
v -0.068638 -0.068547 -0.037875
v -0.068638 -0.068547 -0.032250
v -0.068638 -0.068547 -0.026625
v -0.068351 -0.068674 -0.037875
v -0.068351 -0.068674 -0.032250
v -0.068351 -0.068674 -0.026625
v -0.068096 -0.068856 -0.037875
v -0.068096 -0.068856 -0.032250
v -0.068096 -0.068856 -0.026625
v -0.067883 -0.069085 -0.037875
v -0.067883 -0.069085 -0.032250
v -0.067883 -0.069085 -0.026625
v -0.067720 -0.069353 -0.037875
v -0.067720 -0.069353 -0.032250
v -0.067720 -0.069353 -0.026625
v -0.067614 -0.069649 -0.037875
v -0.067614 -0.069649 -0.032250
v -0.067614 -0.069649 -0.026625
v -0.067570 -0.069959 -0.037875
v -0.067570 -0.069959 -0.032250
v -0.067570 -0.069959 -0.026625
v -0.067589 -0.070272 -0.037875
v -0.067589 -0.070272 -0.032250
v -0.067589 -0.070272 -0.026625
v -0.067672 -0.070575 -0.037875
v -0.067672 -0.070575 -0.032250
v -0.067672 -0.070575 -0.026625
v -0.067813 -0.070855 -0.037875
v -0.067813 -0.070855 -0.032250
v -0.067813 -0.070855 -0.026625
v -0.068008 -0.071101 -0.037875
v -0.068008 -0.071101 -0.032250
v -0.068008 -0.071101 -0.026625
v -0.068248 -0.071302 -0.037875
v -0.068248 -0.071302 -0.032250
v -0.068248 -0.071302 -0.026625
v -0.068524 -0.071451 -0.037875
v -0.068524 -0.071451 -0.032250
v -0.068524 -0.071451 -0.026625
v -0.068824 -0.071542 -0.037875
v -0.068824 -0.071542 -0.032250
v -0.068824 -0.071542 -0.026625
v -0.069136 -0.071570 -0.037875
v -0.069136 -0.071570 -0.032250
v -0.069136 -0.071570 -0.026625
v -0.069448 -0.071535 -0.037875
v -0.069448 -0.071535 -0.032250
v -0.069448 -0.071535 -0.026625
v -0.069746 -0.071438 -0.037875
v -0.069746 -0.071438 -0.032250
v -0.069746 -0.071438 -0.026625
v -0.070019 -0.071282 -0.037875
v -0.070019 -0.071282 -0.032250
v -0.070019 -0.071282 -0.026625
v -0.070254 -0.071075 -0.037875
v -0.070254 -0.071075 -0.032250
v -0.070254 -0.071075 -0.026625
v -0.070443 -0.070825 -0.037875
v -0.070443 -0.070825 -0.032250
v -0.070443 -0.070825 -0.026625
v -0.070578 -0.070542 -0.037875
v -0.070578 -0.070542 -0.032250
v -0.070578 -0.070542 -0.026625
v -0.092046 -0.087253 -0.021000
v -0.092265 -0.087478 -0.021000
v -0.092434 -0.087743 -0.021000
v -0.092546 -0.088035 -0.021000
v -0.092597 -0.088345 -0.021000
v -0.092584 -0.088658 -0.021000
v -0.092509 -0.088963 -0.021000
v -0.092374 -0.089246 -0.021000
v -0.092185 -0.089496 -0.021000
v -0.091949 -0.089703 -0.021000
v -0.091677 -0.089858 -0.021000
v -0.091379 -0.089955 -0.021000
v -0.091067 -0.089991 -0.021000
v -0.090755 -0.089962 -0.021000
v -0.090455 -0.089872 -0.021000
v -0.090179 -0.089723 -0.021000
v -0.089938 -0.089521 -0.021000
v -0.089744 -0.089275 -0.021000
v -0.089602 -0.088995 -0.021000
v -0.089520 -0.088693 -0.021000
v -0.089501 -0.088380 -0.021000
v -0.089545 -0.088069 -0.021000
v -0.089651 -0.087774 -0.021000
v -0.089813 -0.087506 -0.021000
v -0.090027 -0.087276 -0.021000
v -0.090282 -0.087094 -0.021000
v -0.090569 -0.086967 -0.021000
v -0.090876 -0.086901 -0.021000
v -0.091189 -0.086897 -0.021000
v -0.091497 -0.086957 -0.021000
v -0.091787 -0.087077 -0.021000
v -0.092046 -0.087253 -0.037875
v -0.092046 -0.087253 -0.032250
v -0.092046 -0.087253 -0.026625
v -0.092597 -0.088345 -0.037875
v -0.092597 -0.088345 -0.032250
v -0.092597 -0.088345 -0.026625
v -0.092584 -0.088658 -0.026625
v -0.092584 -0.088658 -0.032250
v -0.092584 -0.088658 -0.037875
v -0.092546 -0.088035 -0.037875
v -0.092546 -0.088035 -0.032250
v -0.092546 -0.088035 -0.026625
v -0.092434 -0.087743 -0.037875
v -0.092434 -0.087743 -0.032250
v -0.092434 -0.087743 -0.026625
v -0.092265 -0.087478 -0.037875
v -0.092265 -0.087478 -0.032250
v -0.092265 -0.087478 -0.026625
v -0.091787 -0.087077 -0.037875
v -0.091787 -0.087077 -0.032250
v -0.091787 -0.087077 -0.026625
v -0.091497 -0.086957 -0.037875
v -0.091497 -0.086957 -0.032250
v -0.091497 -0.086957 -0.026625
v -0.091189 -0.086897 -0.037875
v -0.091189 -0.086897 -0.032250
v -0.091189 -0.086897 -0.026625
v -0.090876 -0.086901 -0.037875
v -0.090876 -0.086901 -0.032250
v -0.090876 -0.086901 -0.026625
v -0.090569 -0.086967 -0.037875
v -0.090569 -0.086967 -0.032250
v -0.090569 -0.086967 -0.026625
v -0.090282 -0.087094 -0.037875
v -0.090282 -0.087094 -0.032250
v -0.090282 -0.087094 -0.026625
v -0.090027 -0.087276 -0.037875
v -0.090027 -0.087276 -0.032250
v -0.090027 -0.087276 -0.026625
v -0.089813 -0.087506 -0.037875
v -0.089813 -0.087506 -0.032250
v -0.089813 -0.087506 -0.026625
v -0.089651 -0.087774 -0.037875
v -0.089651 -0.087774 -0.032250
v -0.089651 -0.087774 -0.026625
v -0.089545 -0.088069 -0.037875
v -0.089545 -0.088069 -0.032250
v -0.089545 -0.088069 -0.026625
v -0.089501 -0.088380 -0.037875
v -0.089501 -0.088380 -0.032250
v -0.089501 -0.088380 -0.026625
v -0.089520 -0.088693 -0.037875
v -0.089520 -0.088693 -0.032250
v -0.089520 -0.088693 -0.026625
v -0.089602 -0.088995 -0.037875
v -0.089602 -0.088995 -0.032250
v -0.089602 -0.088995 -0.026625
v -0.089744 -0.089275 -0.037875
v -0.089744 -0.089275 -0.032250
v -0.089744 -0.089275 -0.026625
v -0.089938 -0.089521 -0.037875
v -0.089938 -0.089521 -0.032250
v -0.089938 -0.089521 -0.026625
v -0.090179 -0.089723 -0.037875
v -0.090179 -0.089723 -0.032250
v -0.090179 -0.089723 -0.026625
v -0.090455 -0.089872 -0.037875
v -0.090455 -0.089872 -0.032250
v -0.090455 -0.089872 -0.026625
v -0.090755 -0.089962 -0.037875
v -0.090755 -0.089962 -0.032250
v -0.090755 -0.089962 -0.026625
v -0.091067 -0.089991 -0.037875
v -0.091067 -0.089991 -0.032250
v -0.091067 -0.089991 -0.026625
v -0.091379 -0.089955 -0.037875
v -0.091379 -0.089955 -0.032250
v -0.091379 -0.089955 -0.026625
v -0.091677 -0.089858 -0.037875
v -0.091677 -0.089858 -0.032250
v -0.091677 -0.089858 -0.026625
v -0.091949 -0.089703 -0.037875
v -0.091949 -0.089703 -0.032250
v -0.091949 -0.089703 -0.026625
v -0.092185 -0.089496 -0.037875
v -0.092185 -0.089496 -0.032250
v -0.092185 -0.089496 -0.026625
v -0.092374 -0.089246 -0.037875
v -0.092374 -0.089246 -0.032250
v -0.092374 -0.089246 -0.026625
v -0.092509 -0.088963 -0.037875
v -0.092509 -0.088963 -0.032250
v -0.092509 -0.088963 -0.026625
v -0.082622 -0.076208 -0.021000
v -0.082841 -0.076433 -0.021000
v -0.083009 -0.076697 -0.021000
v -0.083122 -0.076990 -0.021000
v -0.083173 -0.077300 -0.021000
v -0.083160 -0.077613 -0.021000
v -0.083085 -0.077917 -0.021000
v -0.082950 -0.078201 -0.021000
v -0.082761 -0.078451 -0.021000
v -0.082525 -0.078658 -0.021000
v -0.082253 -0.078813 -0.021000
v -0.081955 -0.078910 -0.021000
v -0.081643 -0.078945 -0.021000
v -0.081331 -0.078917 -0.021000
v -0.081030 -0.078827 -0.021000
v -0.080755 -0.078678 -0.021000
v -0.080514 -0.078476 -0.021000
v -0.080320 -0.078230 -0.021000
v -0.080178 -0.077950 -0.021000
v -0.080096 -0.077647 -0.021000
v -0.080077 -0.077334 -0.021000
v -0.080121 -0.077024 -0.021000
v -0.080226 -0.076729 -0.021000
v -0.080389 -0.076461 -0.021000
v -0.080603 -0.076231 -0.021000
v -0.080858 -0.076049 -0.021000
v -0.081145 -0.075922 -0.021000
v -0.081451 -0.075855 -0.021000
v -0.081765 -0.075852 -0.021000
v -0.082073 -0.075911 -0.021000
v -0.082362 -0.076032 -0.021000
v -0.082622 -0.076208 -0.037875
v -0.082622 -0.076208 -0.032250
v -0.082622 -0.076208 -0.026625
v -0.083173 -0.077300 -0.037875
v -0.083173 -0.077300 -0.032250
v -0.083173 -0.077300 -0.026625
v -0.083160 -0.077613 -0.026625
v -0.083160 -0.077613 -0.032250
v -0.083160 -0.077613 -0.037875
v -0.083122 -0.076990 -0.037875
v -0.083122 -0.076990 -0.032250
v -0.083122 -0.076990 -0.026625
v -0.083009 -0.076697 -0.037875
v -0.083009 -0.076697 -0.032250
v -0.083009 -0.076697 -0.026625
v -0.082841 -0.076433 -0.037875
v -0.082841 -0.076433 -0.032250
v -0.082841 -0.076433 -0.026625
v -0.082362 -0.076032 -0.037875
v -0.082362 -0.076032 -0.032250
v -0.082362 -0.076032 -0.026625
v -0.082073 -0.075911 -0.037875
v -0.082073 -0.075911 -0.032250
v -0.082073 -0.075911 -0.026625
v -0.081765 -0.075852 -0.037875
v -0.081765 -0.075852 -0.032250
v -0.081765 -0.075852 -0.026625
v -0.081451 -0.075855 -0.037875
v -0.081451 -0.075855 -0.032250
v -0.081451 -0.075855 -0.026625
v -0.081145 -0.075922 -0.037875
v -0.081145 -0.075922 -0.032250
v -0.081145 -0.075922 -0.026625
v -0.080858 -0.076049 -0.037875
v -0.080858 -0.076049 -0.032250
v -0.080858 -0.076049 -0.026625
v -0.080603 -0.076231 -0.037875
v -0.080603 -0.076231 -0.032250
v -0.080603 -0.076231 -0.026625
v -0.080389 -0.076461 -0.037875
v -0.080389 -0.076461 -0.032250
v -0.080389 -0.076461 -0.026625
v -0.080226 -0.076729 -0.037875
v -0.080226 -0.076729 -0.032250
v -0.080226 -0.076729 -0.026625
v -0.080121 -0.077024 -0.037875
v -0.080121 -0.077024 -0.032250
v -0.080121 -0.077024 -0.026625
v -0.080077 -0.077334 -0.037875
v -0.080077 -0.077334 -0.032250
v -0.080077 -0.077334 -0.026625
v -0.080096 -0.077647 -0.037875
v -0.080096 -0.077647 -0.032250
v -0.080096 -0.077647 -0.026625
v -0.080178 -0.077950 -0.037875
v -0.080178 -0.077950 -0.032250
v -0.080178 -0.077950 -0.026625
v -0.080320 -0.078230 -0.037875
v -0.080320 -0.078230 -0.032250
v -0.080320 -0.078230 -0.026625
v -0.080514 -0.078476 -0.037875
v -0.080514 -0.078476 -0.032250
v -0.080514 -0.078476 -0.026625
v -0.080755 -0.078678 -0.037875
v -0.080755 -0.078678 -0.032250
v -0.080755 -0.078678 -0.026625
v -0.081030 -0.078827 -0.037875
v -0.081030 -0.078827 -0.032250
v -0.081030 -0.078827 -0.026625
v -0.081331 -0.078917 -0.037875
v -0.081331 -0.078917 -0.032250
v -0.081331 -0.078917 -0.026625
v -0.081643 -0.078945 -0.037875
v -0.081643 -0.078945 -0.032250
v -0.081643 -0.078945 -0.026625
v -0.081955 -0.078910 -0.037875
v -0.081955 -0.078910 -0.032250
v -0.081955 -0.078910 -0.026625
v -0.082253 -0.078813 -0.037875
v -0.082253 -0.078813 -0.032250
v -0.082253 -0.078813 -0.026625
v -0.082525 -0.078658 -0.037875
v -0.082525 -0.078658 -0.032250
v -0.082525 -0.078658 -0.026625
v -0.082761 -0.078451 -0.037875
v -0.082761 -0.078451 -0.032250
v -0.082761 -0.078451 -0.026625
v -0.082950 -0.078201 -0.037875
v -0.082950 -0.078201 -0.032250
v -0.082950 -0.078201 -0.026625
v -0.083085 -0.077917 -0.037875
v -0.083085 -0.077917 -0.032250
v -0.083085 -0.077917 -0.026625
v -0.062487 -0.071111 -0.021000
v -0.064055 -0.071503 -0.021000
v -0.065607 -0.071956 -0.021000
v -0.067139 -0.072470 -0.021000
v -0.068649 -0.073044 -0.021000
v -0.070136 -0.073677 -0.021000
v -0.071597 -0.074368 -0.021000
v -0.073030 -0.075116 -0.021000
v -0.074431 -0.075920 -0.021000
v -0.075801 -0.076779 -0.021000
v -0.077135 -0.077691 -0.021000
v -0.078432 -0.078654 -0.021000
v -0.079690 -0.079669 -0.021000
v -0.080907 -0.080732 -0.021000
v -0.082082 -0.081842 -0.021000
v -0.083212 -0.082997 -0.021000
v -0.084295 -0.084196 -0.021000
v -0.085330 -0.085437 -0.021000
v -0.086316 -0.086718 -0.021000
v -0.087250 -0.088037 -0.021000
v -0.088132 -0.089391 -0.021000
v -0.088959 -0.090779 -0.021000
v -0.089731 -0.092199 -0.021000
v -0.090447 -0.093648 -0.021000
v -0.091105 -0.095124 -0.021000
v -0.067640 -0.065781 -0.021000
v -0.095459 -0.089124 -0.021000
v -0.094649 -0.087636 -0.021000
v -0.093787 -0.086178 -0.021000
v -0.092874 -0.084752 -0.021000
v -0.091910 -0.083359 -0.021000
v -0.090898 -0.082002 -0.021000
v -0.089837 -0.080681 -0.021000
v -0.088731 -0.079399 -0.021000
v -0.087579 -0.078157 -0.021000
v -0.086383 -0.076957 -0.021000
v -0.085146 -0.075801 -0.021000
v -0.083868 -0.074689 -0.021000
v -0.082552 -0.073624 -0.021000
v -0.081198 -0.072606 -0.021000
v -0.079809 -0.071637 -0.021000
v -0.078386 -0.070719 -0.021000
v -0.076931 -0.069851 -0.021000
v -0.075446 -0.069036 -0.021000
v -0.073933 -0.068275 -0.021000
v -0.072394 -0.067568 -0.021000
v -0.070831 -0.066916 -0.021000
v -0.069246 -0.066320 -0.021000
vt 1.737823 1.555888 0.000000
vt 1.910157 1.569616 0.000000
vt 1.740963 1.595779 0.000000
vt 1.910157 1.621942 0.000000
vt 1.737823 1.635670 0.000000
vt 1.903726 1.673873 0.000000
vt 1.728482 1.674578 0.000000
vt 1.890963 1.724619 0.000000
vt 1.872060 1.773412 0.000000
vt 1.903726 1.517686 0.000000
vt 1.728482 1.516980 0.000000
vt 1.890963 1.466939 0.000000
vt 1.872060 1.418146 0.000000
vt 1.713169 1.480012 0.000000
vt 1.847305 1.372045 0.000000
vt 1.692262 1.445894 0.000000
vt 1.817072 1.329336 0.000000
vt 1.666275 1.415467 0.000000
vt 1.781820 1.290667 0.000000
vt 1.742082 1.256622 0.000000
vt 1.635848 1.389480 0.000000
vt 1.698463 1.227718 0.000000
vt 1.601730 1.368572 0.000000
vt 1.651622 1.204394 0.000000
vt 1.564762 1.353260 0.000000
vt 1.602269 1.187003 0.000000
vt 1.525853 1.343919 0.000000
vt 1.551154 1.175809 0.000000
vt 1.499051 1.170981 0.000000
vt 1.485963 1.340779 0.000000
vt 1.446749 1.172592 0.000000
vt 1.446072 1.343919 0.000000
vt 1.395041 1.180619 0.000000
vt 1.407163 1.353260 0.000000
vt 1.344712 1.194938 0.000000
vt 1.370195 1.368572 0.000000
vt 1.296524 1.215335 0.000000
vt 1.251207 1.241498 0.000000
vt 1.336077 1.389480 0.000000
vt 1.209450 1.273032 0.000000
vt 1.305650 1.415467 0.000000
vt 1.171884 1.309458 0.000000
vt 1.279663 1.445894 0.000000
vt 1.139079 1.350225 0.000000
vt 1.111532 1.394714 0.000000
vt 1.258756 1.480012 0.000000
vt 1.089662 1.442251 0.000000
vt 1.243443 1.516980 0.000000
vt 1.073799 1.492116 0.000000
vt 1.234102 1.555888 0.000000
vt 1.064184 1.543552 0.000000
vt 1.230963 1.595779 0.000000
vt 1.060963 1.595779 0.000000
vt 1.064184 1.648007 0.000000
vt 1.234102 1.635670 0.000000
vt 1.073799 1.699442 0.000000
vt 1.243443 1.674578 0.000000
vt 1.089662 1.749307 0.000000
vt 1.258756 1.711547 0.000000
vt 1.111532 1.796844 0.000000
vt 1.279663 1.745664 0.000000
vt 1.139079 1.841333 0.000000
vt 1.171884 1.882100 0.000000
vt 1.305650 1.776091 0.000000
vt 1.209450 1.918526 0.000000
vt 1.336077 1.802078 0.000000
vt 1.251207 1.950060 0.000000
vt 1.370195 1.822986 0.000000
vt 1.296524 1.976224 0.000000
vt 1.344712 1.996620 0.000000
vt 1.407163 1.838299 0.000000
vt 1.395041 2.010940 0.000000
vt 1.446072 1.847640 0.000000
vt 1.446749 2.018966 0.000000
vt 1.485963 1.850779 0.000000
vt 1.499051 2.020578 0.000000
vt 1.525853 1.847640 0.000000
vt 1.551154 2.015749 0.000000
vt 1.602269 2.004555 0.000000
vt 1.564762 1.838299 0.000000
vt 1.651622 1.987164 0.000000
vt 1.601730 1.822986 0.000000
vt 1.698463 1.963840 0.000000
vt 1.635848 1.802078 0.000000
vt 1.742082 1.934936 0.000000
vt 1.666275 1.776091 0.000000
vt 1.781820 1.900892 0.000000
vt 1.817072 1.862222 0.000000
vt 1.692262 1.745664 0.000000
vt 1.847305 1.819513 0.000000
vt 1.713169 1.711547 0.000000
vt 0.100000 -0.761051 0.000000
vt -0.000000 -0.761051 0.000000
vt 0.100000 -0.801106 0.000000
vt 0.000000 -0.801106 0.000000
vt 0.100000 0.801106 0.000000
vt 0.000000 0.801106 0.000000
vt 0.100000 0.761051 0.000000
vt -0.000000 0.761051 0.000000
vt 0.000000 0.720996 0.000000
vt 0.100000 -0.720996 0.000000
vt 0.000000 -0.720996 0.000000
vt 0.100000 -0.680940 0.000000
vt 0.000000 -0.680940 0.000000
vt 0.100000 -0.640885 0.000000
vt 0.000000 -0.640885 0.000000
vt 0.100000 -0.600830 0.000000
vt 0.000000 -0.600830 0.000000
vt 0.100000 -0.560774 0.000000
vt -0.000000 -0.560774 0.000000
vt 0.100000 -0.520719 0.000000
vt 0.000000 -0.520719 0.000000
vt 0.100000 -0.480664 0.000000
vt -0.000000 -0.480664 0.000000
vt 0.100000 -0.440608 0.000000
vt 0.000000 -0.440608 0.000000
vt 0.100000 -0.400553 0.000000
vt 0.000000 -0.400553 0.000000
vt 0.100000 -0.360498 0.000000
vt 0.000000 -0.360498 0.000000
vt 0.100000 -0.320442 0.000000
vt -0.000000 -0.320442 0.000000
vt 0.100000 -0.280387 0.000000
vt 0.000000 -0.280387 0.000000
vt 0.100000 -0.240332 0.000000
vt -0.000000 -0.240332 0.000000
vt 0.100000 -0.200277 0.000000
vt 0.000000 -0.200277 0.000000
vt 0.100000 -0.160221 0.000000
vt 0.000000 -0.160221 0.000000
vt 0.100000 -0.120166 0.000000
vt 0.000000 -0.120166 0.000000
vt 0.100000 -0.080111 0.000000
vt 0.000000 -0.080111 0.000000
vt 0.100000 -0.040055 0.000000
vt -0.000000 -0.040055 0.000000
vt 0.100000 0.000000 0.000000
vt 0.000000 0.000000 0.000000
vt 0.100000 0.040055 0.000000
vt -0.000000 0.040055 0.000000
vt 0.100000 0.080111 0.000000
vt 0.000000 0.080111 0.000000
vt 0.100000 0.120166 0.000000
vt 0.000000 0.120166 0.000000
vt 0.100000 0.160221 0.000000
vt 0.000000 0.160221 0.000000
vt 0.100000 0.200277 0.000000
vt 0.000000 0.200277 0.000000
vt 0.100000 0.240332 0.000000
vt -0.000000 0.240332 0.000000
vt 0.100000 0.280387 0.000000
vt 0.000000 0.280387 0.000000
vt 0.100000 0.320442 0.000000
vt -0.000000 0.320442 0.000000
vt 0.100000 0.360498 0.000000
vt 0.000000 0.360498 0.000000
vt 0.100000 0.400553 0.000000
vt 0.000000 0.400553 0.000000
vt 0.100000 0.440608 0.000000
vt 0.000000 0.440608 0.000000
vt 0.100000 0.480664 0.000000
vt -0.000000 0.480664 0.000000
vt 0.100000 0.520719 0.000000
vt 0.000000 0.520719 0.000000
vt 0.100000 0.560774 0.000000
vt -0.000000 0.560774 0.000000
vt 0.100000 0.600830 0.000000
vt 0.000000 0.600830 0.000000
vt 0.100000 0.640885 0.000000
vt 0.000000 0.640885 0.000000
vt 0.100000 0.680940 0.000000
vt 0.000000 0.680940 0.000000
vt 0.100000 0.720996 0.000000
vt -1.737823 1.635670 0.000000
vt -2.285802 1.686786 0.000000
vt -1.740963 1.595779 0.000000
vt -2.290732 1.615062 0.000000
vt -2.289243 1.543185 0.000000
vt -1.728482 1.674578 0.000000
vt -2.256894 1.827489 0.000000
vt -2.274493 1.757784 0.000000
vt -1.713169 1.711547 0.000000
vt -2.203440 1.960815 0.000000
vt -2.233147 1.895347 0.000000
vt -2.168010 2.023372 0.000000
vt -1.692262 1.745664 0.000000
vt -2.127141 2.082519 0.000000
vt -2.081158 2.137783 0.000000
vt -1.666275 1.776091 0.000000
vt -2.030427 2.188724 0.000000
vt -1.975354 2.234936 0.000000
vt -1.635848 1.802078 0.000000
vt -1.916377 2.276050 0.000000
vt -1.853968 2.311738 0.000000
vt -1.601730 1.822986 0.000000
vt -1.788623 2.341716 0.000000
vt -1.564762 1.838299 0.000000
vt -1.720865 2.365744 0.000000
vt -1.651232 2.383631 0.000000
vt -1.525853 1.847640 0.000000
vt -1.580282 2.395234 0.000000
vt -1.508579 2.400461 0.000000
vt -1.485963 1.850779 0.000000
vt -1.436696 2.399270 0.000000
vt -1.446072 1.847640 0.000000
vt -1.365206 2.391670 0.000000
vt -1.294679 2.377723 0.000000
vt -1.407163 1.838299 0.000000
vt -1.225678 2.357538 0.000000
vt -1.370195 1.822986 0.000000
vt -1.158752 2.331278 0.000000
vt -1.094437 2.299151 0.000000
vt -1.336077 1.802078 0.000000
vt -1.033244 2.261415 0.000000
vt -1.305650 1.776091 0.000000
vt -1.279663 1.745664 0.000000
vt -1.258756 1.711547 0.000000
vt -1.243443 1.674578 0.000000
vt -1.234102 1.635670 0.000000
vt -1.230963 1.595779 0.000000
vt -1.234102 1.555888 0.000000
vt 2.290963 0.000525 0.000000
vt -1.243443 1.516980 0.000000
vt 2.225162 -0.147079 0.000000
vt -1.258756 1.480012 0.000000
vt 2.153596 -0.291975 0.000000
vt 2.076375 -0.433938 0.000000
vt 1.993619 -0.572748 0.000000
vt 1.905458 -0.708189 0.000000
vt 1.812027 -0.840050 0.000000
vt -1.279663 1.445894 0.000000
vt 1.713473 -0.968127 0.000000
vt 1.609948 -1.092220 0.000000
vt 1.501612 -1.212137 0.000000
vt 1.388636 -1.327692 0.000000
vt -1.305650 1.415467 0.000000
vt 1.271193 -1.438705 0.000000
vt 1.149467 -1.545003 0.000000
vt 1.023646 -1.646422 0.000000
vt 0.893926 -1.742803 0.000000
vt -1.336077 1.389480 0.000000
vt 0.760508 -1.833998 0.000000
vt 0.623601 -1.919863 0.000000
vt 0.483416 -2.000267 0.000000
vt 0.340171 -2.075084 0.000000
vt -1.370195 1.368572 0.000000
vt 0.194089 -2.144198 0.000000
vt 0.045397 -2.207501 0.000000
vt -0.105675 -2.264895 0.000000
vt -1.407163 1.353260 0.000000
vt -0.258890 -2.316291 0.000000
vt -0.414012 -2.361609 0.000000
vt -0.570800 -2.400779 0.000000
vt -1.446072 1.343919 0.000000
vt -1.485963 1.340779 0.000000
vt -1.525853 1.343919 0.000000
vt -2.220100 1.265525 0.000000
vt -1.564762 1.353260 0.000000
vt -1.601730 1.368572 0.000000
vt -1.635848 1.389480 0.000000
vt -1.666275 1.415467 0.000000
vt -1.692262 1.445894 0.000000
vt -1.713169 1.480012 0.000000
vt -1.728482 1.516980 0.000000
vt -2.246637 1.332341 0.000000
vt -2.267107 1.401258 0.000000
vt -1.737823 1.555888 0.000000
vt -2.281347 1.471727 0.000000
vt 0.100000 -1.282817 0.000000
vt 0.000000 -1.282817 0.000000
vt 0.100000 -1.335177 0.000000
vt 0.000000 -1.335177 0.000000
vt 0.100000 1.335177 0.000000
vt 0.000000 1.335177 0.000000
vt 0.100000 1.282817 0.000000
vt 0.000000 1.282817 0.000000
vt 0.100000 1.230457 0.000000
vt -0.000000 1.230457 0.000000
vt 0.100000 1.178097 0.000000
vt -0.000000 1.178097 0.000000
vt 0.100000 1.125737 0.000000
vt 0.000000 1.125737 0.000000
vt 0.100000 1.073377 0.000000
vt 0.000000 1.073377 0.000000
vt 0.100000 1.021018 0.000000
vt 0.000000 1.021018 0.000000
vt 0.100000 0.968658 0.000000
vt 0.000000 0.968658 0.000000
vt 0.100000 0.916298 0.000000
vt -0.000000 0.916298 0.000000
vt 0.100000 0.863938 0.000000
vt 0.000000 0.863938 0.000000
vt 0.100000 0.811578 0.000000
vt 0.000000 0.811578 0.000000
vt 0.100000 0.759218 0.000000
vt -0.000000 0.759218 0.000000
vt 0.100000 0.706858 0.000000
vt -0.000000 0.706858 0.000000
vt 0.100000 0.654498 0.000000
vt 0.000000 0.654498 0.000000
vt 0.100000 0.602139 0.000000
vt -0.000000 0.602139 0.000000
vt 0.100000 0.549779 0.000000
vt -0.000000 0.549779 0.000000
vt 0.100000 0.497419 0.000000
vt -0.000000 0.497419 0.000000
vt 0.100000 0.445059 0.000000
vt -0.000000 0.445059 0.000000
vt 0.100000 0.392699 0.000000
vt 0.000000 0.392699 0.000000
vt 0.100000 0.340339 0.000000
vt 0.000000 0.340339 0.000000
vt 0.100000 0.287979 0.000000
vt 0.000000 0.287979 0.000000
vt 0.100000 0.235619 0.000000
vt 0.000000 0.235619 0.000000
vt 0.100000 0.183260 0.000000
vt 0.000000 0.183260 0.000000
vt 0.100000 0.130900 0.000000
vt -0.000000 0.130900 0.000000
vt 0.100000 0.078540 0.000000
vt -0.000000 0.078540 0.000000
vt 0.100000 0.026180 0.000000
vt -0.000000 0.026180 0.000000
vt 0.100000 -0.026180 0.000000
vt -0.000000 -0.026180 0.000000
vt 0.100000 -0.078540 0.000000
vt -0.000000 -0.078540 0.000000
vt 0.100000 -0.130900 0.000000
vt -0.000000 -0.130900 0.000000
vt 0.100000 -0.183260 0.000000
vt 0.000000 -0.183260 0.000000
vt 0.100000 -0.235619 0.000000
vt 0.000000 -0.235619 0.000000
vt 0.100000 -0.287979 0.000000
vt 0.000000 -0.287979 0.000000
vt 0.100000 -0.340339 0.000000
vt 0.000000 -0.340339 0.000000
vt 0.100000 -0.392699 0.000000
vt 0.000000 -0.392699 0.000000
vt 0.100000 -0.445059 0.000000
vt 0.000000 -0.445059 0.000000
vt 0.100000 -0.497419 0.000000
vt -0.000000 -0.497419 0.000000
vt 0.100000 -0.549779 0.000000
vt -0.000000 -0.549779 0.000000
vt 0.100000 -0.602139 0.000000
vt -0.000000 -0.602139 0.000000
vt 0.100000 -0.654498 0.000000
vt 0.000000 -0.654498 0.000000
vt 0.100000 -0.706858 0.000000
vt -0.000000 -0.706858 0.000000
vt 0.100000 -0.759218 0.000000
vt -0.000000 -0.759218 0.000000
vt 0.100000 -0.811578 0.000000
vt 0.000000 -0.811578 0.000000
vt 0.100000 -0.863938 0.000000
vt 0.000000 -0.863938 0.000000
vt 0.100000 -0.916298 0.000000
vt -0.000000 -0.916298 0.000000
vt 0.100000 -0.968658 0.000000
vt 0.000000 -0.968658 0.000000
vt 0.100000 -1.021018 0.000000
vt 0.000000 -1.021018 0.000000
vt 0.100000 -1.073377 0.000000
vt 0.000000 -1.073377 0.000000
vt 0.100000 -1.125737 0.000000
vt -0.000000 -1.125737 0.000000
vt 0.100000 -1.178097 0.000000
vt -0.000000 -1.178097 0.000000
vt 0.100000 -1.230457 0.000000
vt -0.000000 -1.230457 0.000000
vt -0.200000 -1.745289 0.000000
vt -0.000000 -1.745289 0.000000
vt -0.200000 -1.673372 0.000000
vt -0.000000 -1.673372 0.000000
vt -0.200000 -1.601456 0.000000
vt -0.000000 -1.601456 0.000000
vt -0.200000 -1.529539 0.000000
vt -0.000000 -1.529539 0.000000
vt -0.200000 -1.457622 0.000000
vt -0.000000 -1.457622 0.000000
vt -0.200000 -1.385705 0.000000
vt -0.000000 -1.385705 0.000000
vt -0.200000 -1.313788 0.000000
vt -0.000000 -1.313788 0.000000
vt -0.200000 -1.241871 0.000000
vt -0.000000 -1.241871 0.000000
vt -0.200000 -1.169955 0.000000
vt -0.000000 -1.169955 0.000000
vt -0.200000 -1.098038 0.000000
vt -0.000000 -1.098038 0.000000
vt -0.200000 -1.026121 0.000000
vt -0.000000 -1.026121 0.000000
vt -0.200000 -0.954204 0.000000
vt -0.000000 -0.954204 0.000000
vt -0.200000 -0.882287 0.000000
vt -0.000000 -0.882287 0.000000
vt -0.200000 -0.810370 0.000000
vt -0.000000 -0.810370 0.000000
vt -0.200000 -0.738453 0.000000
vt -0.000000 -0.738453 0.000000
vt -0.200000 -0.666537 0.000000
vt -0.000000 -0.666537 0.000000
vt -0.200000 -0.594620 0.000000
vt -0.000000 -0.594620 0.000000
vt -0.200000 -0.522703 0.000000
vt -0.000000 -0.522703 0.000000
vt -0.200000 -0.450786 0.000000
vt -0.000000 -0.450786 0.000000
vt -0.200000 -0.378869 0.000000
vt -0.000000 -0.378869 0.000000
vt -0.200000 -0.306952 0.000000
vt -0.000000 -0.306952 0.000000
vt -0.200000 -0.235035 0.000000
vt -0.000000 -0.235035 0.000000
vt -0.200000 -0.163119 0.000000
vt -0.000000 -0.163119 0.000000
vt -0.200000 -0.091202 0.000000
vt -0.000000 -0.091202 0.000000
vt -0.200000 -0.019285 0.000000
vt -0.000000 -0.019285 0.000000
vt -0.200000 0.052632 0.000000
vt -0.000000 0.052632 0.000000
vt -0.200000 0.124549 0.000000
vt -0.000000 0.124549 0.000000
vt -0.200000 0.196466 0.000000
vt -0.000000 0.196466 0.000000
vt -0.200000 0.268382 0.000000
vt -0.000000 0.268382 0.000000
vt -0.200000 0.340299 0.000000
vt -0.000000 0.340299 0.000000
vt 0.000000 0.000000 0.000000
vt 4.020196 0.000000 0.000000
vt 0.000000 0.200000 0.000000
vt 4.020196 0.200000 0.000000
vt 0.000000 0.000000 0.000000
vt 4.020196 0.000000 0.000000
vt 0.000000 0.200000 0.000000
vt 4.020196 0.200000 0.000000
vt 0.300000 -0.761051 0.000000
vt 0.000000 -0.761051 0.000000
vt 0.300000 -0.801106 0.000000
vt 0.000000 -0.801106 0.000000
vt 0.300000 0.801106 0.000000
vt 0.000000 0.801106 0.000000
vt 0.300000 0.761051 0.000000
vt 0.000000 0.761051 0.000000
vt 0.000000 0.720996 0.000000
vt 0.300000 -0.720996 0.000000
vt 0.000000 -0.720996 0.000000
vt 0.300000 -0.680940 0.000000
vt 0.000000 -0.680940 0.000000
vt 0.300000 -0.640885 0.000000
vt 0.000000 -0.640885 0.000000
vt 0.300000 -0.600830 0.000000
vt 0.000000 -0.600830 0.000000
vt 0.300000 -0.560774 0.000000
vt 0.000000 -0.560774 0.000000
vt 0.300000 -0.520719 0.000000
vt 0.000000 -0.520719 0.000000
vt 0.300000 -0.480664 0.000000
vt 0.000000 -0.480664 0.000000
vt 0.300000 -0.440608 0.000000
vt 0.000000 -0.440608 0.000000
vt 0.300000 -0.400553 0.000000
vt 0.000000 -0.400553 0.000000
vt 0.300000 -0.360498 0.000000
vt 0.000000 -0.360498 0.000000
vt 0.300000 -0.320442 0.000000
vt 0.000000 -0.320442 0.000000
vt 0.300000 -0.280387 0.000000
vt 0.000000 -0.280387 0.000000
vt 0.300000 -0.240332 0.000000
vt 0.000000 -0.240332 0.000000
vt 0.300000 -0.200277 0.000000
vt 0.000000 -0.200277 0.000000
vt 0.300000 -0.160221 0.000000
vt 0.000000 -0.160221 0.000000
vt 0.300000 -0.120166 0.000000
vt 0.000000 -0.120166 0.000000
vt 0.300000 -0.080111 0.000000
vt 0.000000 -0.080111 0.000000
vt 0.300000 -0.040055 0.000000
vt 0.000000 -0.040055 0.000000
vt 0.300000 0.000000 0.000000
vt 0.000000 0.000000 0.000000
vt 0.300000 0.040055 0.000000
vt 0.000000 0.040055 0.000000
vt 0.300000 0.080111 0.000000
vt 0.000000 0.080111 0.000000
vt 0.300000 0.120166 0.000000
vt 0.000000 0.120166 0.000000
vt 0.300000 0.160221 0.000000
vt 0.000000 0.160221 0.000000
vt 0.300000 0.200277 0.000000
vt 0.000000 0.200277 0.000000
vt 0.300000 0.240332 0.000000
vt 0.000000 0.240332 0.000000
vt 0.300000 0.280387 0.000000
vt 0.000000 0.280387 0.000000
vt 0.300000 0.320442 0.000000
vt 0.000000 0.320442 0.000000
vt 0.300000 0.360498 0.000000
vt 0.000000 0.360498 0.000000
vt 0.300000 0.400553 0.000000
vt 0.000000 0.400553 0.000000
vt 0.300000 0.440608 0.000000
vt 0.000000 0.440608 0.000000
vt 0.300000 0.480664 0.000000
vt 0.000000 0.480664 0.000000
vt 0.300000 0.520719 0.000000
vt 0.000000 0.520719 0.000000
vt 0.300000 0.560774 0.000000
vt 0.000000 0.560774 0.000000
vt 0.300000 0.600830 0.000000
vt 0.000000 0.600830 0.000000
vt 0.300000 0.640885 0.000000
vt 0.000000 0.640885 0.000000
vt 0.300000 0.680940 0.000000
vt 0.000000 0.680940 0.000000
vt 0.300000 0.720996 0.000000
vt -0.151827 0.031201 0.000000
vt -0.251861 0.039891 0.000000
vt -0.155000 0.000000 0.000000
vt -0.255000 0.000000 0.000000
vt -0.251861 -0.039891 0.000000
vt -0.242519 0.078799 0.000000
vt -0.142438 0.061125 0.000000
vt -0.227207 0.115768 0.000000
vt -0.127218 0.088547 0.000000
vt -0.206299 0.149885 0.000000
vt -0.180312 0.180312 0.000000
vt -0.106790 0.112343 0.000000
vt -0.149885 0.206299 0.000000
vt -0.081989 0.131540 0.000000
vt -0.115768 0.227207 0.000000
vt -0.053832 0.145352 0.000000
vt -0.078799 0.242519 0.000000
vt -0.023471 0.153213 0.000000
vt -0.039891 0.251861 0.000000
vt 0.000000 0.255000 0.000000
vt 0.007851 0.154801 0.000000
vt 0.039891 0.251861 0.000000
vt 0.038851 0.150052 0.000000
vt 0.078799 0.242519 0.000000
vt 0.068261 0.139160 0.000000
vt 0.115768 0.227207 0.000000
vt 0.149885 0.206299 0.000000
vt 0.094876 0.122570 0.000000
vt 0.180312 0.180312 0.000000
vt 0.117608 0.100963 0.000000
vt 0.206299 0.149885 0.000000
vt 0.135524 0.075222 0.000000
vt 0.227207 0.115768 0.000000
vt 0.147892 0.046401 0.000000
vt 0.242519 0.078799 0.000000
vt 0.251861 0.039891 0.000000
vt 0.154205 0.015681 0.000000
vt 0.255000 0.000000 0.000000
vt 0.154205 -0.015681 0.000000
vt 0.251861 -0.039891 0.000000
vt 0.147892 -0.046401 0.000000
vt 0.242519 -0.078799 0.000000
vt 0.227207 -0.115768 0.000000
vt 0.135524 -0.075222 0.000000
vt 0.206299 -0.149885 0.000000
vt 0.117608 -0.100963 0.000000
vt 0.180312 -0.180312 0.000000
vt 0.094876 -0.122570 0.000000
vt 0.149885 -0.206299 0.000000
vt 0.068261 -0.139160 0.000000
vt 0.115768 -0.227207 0.000000
vt 0.078799 -0.242519 0.000000
vt 0.038851 -0.150052 0.000000
vt 0.039891 -0.251861 0.000000
vt 0.007851 -0.154801 0.000000
vt 0.000000 -0.255000 0.000000
vt -0.023471 -0.153213 0.000000
vt -0.039891 -0.251861 0.000000
vt -0.078799 -0.242519 0.000000
vt -0.053832 -0.145352 0.000000
vt -0.115768 -0.227207 0.000000
vt -0.081989 -0.131540 0.000000
vt -0.149885 -0.206299 0.000000
vt -0.106790 -0.112343 0.000000
vt -0.180312 -0.180312 0.000000
vt -0.127218 -0.088547 0.000000
vt -0.206299 -0.149885 0.000000
vt -0.227207 -0.115768 0.000000
vt -0.142438 -0.061125 0.000000
vt -0.242519 -0.078799 0.000000
vt -0.151827 -0.031201 0.000000
vt 0.300000 -0.761051 0.000000
vt 0.000000 -0.761051 0.000000
vt 0.300000 -0.801106 0.000000
vt 0.000000 -0.801106 0.000000
vt 0.300000 0.801106 0.000000
vt 0.000000 0.801106 0.000000
vt 0.300000 0.761051 0.000000
vt 0.000000 0.761051 0.000000
vt 0.000000 0.720996 0.000000
vt 0.300000 -0.720996 0.000000
vt 0.000000 -0.720996 0.000000
vt 0.300000 -0.680940 0.000000
vt 0.000000 -0.680940 0.000000
vt 0.300000 -0.640885 0.000000
vt 0.000000 -0.640885 0.000000
vt 0.300000 -0.600830 0.000000
vt 0.000000 -0.600830 0.000000
vt 0.300000 -0.560774 0.000000
vt 0.000000 -0.560774 0.000000
vt 0.300000 -0.520719 0.000000
vt 0.000000 -0.520719 0.000000
vt 0.300000 -0.480664 0.000000
vt 0.000000 -0.480664 0.000000
vt 0.300000 -0.440608 0.000000
vt 0.000000 -0.440608 0.000000
vt 0.300000 -0.400553 0.000000
vt 0.000000 -0.400553 0.000000
vt 0.300000 -0.360498 0.000000
vt 0.000000 -0.360498 0.000000
vt 0.300000 -0.320442 0.000000
vt 0.000000 -0.320442 0.000000
vt 0.300000 -0.280387 0.000000
vt 0.000000 -0.280387 0.000000
vt 0.300000 -0.240332 0.000000
vt 0.000000 -0.240332 0.000000
vt 0.300000 -0.200277 0.000000
vt 0.000000 -0.200277 0.000000
vt 0.300000 -0.160221 0.000000
vt 0.000000 -0.160221 0.000000
vt 0.300000 -0.120166 0.000000
vt 0.000000 -0.120166 0.000000
vt 0.300000 -0.080111 0.000000
vt 0.000000 -0.080111 0.000000
vt 0.300000 -0.040055 0.000000
vt 0.000000 -0.040055 0.000000
vt 0.300000 0.000000 0.000000
vt 0.000000 0.000000 0.000000
vt 0.300000 0.040055 0.000000
vt 0.000000 0.040055 0.000000
vt 0.300000 0.080111 0.000000
vt 0.000000 0.080111 0.000000
vt 0.300000 0.120166 0.000000
vt 0.000000 0.120166 0.000000
vt 0.300000 0.160221 0.000000
vt 0.000000 0.160221 0.000000
vt 0.300000 0.200277 0.000000
vt 0.000000 0.200277 0.000000
vt 0.300000 0.240332 0.000000
vt 0.000000 0.240332 0.000000
vt 0.300000 0.280387 0.000000
vt 0.000000 0.280387 0.000000
vt 0.300000 0.320442 0.000000
vt 0.000000 0.320442 0.000000
vt 0.300000 0.360498 0.000000
vt 0.000000 0.360498 0.000000
vt 0.300000 0.400553 0.000000
vt 0.000000 0.400553 0.000000
vt 0.300000 0.440608 0.000000
vt 0.000000 0.440608 0.000000
vt 0.300000 0.480664 0.000000
vt 0.000000 0.480664 0.000000
vt 0.300000 0.520719 0.000000
vt 0.000000 0.520719 0.000000
vt 0.300000 0.560774 0.000000
vt 0.000000 0.560774 0.000000
vt 0.300000 0.600830 0.000000
vt 0.000000 0.600830 0.000000
vt 0.300000 0.640885 0.000000
vt 0.000000 0.640885 0.000000
vt 0.300000 0.680940 0.000000
vt 0.000000 0.680940 0.000000
vt 0.300000 0.720996 0.000000
vt -0.151827 0.031201 0.000000
vt -0.251861 0.039891 0.000000
vt -0.155000 0.000000 0.000000
vt -0.255000 0.000000 0.000000
vt -0.251861 -0.039891 0.000000
vt -0.242519 0.078799 0.000000
vt -0.142438 0.061125 0.000000
vt -0.227207 0.115768 0.000000
vt -0.127218 0.088547 0.000000
vt -0.206299 0.149885 0.000000
vt -0.180312 0.180312 0.000000
vt -0.106790 0.112343 0.000000
vt -0.149885 0.206299 0.000000
vt -0.081989 0.131540 0.000000
vt -0.115768 0.227207 0.000000
vt -0.053832 0.145352 0.000000
vt -0.078799 0.242519 0.000000
vt -0.023471 0.153213 0.000000
vt -0.039891 0.251861 0.000000
vt 0.000000 0.255000 0.000000
vt 0.007851 0.154801 0.000000
vt 0.039891 0.251861 0.000000
vt 0.038851 0.150052 0.000000
vt 0.078799 0.242519 0.000000
vt 0.068261 0.139160 0.000000
vt 0.115768 0.227207 0.000000
vt 0.149885 0.206299 0.000000
vt 0.094876 0.122570 0.000000
vt 0.180312 0.180312 0.000000
vt 0.117608 0.100963 0.000000
vt 0.206299 0.149885 0.000000
vt 0.135524 0.075222 0.000000
vt 0.227207 0.115768 0.000000
vt 0.147892 0.046401 0.000000
vt 0.242519 0.078799 0.000000
vt 0.251861 0.039891 0.000000
vt 0.154205 0.015681 0.000000
vt 0.255000 0.000000 0.000000
vt 0.154205 -0.015681 0.000000
vt 0.251861 -0.039891 0.000000
vt 0.147892 -0.046401 0.000000
vt 0.242519 -0.078799 0.000000
vt 0.227207 -0.115768 0.000000
vt 0.135524 -0.075222 0.000000
vt 0.206299 -0.149885 0.000000
vt 0.117608 -0.100963 0.000000
vt 0.180312 -0.180312 0.000000
vt 0.094876 -0.122570 0.000000
vt 0.149885 -0.206299 0.000000
vt 0.068261 -0.139160 0.000000
vt 0.115768 -0.227207 0.000000
vt 0.078799 -0.242519 0.000000
vt 0.038851 -0.150052 0.000000
vt 0.039891 -0.251861 0.000000
vt 0.007851 -0.154801 0.000000
vt 0.000000 -0.255000 0.000000
vt -0.023471 -0.153213 0.000000
vt -0.039891 -0.251861 0.000000
vt -0.078799 -0.242519 0.000000
vt -0.053832 -0.145352 0.000000
vt -0.115768 -0.227207 0.000000
vt -0.081989 -0.131540 0.000000
vt -0.149885 -0.206299 0.000000
vt -0.106790 -0.112343 0.000000
vt -0.180312 -0.180312 0.000000
vt -0.127218 -0.088547 0.000000
vt -0.206299 -0.149885 0.000000
vt -0.227207 -0.115768 0.000000
vt -0.142438 -0.061125 0.000000
vt -0.242519 -0.078799 0.000000
vt -0.151827 -0.031201 0.000000
vt 0.300000 -0.761051 0.000000
vt 0.000000 -0.761051 0.000000
vt 0.300000 -0.801106 0.000000
vt 0.000000 -0.801106 0.000000
vt 0.300000 0.801106 0.000000
vt 0.000000 0.801106 0.000000
vt 0.300000 0.761051 0.000000
vt 0.000000 0.761051 0.000000
vt 0.000000 0.720996 0.000000
vt 0.300000 -0.720996 0.000000
vt 0.000000 -0.720996 0.000000
vt 0.300000 -0.680940 0.000000
vt 0.000000 -0.680940 0.000000
vt 0.300000 -0.640885 0.000000
vt 0.000000 -0.640885 0.000000
vt 0.300000 -0.600830 0.000000
vt 0.000000 -0.600830 0.000000
vt 0.300000 -0.560774 0.000000
vt 0.000000 -0.560774 0.000000
vt 0.300000 -0.520719 0.000000
vt 0.000000 -0.520719 0.000000
vt 0.300000 -0.480664 0.000000
vt 0.000000 -0.480664 0.000000
vt 0.300000 -0.440608 0.000000
vt 0.000000 -0.440608 0.000000
vt 0.300000 -0.400553 0.000000
vt 0.000000 -0.400553 0.000000
vt 0.300000 -0.360498 0.000000
vt 0.000000 -0.360498 0.000000
vt 0.300000 -0.320442 0.000000
vt 0.000000 -0.320442 0.000000
vt 0.300000 -0.280387 0.000000
vt 0.000000 -0.280387 0.000000
vt 0.300000 -0.240332 0.000000
vt 0.000000 -0.240332 0.000000
vt 0.300000 -0.200277 0.000000
vt 0.000000 -0.200277 0.000000
vt 0.300000 -0.160221 0.000000
vt 0.000000 -0.160221 0.000000
vt 0.300000 -0.120166 0.000000
vt 0.000000 -0.120166 0.000000
vt 0.300000 -0.080111 0.000000
vt 0.000000 -0.080111 0.000000
vt 0.300000 -0.040055 0.000000
vt 0.000000 -0.040055 0.000000
vt 0.300000 0.000000 0.000000
vt 0.000000 0.000000 0.000000
vt 0.300000 0.040055 0.000000
vt 0.000000 0.040055 0.000000
vt 0.300000 0.080111 0.000000
vt 0.000000 0.080111 0.000000
vt 0.300000 0.120166 0.000000
vt 0.000000 0.120166 0.000000
vt 0.300000 0.160221 0.000000
vt 0.000000 0.160221 0.000000
vt 0.300000 0.200277 0.000000
vt 0.000000 0.200277 0.000000
vt 0.300000 0.240332 0.000000
vt 0.000000 0.240332 0.000000
vt 0.300000 0.280387 0.000000
vt 0.000000 0.280387 0.000000
vt 0.300000 0.320442 0.000000
vt 0.000000 0.320442 0.000000
vt 0.300000 0.360498 0.000000
vt 0.000000 0.360498 0.000000
vt 0.300000 0.400553 0.000000
vt 0.000000 0.400553 0.000000
vt 0.300000 0.440608 0.000000
vt 0.000000 0.440608 0.000000
vt 0.300000 0.480664 0.000000
vt 0.000000 0.480664 0.000000
vt 0.300000 0.520719 0.000000
vt 0.000000 0.520719 0.000000
vt 0.300000 0.560774 0.000000
vt 0.000000 0.560774 0.000000
vt 0.300000 0.600830 0.000000
vt 0.000000 0.600830 0.000000
vt 0.300000 0.640885 0.000000
vt 0.000000 0.640885 0.000000
vt 0.300000 0.680940 0.000000
vt 0.000000 0.680940 0.000000
vt 0.300000 0.720996 0.000000
vt -0.151827 0.031201 0.000000
vt -0.251861 0.039891 0.000000
vt -0.155000 0.000000 0.000000
vt -0.255000 0.000000 0.000000
vt -0.251861 -0.039891 0.000000
vt -0.242519 0.078799 0.000000
vt -0.142438 0.061125 0.000000
vt -0.227207 0.115768 0.000000
vt -0.127218 0.088547 0.000000
vt -0.206299 0.149885 0.000000
vt -0.180312 0.180312 0.000000
vt -0.106790 0.112343 0.000000
vt -0.149885 0.206299 0.000000
vt -0.081989 0.131540 0.000000
vt -0.115768 0.227207 0.000000
vt -0.053832 0.145352 0.000000
vt -0.078799 0.242519 0.000000
vt -0.023471 0.153213 0.000000
vt -0.039891 0.251861 0.000000
vt 0.000000 0.255000 0.000000
vt 0.007851 0.154801 0.000000
vt 0.039891 0.251861 0.000000
vt 0.038851 0.150052 0.000000
vt 0.078799 0.242519 0.000000
vt 0.068261 0.139160 0.000000
vt 0.115768 0.227207 0.000000
vt 0.149885 0.206299 0.000000
vt 0.094876 0.122570 0.000000
vt 0.180312 0.180312 0.000000
vt 0.117608 0.100963 0.000000
vt 0.206299 0.149885 0.000000
vt 0.135524 0.075222 0.000000
vt 0.227207 0.115768 0.000000
vt 0.147892 0.046401 0.000000
vt 0.242519 0.078799 0.000000
vt 0.251861 0.039891 0.000000
vt 0.154205 0.015681 0.000000
vt 0.255000 0.000000 0.000000
vt 0.154205 -0.015681 0.000000
vt 0.251861 -0.039891 0.000000
vt 0.147892 -0.046401 0.000000
vt 0.242519 -0.078799 0.000000
vt 0.227207 -0.115768 0.000000
vt 0.135524 -0.075222 0.000000
vt 0.206299 -0.149885 0.000000
vt 0.117608 -0.100963 0.000000
vt 0.180312 -0.180312 0.000000
vt 0.094876 -0.122570 0.000000
vt 0.149885 -0.206299 0.000000
vt 0.068261 -0.139160 0.000000
vt 0.115768 -0.227207 0.000000
vt 0.078799 -0.242519 0.000000
vt 0.038851 -0.150052 0.000000
vt 0.039891 -0.251861 0.000000
vt 0.007851 -0.154801 0.000000
vt 0.000000 -0.255000 0.000000
vt -0.023471 -0.153213 0.000000
vt -0.039891 -0.251861 0.000000
vt -0.078799 -0.242519 0.000000
vt -0.053832 -0.145352 0.000000
vt -0.115768 -0.227207 0.000000
vt -0.081989 -0.131540 0.000000
vt -0.149885 -0.206299 0.000000
vt -0.106790 -0.112343 0.000000
vt -0.180312 -0.180312 0.000000
vt -0.127218 -0.088547 0.000000
vt -0.206299 -0.149885 0.000000
vt -0.227207 -0.115768 0.000000
vt -0.142438 -0.061125 0.000000
vt -0.242519 -0.078799 0.000000
vt -0.151827 -0.031201 0.000000
vt 2.141951 3.010150 0.000000
vt 2.138730 3.062378 0.000000
vt -1.213196 1.467123 0.000000
vt 2.141951 3.114605 0.000000
vt 2.111011 3.728013 0.000000
vt 2.151566 3.166041 0.000000
vt 2.167429 3.215905 0.000000
vt 2.189299 3.263442 0.000000
vt 2.216846 3.307931 0.000000
vt 2.249651 3.348698 0.000000
vt 2.287217 3.385125 0.000000
vt 2.328974 3.416659 0.000000
vt 2.172204 3.765750 0.000000
vt 2.374291 3.442822 0.000000
vt 2.236519 3.797876 0.000000
vt 2.422479 3.463218 0.000000
vt 2.303445 3.824137 0.000000
vt 2.372446 3.844321 0.000000
vt 2.472808 3.477538 0.000000
vt 2.442973 3.858269 0.000000
vt 2.524515 3.485565 0.000000
vt 2.514463 3.865869 0.000000
vt 2.576817 3.487176 0.000000
vt 2.586346 3.867060 0.000000
vt 2.658049 3.861833 0.000000
vt 2.628921 3.482348 0.000000
vt 2.728999 3.850230 0.000000
vt 2.680036 3.471153 0.000000
vt 2.798631 3.832343 0.000000
vt 2.729389 3.453762 0.000000
vt 2.866390 3.808314 0.000000
vt 2.931735 3.778336 0.000000
vt 2.776230 3.430438 0.000000
vt 2.994144 3.742648 0.000000
vt 2.819849 3.401535 0.000000
vt 3.053121 3.701534 0.000000
vt 2.859586 3.367490 0.000000
vt 3.108194 3.655322 0.000000
vt 3.158925 3.604381 0.000000
vt 2.894839 3.328820 0.000000
vt 3.204908 3.549117 0.000000
vt 2.925072 3.286111 0.000000
vt 3.245777 3.489971 0.000000
vt 2.949827 3.240011 0.000000
vt 3.281207 3.427414 0.000000
vt 3.310914 3.361946 0.000000
vt 2.968730 3.191217 0.000000
vt 3.334661 3.294088 0.000000
vt 2.981493 3.140471 0.000000
vt 3.352259 3.224382 0.000000
vt 3.363569 3.153384 0.000000
vt 2.987923 3.088541 0.000000
vt 3.368499 3.081661 0.000000
vt 2.987923 3.036214 0.000000
vt 3.367010 3.009783 0.000000
vt 3.359114 2.938325 0.000000
vt 2.981493 2.984284 0.000000
vt 3.344874 2.867857 0.000000
vt 2.968730 2.933538 0.000000
vt 3.324404 2.798939 0.000000
vt 3.297867 2.732123 0.000000
vt 2.949827 2.884744 0.000000
vt 2.925072 2.838644 0.000000
vt 2.894839 2.795935 0.000000
vt 2.859586 2.757265 0.000000
vt 2.819849 2.723220 0.000000
vt 2.776230 2.694317 0.000000
vt 2.729389 2.670993 0.000000
vt 2.680036 2.653602 0.000000
vt 1.648567 -0.934181 0.000000
vt 2.628921 2.642407 0.000000
vt 2.576817 2.637579 0.000000
vt 2.524515 2.639191 0.000000
vt 2.472808 2.647217 0.000000
vt 2.422479 2.661537 0.000000
vt 2.374291 2.681933 0.000000
vt 1.064220 -0.800722 0.000000
vt 1.101188 -0.816035 0.000000
vt 2.328974 2.708097 0.000000
vt 1.025311 -0.791381 0.000000
vt -0.058950 -0.155829 0.000000
vt 0.985421 -0.788242 0.000000
vt -0.038043 -0.189947 0.000000
vt 0.945530 -0.791381 0.000000
vt -0.022730 -0.226915 0.000000
vt 0.906621 -0.800722 0.000000
vt -0.013389 -0.265824 0.000000
vt 0.869653 -0.816035 0.000000
vt -0.010250 -0.305715 0.000000
vt 0.835535 -0.836942 0.000000
vt -0.013389 -0.345605 0.000000
vt 0.805108 -0.862929 0.000000
vt -0.022730 -0.384514 0.000000
vt 0.779121 -0.893356 0.000000
vt -0.038043 -0.421482 0.000000
vt 0.204207 -1.060140 0.000000
vt 0.058736 -0.973401 0.000000
vt -0.058950 -0.455600 0.000000
vt -0.084937 -0.486027 0.000000
vt -0.084937 -0.125402 0.000000
vt 2.287217 2.739630 0.000000
vt 2.249651 2.776057 0.000000
vt -0.115364 -0.099415 0.000000
vt 2.216846 2.816824 0.000000
vt -0.149482 -0.078508 0.000000
vt -0.965147 0.877609 0.000000
vt -0.186450 -0.063195 0.000000
vt -0.955806 0.838700 0.000000
vt -0.225359 -0.053854 0.000000
vt -0.952666 0.798809 0.000000
vt -0.265250 -0.050715 0.000000
vt -0.955806 0.758919 0.000000
vt -0.305140 -0.053854 0.000000
vt -0.965147 0.720010 0.000000
vt -0.344049 -0.063195 0.000000
vt -0.980460 0.683042 0.000000
vt -0.381017 -0.078508 0.000000
vt -1.001367 0.648924 0.000000
vt -0.415135 -0.099415 0.000000
vt -1.027354 0.618497 0.000000
vt -0.975749 -0.105365 0.000000
vt -1.086431 0.022834 0.000000
vt -1.057781 0.592510 0.000000
vt -1.192473 0.154897 0.000000
vt -1.091899 0.571603 0.000000
vt -1.128867 0.556290 0.000000
vt -0.980460 0.914577 0.000000
vt 2.189299 2.861313 0.000000
vt 2.167429 2.908850 0.000000
vt 2.151566 2.958714 0.000000
vt -0.517110 -0.345605 0.000000
vt -0.520250 -0.305715 0.000000
vt -0.741031 -0.349522 0.000000
vt -0.517110 -0.265824 0.000000
vt -0.507769 -0.226915 0.000000
vt -0.860567 -0.229536 0.000000
vt -0.492456 -0.189947 0.000000
vt -0.471549 -0.155829 0.000000
vt -0.445562 -0.125402 0.000000
vt -0.083550 -0.881531 0.000000
vt -0.115364 -0.512014 0.000000
vt -0.149482 -0.532921 0.000000
vt -0.222470 -0.784646 0.000000
vt -0.186450 -0.548234 0.000000
vt -0.225359 -0.557575 0.000000
vt -0.265250 -0.560715 0.000000
vt -0.357848 -0.682871 0.000000
vt -0.305140 -0.557575 0.000000
vt -0.344049 -0.548234 0.000000
vt -0.381017 -0.532921 0.000000
vt -0.489512 -0.576334 0.000000
vt -0.415135 -0.512014 0.000000
vt -0.445562 -0.486027 0.000000
vt -0.471549 -0.455600 0.000000
vt -0.617293 -0.465170 0.000000
vt -0.492456 -0.421482 0.000000
vt -0.507769 -0.384514 0.000000
vt 0.733560 -1.083132 0.000000
vt 0.730421 -1.043242 0.000000
vt 0.503960 -1.217792 0.000000
vt 0.733560 -1.003351 0.000000
vt 0.352678 -1.141639 0.000000
vt 0.742901 -0.964442 0.000000
vt 0.758214 -0.927474 0.000000
vt 1.135306 -0.836942 0.000000
vt 1.165733 -0.862929 0.000000
vt 1.191720 -0.893356 0.000000
vt 1.212627 -0.927474 0.000000
vt 1.227940 -0.964442 0.000000
vt 1.237281 -1.003351 0.000000
vt 1.240421 -1.043242 0.000000
vt 1.237281 -1.083132 0.000000
vt 1.227940 -1.122041 0.000000
vt 1.212627 -1.159009 0.000000
vt 1.133302 -1.467123 0.000000
vt 1.191720 -1.193127 0.000000
vt 1.165733 -1.223554 0.000000
vt 1.135306 -1.249541 0.000000
vt 1.101188 -1.270448 0.000000
vt 1.064220 -1.285761 0.000000
vt 1.025311 -1.295102 0.000000
vt 0.972732 -1.413248 0.000000
vt 0.985421 -1.298242 0.000000
vt 0.945530 -1.295102 0.000000
vt 0.906621 -1.285761 0.000000
vt 0.814184 -1.353683 0.000000
vt 0.869653 -1.270448 0.000000
vt 0.835535 -1.249541 0.000000
vt 0.805108 -1.223554 0.000000
vt 0.657860 -1.288503 0.000000
vt 0.779121 -1.193127 0.000000
vt 0.758214 -1.159009 0.000000
vt 0.742901 -1.122041 0.000000
vt -1.459527 0.838700 0.000000
vt -1.648567 0.867142 0.000000
vt -1.462666 0.798809 0.000000
vt -1.567628 0.718366 0.000000
vt -1.459527 0.758919 0.000000
vt -1.450186 0.720010 0.000000
vt -1.434873 0.683042 0.000000
vt -1.481436 0.572571 0.000000
vt -1.413966 0.648924 0.000000
vt -1.387979 0.618497 0.000000
vt -1.357552 0.592510 0.000000
vt -1.390101 0.429940 0.000000
vt -1.323434 0.571603 0.000000
vt -1.286466 0.556290 0.000000
vt -1.247557 0.546949 0.000000
vt -1.293739 0.290657 0.000000
vt -1.207666 0.543809 0.000000
vt -1.167776 0.546949 0.000000
vt -1.450186 0.877609 0.000000
vt -1.434873 0.914577 0.000000
vt -1.413966 0.948695 0.000000
vt -1.387979 0.979122 0.000000
vt -1.357552 1.005109 0.000000
vt -1.323434 1.026016 0.000000
vt -1.286466 1.041329 0.000000
vt -1.247557 1.050670 0.000000
vt -1.207666 1.053809 0.000000
vt -1.167776 1.050670 0.000000
vt -1.128867 1.041329 0.000000
vt -1.091899 1.026016 0.000000
vt -1.057781 1.005109 0.000000
vt -1.027354 0.979122 0.000000
vt -1.001367 0.948695 0.000000
vt 2.250000 0.383100 0.000000
vt 1.687500 0.361283 0.000000
vt 2.250000 0.351684 0.000000
vt 1.687500 0.329867 0.000000
vt 2.250000 0.320268 0.000000
vt 1.687500 0.298451 0.000000
vt 2.250000 0.288852 0.000000
vt 1.687500 0.267035 0.000000
vt 2.250000 0.257436 0.000000
vt 1.687500 0.235619 0.000000
vt 2.250000 0.226020 0.000000
vt 1.687500 0.204204 0.000000
vt 2.250000 0.194604 0.000000
vt 1.687500 0.172788 0.000000
vt 2.250000 0.163188 0.000000
vt 1.687500 0.141372 0.000000
vt 2.250000 0.131772 0.000000
vt 1.687500 0.109956 0.000000
vt 2.250000 0.100356 0.000000
vt 1.687500 0.078540 0.000000
vt 2.250000 0.068941 0.000000
vt 1.687500 0.047124 0.000000
vt 2.250000 0.037525 0.000000
vt 1.687500 0.015708 0.000000
vt 2.250000 0.006109 0.000000
vt 1.687500 -0.015708 0.000000
vt 2.250000 -0.025307 0.000000
vt 1.687500 -0.047124 0.000000
vt 2.250000 -0.056723 0.000000
vt 1.687500 -0.078540 0.000000
vt 2.250000 -0.088139 0.000000
vt 1.687500 -0.109956 0.000000
vt 2.250000 -0.119555 0.000000
vt 1.687500 -0.141372 0.000000
vt 2.250000 -0.150971 0.000000
vt 1.687500 -0.172788 0.000000
vt 2.250000 -0.182387 0.000000
vt 1.687500 -0.204204 0.000000
vt 2.250000 -0.213803 0.000000
vt 1.687500 -0.235619 0.000000
vt 2.250000 -0.245219 0.000000
vt 1.687500 -0.267035 0.000000
vt 2.250000 -0.276635 0.000000
vt 1.687500 -0.298451 0.000000
vt 2.250000 -0.308051 0.000000
vt 1.687500 -0.329867 0.000000
vt 2.250000 -0.339467 0.000000
vt 1.687500 -0.361283 0.000000
vt 2.250000 -0.370882 0.000000
vt 1.687500 -0.392699 0.000000
vt 2.250000 -0.402298 0.000000
vt 1.687500 -0.424115 0.000000
vt 2.250000 -0.433714 0.000000
vt 1.687500 -0.455531 0.000000
vt 2.250000 -0.465130 0.000000
vt 1.687500 -0.486947 0.000000
vt 2.250000 -0.496546 0.000000
vt 2.250000 0.477348 0.000000
vt 1.687500 0.486947 0.000000
vt 1.687500 0.455531 0.000000
vt 2.250000 0.445932 0.000000
vt 1.687500 0.424115 0.000000
vt 2.250000 0.414516 0.000000
vt 1.687500 0.392699 0.000000
vt 0.000000 0.455531 0.000000
vt 0.562500 0.455531 0.000000
vt -0.000000 0.486947 0.000000
vt 0.562500 0.486947 0.000000
vt -0.000000 -0.486947 0.000000
vt 0.562500 -0.486947 0.000000
vt 0.000000 -0.455531 0.000000
vt 0.562500 -0.455531 0.000000
vt -0.000000 -0.424115 0.000000
vt 0.562500 -0.424115 0.000000
vt 0.000000 -0.392699 0.000000
vt 0.562500 -0.392699 0.000000
vt -0.000000 -0.361283 0.000000
vt 0.562500 -0.361283 0.000000
vt -0.000000 -0.329867 0.000000
vt 0.562500 -0.329867 0.000000
vt -0.000000 -0.298451 0.000000
vt 0.562500 -0.298451 0.000000
vt 0.000000 -0.267035 0.000000
vt 0.562500 -0.267035 0.000000
vt -0.000000 -0.235619 0.000000
vt 0.562500 -0.235619 0.000000
vt -0.000000 -0.204204 0.000000
vt 0.562500 -0.204204 0.000000
vt -0.000000 -0.172788 0.000000
vt 0.562500 -0.172788 0.000000
vt 0.000000 -0.141372 0.000000
vt 0.562500 -0.141372 0.000000
vt 0.000000 -0.109956 0.000000
vt 0.562500 -0.109956 0.000000
vt -0.000000 -0.078540 0.000000
vt 0.562500 -0.078540 0.000000
vt 0.000000 -0.047124 0.000000
vt 0.562500 -0.047124 0.000000
vt -0.000000 -0.015708 0.000000
vt 0.562500 -0.015708 0.000000
vt 0.000000 0.015708 0.000000
vt 0.562500 0.015708 0.000000
vt -0.000000 0.047124 0.000000
vt 0.562500 0.047124 0.000000
vt 0.000000 0.078540 0.000000
vt 0.562500 0.078540 0.000000
vt -0.000000 0.109956 0.000000
vt 0.562500 0.109956 0.000000
vt -0.000000 0.141372 0.000000
vt 0.562500 0.141372 0.000000
vt -0.000000 0.172788 0.000000
vt 0.562500 0.172788 0.000000
vt -0.000000 0.204204 0.000000
vt 0.562500 0.204204 0.000000
vt -0.000000 0.235619 0.000000
vt 0.562500 0.235619 0.000000
vt -0.000000 0.267035 0.000000
vt 0.562500 0.267035 0.000000
vt -0.000000 0.298451 0.000000
vt 0.562500 0.298451 0.000000
vt -0.000000 0.329867 0.000000
vt 0.562500 0.329867 0.000000
vt -0.000000 0.361283 0.000000
vt 0.562500 0.361283 0.000000
vt 0.000000 0.392699 0.000000
vt 0.562500 0.392699 0.000000
vt 0.000000 0.424115 0.000000
vt 0.562500 0.424115 0.000000
vt 1.125000 0.486947 0.000000
vt 1.125000 0.455531 0.000000
vt 1.125000 0.424115 0.000000
vt 1.125000 0.392699 0.000000
vt 1.125000 0.361283 0.000000
vt 1.125000 0.329867 0.000000
vt 1.125000 0.298451 0.000000
vt 1.125000 0.267035 0.000000
vt 1.125000 0.235619 0.000000
vt 1.125000 0.204204 0.000000
vt 1.125000 0.172788 0.000000
vt 1.125000 0.141372 0.000000
vt 1.125000 0.109956 0.000000
vt 1.125000 0.078540 0.000000
vt 1.125000 0.047124 0.000000
vt 1.125000 0.015708 0.000000
vt 1.125000 -0.015708 0.000000
vt 1.125000 -0.047124 0.000000
vt 1.125000 -0.078540 0.000000
vt 1.125000 -0.109956 0.000000
vt 1.125000 -0.141372 0.000000
vt 1.125000 -0.172788 0.000000
vt 1.125000 -0.204204 0.000000
vt 1.125000 -0.235619 0.000000
vt 1.125000 -0.267035 0.000000
vt 1.125000 -0.298451 0.000000
vt 1.125000 -0.329867 0.000000
vt 1.125000 -0.361283 0.000000
vt 1.125000 -0.392699 0.000000
vt 1.125000 -0.424115 0.000000
vt 1.125000 -0.455531 0.000000
vt 1.125000 -0.486947 0.000000
vt 2.250000 0.383100 0.000000
vt 1.687500 0.361283 0.000000
vt 2.250000 0.351684 0.000000
vt 1.687500 0.329867 0.000000
vt 2.250000 0.320268 0.000000
vt 1.687500 0.298451 0.000000
vt 2.250000 0.288852 0.000000
vt 1.687500 0.267035 0.000000
vt 2.250000 0.257436 0.000000
vt 1.687500 0.235619 0.000000
vt 2.250000 0.226020 0.000000
vt 1.687500 0.204204 0.000000
vt 2.250000 0.194604 0.000000
vt 1.687500 0.172788 0.000000
vt 2.250000 0.163188 0.000000
vt 1.687500 0.141372 0.000000
vt 2.250000 0.131772 0.000000
vt 1.687500 0.109956 0.000000
vt 2.250000 0.100356 0.000000
vt 1.687500 0.078540 0.000000
vt 2.250000 0.068941 0.000000
vt 1.687500 0.047124 0.000000
vt 2.250000 0.037525 0.000000
vt 1.687500 0.015708 0.000000
vt 2.250000 0.006109 0.000000
vt 1.687500 -0.015708 0.000000
vt 2.250000 -0.025307 0.000000
vt 1.687500 -0.047124 0.000000
vt 2.250000 -0.056723 0.000000
vt 1.687500 -0.078540 0.000000
vt 2.250000 -0.088139 0.000000
vt 1.687500 -0.109956 0.000000
vt 2.250000 -0.119555 0.000000
vt 1.687500 -0.141372 0.000000
vt 2.250000 -0.150971 0.000000
vt 1.687500 -0.172788 0.000000
vt 2.250000 -0.182387 0.000000
vt 1.687500 -0.204204 0.000000
vt 2.250000 -0.213803 0.000000
vt 1.687500 -0.235619 0.000000
vt 2.250000 -0.245219 0.000000
vt 1.687500 -0.267035 0.000000
vt 2.250000 -0.276635 0.000000
vt 1.687500 -0.298451 0.000000
vt 2.250000 -0.308051 0.000000
vt 1.687500 -0.329867 0.000000
vt 2.250000 -0.339467 0.000000
vt 1.687500 -0.361283 0.000000
vt 2.250000 -0.370882 0.000000
vt 1.687500 -0.392699 0.000000
vt 2.250000 -0.402298 0.000000
vt 1.687500 -0.424115 0.000000
vt 2.250000 -0.433714 0.000000
vt 1.687500 -0.455531 0.000000
vt 2.250000 -0.465130 0.000000
vt 1.687500 -0.486947 0.000000
vt 2.250000 -0.496546 0.000000
vt 2.250000 0.477348 0.000000
vt 1.687500 0.486947 0.000000
vt 1.687500 0.455531 0.000000
vt 2.250000 0.445932 0.000000
vt 1.687500 0.424115 0.000000
vt 2.250000 0.414516 0.000000
vt 1.687500 0.392699 0.000000
vt -0.000000 0.455531 0.000000
vt 0.562500 0.455531 0.000000
vt -0.000000 0.486947 0.000000
vt 0.562500 0.486947 0.000000
vt -0.000000 -0.486947 0.000000
vt 0.562500 -0.486947 0.000000
vt -0.000000 -0.455531 0.000000
vt 0.562500 -0.455531 0.000000
vt -0.000000 -0.424115 0.000000
vt 0.562500 -0.424115 0.000000
vt 0.000000 -0.392699 0.000000
vt 0.562500 -0.392699 0.000000
vt 0.000000 -0.361283 0.000000
vt 0.562500 -0.361283 0.000000
vt 0.000000 -0.329867 0.000000
vt 0.562500 -0.329867 0.000000
vt 0.000000 -0.298451 0.000000
vt 0.562500 -0.298451 0.000000
vt 0.000000 -0.267035 0.000000
vt 0.562500 -0.267035 0.000000
vt 0.000000 -0.235619 0.000000
vt 0.562500 -0.235619 0.000000
vt 0.000000 -0.204204 0.000000
vt 0.562500 -0.204204 0.000000
vt -0.000000 -0.172788 0.000000
vt 0.562500 -0.172788 0.000000
vt 0.000000 -0.141372 0.000000
vt 0.562500 -0.141372 0.000000
vt -0.000000 -0.109956 0.000000
vt 0.562500 -0.109956 0.000000
vt -0.000000 -0.078540 0.000000
vt 0.562500 -0.078540 0.000000
vt -0.000000 -0.047124 0.000000
vt 0.562500 -0.047124 0.000000
vt -0.000000 -0.015708 0.000000
vt 0.562500 -0.015708 0.000000
vt 0.000000 0.015708 0.000000
vt 0.562500 0.015708 0.000000
vt -0.000000 0.047124 0.000000
vt 0.562500 0.047124 0.000000
vt 0.000000 0.078540 0.000000
vt 0.562500 0.078540 0.000000
vt -0.000000 0.109956 0.000000
vt 0.562500 0.109956 0.000000
vt -0.000000 0.141372 0.000000
vt 0.562500 0.141372 0.000000
vt -0.000000 0.172788 0.000000
vt 0.562500 0.172788 0.000000
vt -0.000000 0.204204 0.000000
vt 0.562500 0.204204 0.000000
vt -0.000000 0.235619 0.000000
vt 0.562500 0.235619 0.000000
vt -0.000000 0.267035 0.000000
vt 0.562500 0.267035 0.000000
vt -0.000000 0.298451 0.000000
vt 0.562500 0.298451 0.000000
vt -0.000000 0.329867 0.000000
vt 0.562500 0.329867 0.000000
vt 0.000000 0.361283 0.000000
vt 0.562500 0.361283 0.000000
vt 0.000000 0.392699 0.000000
vt 0.562500 0.392699 0.000000
vt -0.000000 0.424115 0.000000
vt 0.562500 0.424115 0.000000
vt 1.125000 0.486947 0.000000
vt 1.125000 0.455531 0.000000
vt 1.125000 0.424115 0.000000
vt 1.125000 0.392699 0.000000
vt 1.125000 0.361283 0.000000
vt 1.125000 0.329867 0.000000
vt 1.125000 0.298451 0.000000
vt 1.125000 0.267035 0.000000
vt 1.125000 0.235619 0.000000
vt 1.125000 0.204204 0.000000
vt 1.125000 0.172788 0.000000
vt 1.125000 0.141372 0.000000
vt 1.125000 0.109956 0.000000
vt 1.125000 0.078540 0.000000
vt 1.125000 0.047124 0.000000
vt 1.125000 0.015708 0.000000
vt 1.125000 -0.015708 0.000000
vt 1.125000 -0.047124 0.000000
vt 1.125000 -0.078540 0.000000
vt 1.125000 -0.109956 0.000000
vt 1.125000 -0.141372 0.000000
vt 1.125000 -0.172788 0.000000
vt 1.125000 -0.204204 0.000000
vt 1.125000 -0.235619 0.000000
vt 1.125000 -0.267035 0.000000
vt 1.125000 -0.298451 0.000000
vt 1.125000 -0.329867 0.000000
vt 1.125000 -0.361283 0.000000
vt 1.125000 -0.392699 0.000000
vt 1.125000 -0.424115 0.000000
vt 1.125000 -0.455531 0.000000
vt 1.125000 -0.486947 0.000000
vt 2.250000 0.383100 0.000000
vt 1.687500 0.361283 0.000000
vt 2.250000 0.351684 0.000000
vt 1.687500 0.329867 0.000000
vt 2.250000 0.320268 0.000000
vt 1.687500 0.298451 0.000000
vt 2.250000 0.288852 0.000000
vt 1.687500 0.267035 0.000000
vt 2.250000 0.257436 0.000000
vt 1.687500 0.235619 0.000000
vt 2.250000 0.226020 0.000000
vt 1.687500 0.204204 0.000000
vt 2.250000 0.194604 0.000000
vt 1.687500 0.172788 0.000000
vt 2.250000 0.163188 0.000000
vt 1.687500 0.141372 0.000000
vt 2.250000 0.131772 0.000000
vt 1.687500 0.109956 0.000000
vt 2.250000 0.100356 0.000000
vt 1.687500 0.078540 0.000000
vt 2.250000 0.068941 0.000000
vt 1.687500 0.047124 0.000000
vt 2.250000 0.037525 0.000000
vt 1.687500 0.015708 0.000000
vt 2.250000 0.006109 0.000000
vt 1.687500 -0.015708 0.000000
vt 2.250000 -0.025307 0.000000
vt 1.687500 -0.047124 0.000000
vt 2.250000 -0.056723 0.000000
vt 1.687500 -0.078540 0.000000
vt 2.250000 -0.088139 0.000000
vt 1.687500 -0.109956 0.000000
vt 2.250000 -0.119555 0.000000
vt 1.687500 -0.141372 0.000000
vt 2.250000 -0.150971 0.000000
vt 1.687500 -0.172788 0.000000
vt 2.250000 -0.182387 0.000000
vt 1.687500 -0.204204 0.000000
vt 2.250000 -0.213803 0.000000
vt 1.687500 -0.235619 0.000000
vt 2.250000 -0.245219 0.000000
vt 1.687500 -0.267035 0.000000
vt 2.250000 -0.276635 0.000000
vt 1.687500 -0.298451 0.000000
vt 2.250000 -0.308051 0.000000
vt 1.687500 -0.329867 0.000000
vt 2.250000 -0.339467 0.000000
vt 1.687500 -0.361283 0.000000
vt 2.250000 -0.370882 0.000000
vt 1.687500 -0.392699 0.000000
vt 2.250000 -0.402298 0.000000
vt 1.687500 -0.424115 0.000000
vt 2.250000 -0.433714 0.000000
vt 1.687500 -0.455531 0.000000
vt 2.250000 -0.465130 0.000000
vt 1.687500 -0.486947 0.000000
vt 2.250000 -0.496546 0.000000
vt 2.250000 0.477348 0.000000
vt 1.687500 0.486947 0.000000
vt 1.687500 0.455531 0.000000
vt 2.250000 0.445932 0.000000
vt 1.687500 0.424115 0.000000
vt 2.250000 0.414516 0.000000
vt 1.687500 0.392699 0.000000
vt -0.000000 0.455531 0.000000
vt 0.562500 0.455531 0.000000
vt -0.000000 0.486947 0.000000
vt 0.562500 0.486947 0.000000
vt -0.000000 -0.486947 0.000000
vt 0.562500 -0.486947 0.000000
vt 0.000000 -0.455531 0.000000
vt 0.562500 -0.455531 0.000000
vt 0.000000 -0.424115 0.000000
vt 0.562500 -0.424115 0.000000
vt 0.000000 -0.392699 0.000000
vt 0.562500 -0.392699 0.000000
vt 0.000000 -0.361283 0.000000
vt 0.562500 -0.361283 0.000000
vt -0.000000 -0.329867 0.000000
vt 0.562500 -0.329867 0.000000
vt 0.000000 -0.298451 0.000000
vt 0.562500 -0.298451 0.000000
vt 0.000000 -0.267035 0.000000
vt 0.562500 -0.267035 0.000000
vt 0.000000 -0.235619 0.000000
vt 0.562500 -0.235619 0.000000
vt 0.000000 -0.204204 0.000000
vt 0.562500 -0.204204 0.000000
vt -0.000000 -0.172788 0.000000
vt 0.562500 -0.172788 0.000000
vt 0.000000 -0.141372 0.000000
vt 0.562500 -0.141372 0.000000
vt 0.000000 -0.109956 0.000000
vt 0.562500 -0.109956 0.000000
vt -0.000000 -0.078540 0.000000
vt 0.562500 -0.078540 0.000000
vt -0.000000 -0.047124 0.000000
vt 0.562500 -0.047124 0.000000
vt -0.000000 -0.015708 0.000000
vt 0.562500 -0.015708 0.000000
vt 0.000000 0.015708 0.000000
vt 0.562500 0.015708 0.000000
vt -0.000000 0.047124 0.000000
vt 0.562500 0.047124 0.000000
vt 0.000000 0.078540 0.000000
vt 0.562500 0.078540 0.000000
vt -0.000000 0.109956 0.000000
vt 0.562500 0.109956 0.000000
vt -0.000000 0.141372 0.000000
vt 0.562500 0.141372 0.000000
vt -0.000000 0.172788 0.000000
vt 0.562500 0.172788 0.000000
vt -0.000000 0.204204 0.000000
vt 0.562500 0.204204 0.000000
vt -0.000000 0.235619 0.000000
vt 0.562500 0.235619 0.000000
vt -0.000000 0.267035 0.000000
vt 0.562500 0.267035 0.000000
vt -0.000000 0.298451 0.000000
vt 0.562500 0.298451 0.000000
vt -0.000000 0.329867 0.000000
vt 0.562500 0.329867 0.000000
vt 0.000000 0.361283 0.000000
vt 0.562500 0.361283 0.000000
vt 0.000000 0.392699 0.000000
vt 0.562500 0.392699 0.000000
vt 0.000000 0.424115 0.000000
vt 0.562500 0.424115 0.000000
vt 1.125000 0.486947 0.000000
vt 1.125000 0.455531 0.000000
vt 1.125000 0.424115 0.000000
vt 1.125000 0.392699 0.000000
vt 1.125000 0.361283 0.000000
vt 1.125000 0.329867 0.000000
vt 1.125000 0.298451 0.000000
vt 1.125000 0.267035 0.000000
vt 1.125000 0.235619 0.000000
vt 1.125000 0.204204 0.000000
vt 1.125000 0.172788 0.000000
vt 1.125000 0.141372 0.000000
vt 1.125000 0.109956 0.000000
vt 1.125000 0.078540 0.000000
vt 1.125000 0.047124 0.000000
vt 1.125000 0.015708 0.000000
vt 1.125000 -0.015708 0.000000
vt 1.125000 -0.047124 0.000000
vt 1.125000 -0.078540 0.000000
vt 1.125000 -0.109956 0.000000
vt 1.125000 -0.141372 0.000000
vt 1.125000 -0.172788 0.000000
vt 1.125000 -0.204204 0.000000
vt 1.125000 -0.235619 0.000000
vt 1.125000 -0.267035 0.000000
vt 1.125000 -0.298451 0.000000
vt 1.125000 -0.329867 0.000000
vt 1.125000 -0.361283 0.000000
vt 1.125000 -0.392699 0.000000
vt 1.125000 -0.424115 0.000000
vt 1.125000 -0.455531 0.000000
vt 1.125000 -0.486947 0.000000
vt -0.000000 10.941127 0.000000
vt 2.350000 10.941127 0.000000
vt -0.000000 11.102744 0.000000
vt 2.350000 11.102744 0.000000
vt -0.000000 11.264361 0.000000
vt 2.350000 11.264361 0.000000
vt 0.000000 11.425978 0.000000
vt 2.350000 11.425978 0.000000
vt -0.000000 11.587595 0.000000
vt 2.350000 11.587595 0.000000
vt 0.000000 11.749212 0.000000
vt 2.350000 11.749212 0.000000
vt -0.000000 11.910829 0.000000
vt 2.350000 11.910829 0.000000
vt -0.000000 12.072445 0.000000
vt 2.350000 12.072445 0.000000
vt -0.000000 12.234062 0.000000
vt 2.350000 12.234062 0.000000
vt 0.000000 12.395679 0.000000
vt 2.350000 12.395679 0.000000
vt 0.000000 12.557296 0.000000
vt 2.350000 12.557296 0.000000
vt 0.000000 12.718913 0.000000
vt 2.350000 12.718913 0.000000
vt -0.000000 12.880530 0.000000
vt 2.350000 12.880530 0.000000
vt -0.000000 13.042147 0.000000
vt 2.350000 13.042147 0.000000
vt -0.000000 13.203764 0.000000
vt 2.350000 13.203764 0.000000
vt -0.000000 13.365380 0.000000
vt 2.350000 13.365380 0.000000
vt -0.000000 13.526997 0.000000
vt 2.350000 13.526997 0.000000
vt -0.000000 13.688614 0.000000
vt 2.350000 13.688614 0.000000
vt 0.000000 13.850231 0.000000
vt 2.350000 13.850231 0.000000
vt 0.000000 14.011848 0.000000
vt 2.350000 14.011848 0.000000
vt 0.000000 14.173465 0.000000
vt 2.350000 14.173465 0.000000
vt 0.000000 14.335082 0.000000
vt 2.350000 14.335082 0.000000
vt -0.000000 14.496699 0.000000
vt 2.350000 14.496699 0.000000
vt 0.000000 14.658315 0.000000
vt 2.350000 14.658315 0.000000
vt -0.000000 14.819932 0.000000
vt 2.350000 14.819932 0.000000
vt 0.741300 0.000000 0.000000
vt 0.741300 2.350000 0.000000
vt 0.000000 -0.000000 0.000000
vt 0.000000 2.550000 0.000000
vt 0.741300 2.550000 0.000000
vt -2.550000 13.059420 0.000000
vt -0.000000 13.059420 0.000000
vt -2.550000 13.228797 0.000000
vt -0.000000 13.228797 0.000000
vt -0.000000 13.398173 0.000000
vt -2.550000 13.398173 0.000000
vt -0.000000 13.567550 0.000000
vt -2.550000 13.567550 0.000000
vt -0.000000 13.736927 0.000000
vt -2.550000 13.736927 0.000000
vt -0.000000 13.906304 0.000000
vt -2.550000 13.906304 0.000000
vt -0.000000 14.075681 0.000000
vt -2.550000 14.075681 0.000000
vt -0.000000 14.245058 0.000000
vt -2.550000 14.245058 0.000000
vt -0.000000 14.414434 0.000000
vt -2.550000 14.414434 0.000000
vt -0.000000 14.583811 0.000000
vt -2.550000 14.583811 0.000000
vt -0.000000 14.753188 0.000000
vt -2.550000 14.753188 0.000000
vt -0.000000 14.922565 0.000000
vt -2.550000 14.922565 0.000000
vt -0.000000 15.091942 0.000000
vt -2.550000 15.091942 0.000000
vt -0.000000 15.261319 0.000000
vt -2.550000 15.261319 0.000000
vt -0.000000 15.430696 0.000000
vt -2.550000 15.430696 0.000000
vt -0.000000 15.600072 0.000000
vt -2.550000 15.600072 0.000000
vt -0.000000 15.769449 0.000000
vt -2.550000 15.769449 0.000000
vt -0.000000 15.938826 0.000000
vt -2.550000 15.938826 0.000000
vt -0.000000 16.108203 0.000000
vt -2.550000 16.108203 0.000000
vt -0.000000 16.277580 0.000000
vt -2.550000 16.277580 0.000000
vt -0.000000 16.446957 0.000000
vt -2.550000 16.446957 0.000000
vt -0.000000 16.616333 0.000000
vt -2.550000 16.616333 0.000000
vt -2.550000 16.785710 0.000000
vt -0.000000 16.785710 0.000000
vt 0.000000 0.000000 0.000000
vt 0.741300 0.000000 0.000000
vt 0.000000 2.350000 0.000000
vt 0.741300 2.550000 0.000000
vt 0.000000 2.550000 0.000000
vt 0.350470 -0.029045 0.000000
vt 0.547082 -0.169341 0.000000
vt 0.353643 0.002156 0.000000
vt 0.550102 0.000000 0.000000
vt 0.547082 0.169341 0.000000
vt 0.341081 -0.058969 0.000000
vt 0.522949 -0.507162 0.000000
vt 0.538028 -0.338467 0.000000
vt 0.501866 -0.675212 0.000000
vt 0.325861 -0.086391 0.000000
vt 0.474806 -0.842405 0.000000
vt 0.305433 -0.110187 0.000000
vt 0.441802 -1.008526 0.000000
vt 0.280632 -0.129384 0.000000
vt 0.252475 -0.143196 0.000000
vt 0.402896 -1.173364 0.000000
vt 0.222114 -0.151057 0.000000
vt 0.358139 -1.336712 0.000000
vt 0.102144 -1.368861 0.000000
vt 0.111533 -1.398785 0.000000
vt 0.190792 -0.152645 0.000000
vt 0.086924 -1.341440 0.000000
vt 0.159792 -0.147896 0.000000
vt 0.066496 -1.317643 0.000000
vt 0.130382 -0.137004 0.000000
vt 0.041695 -1.298447 0.000000
vt 0.103766 -0.120414 0.000000
vt 0.013538 -1.284635 0.000000
vt 0.081035 -0.098807 0.000000
vt -0.128533 -0.483721 0.000000
vt -0.112633 -0.322899 0.000000
vt 0.063119 -0.073066 0.000000
vt 0.050751 -0.044245 0.000000
vt -0.103083 -0.161575 0.000000
vt 0.044438 -0.013525 0.000000
vt -0.099898 0.000000 0.000000
vt 0.044438 0.017837 0.000000
vt -0.103083 0.161575 0.000000
vt 0.050751 0.048557 0.000000
vt -0.112633 0.322899 0.000000
vt 0.063119 0.077378 0.000000
vt 0.081035 0.103119 0.000000
vt 0.103766 0.124726 0.000000
vt 0.012134 1.288712 0.000000
vt -0.128533 0.483721 0.000000
vt 0.040292 1.302523 0.000000
vt 0.130382 0.141316 0.000000
vt 0.065092 1.321720 0.000000
vt 0.159792 0.152208 0.000000
vt 0.085520 1.345517 0.000000
vt 0.190792 0.156957 0.000000
vt 0.100741 1.372938 0.000000
vt 0.222114 0.155369 0.000000
vt 0.358139 1.336712 0.000000
vt 0.402896 1.173365 0.000000
vt 0.252475 0.147508 0.000000
vt 0.441802 1.008526 0.000000
vt 0.280632 0.133696 0.000000
vt 0.305433 0.114499 0.000000
vt 0.474806 0.842405 0.000000
vt 0.325861 0.090703 0.000000
vt 0.501866 0.675213 0.000000
vt 0.341081 0.063281 0.000000
vt 0.522949 0.507162 0.000000
vt 0.350470 0.033357 0.000000
vt 0.538028 0.338467 0.000000
vt 0.110129 1.402862 0.000000
vt 0.307587 1.498359 0.000000
vt 0.113302 1.434063 0.000000
vt 0.251304 1.658102 0.000000
vt 0.110129 1.465265 0.000000
vt 0.189362 1.815736 0.000000
vt 0.100741 1.495189 0.000000
vt 0.085520 1.522610 0.000000
vt 0.065092 1.546406 0.000000
vt 0.040292 1.565603 0.000000
vt 0.012134 1.579415 0.000000
vt -0.018227 1.587276 0.000000
vt -0.049549 1.588864 0.000000
vt -0.080549 1.584115 0.000000
vt -0.550102 1.867883 0.000000
vt -0.109959 1.573223 0.000000
vt -0.136574 1.556634 0.000000
vt -0.479327 1.722599 0.000000
vt -0.159305 1.535026 0.000000
vt -0.414332 1.574638 0.000000
vt -0.177222 1.509285 0.000000
vt -0.189589 1.480465 0.000000
vt -0.355218 1.424231 0.000000
vt -0.195903 1.449744 0.000000
vt -0.302078 1.271612 0.000000
vt -0.195903 1.418382 0.000000
vt -0.254993 1.117017 0.000000
vt -0.189589 1.387662 0.000000
vt -0.177222 1.358842 0.000000
vt -0.214038 0.960686 0.000000
vt -0.159305 1.333101 0.000000
vt -0.136574 1.311493 0.000000
vt -0.179275 0.802863 0.000000
vt -0.109959 1.294904 0.000000
vt -0.080549 1.284011 0.000000
vt -0.150759 0.643792 0.000000
vt -0.049549 1.279262 0.000000
vt -0.018227 1.280851 0.000000
vt 0.111533 -1.461188 0.000000
vt 0.251304 -1.658102 0.000000
vt 0.114706 -1.429986 0.000000
vt 0.307587 -1.498359 0.000000
vt 0.189362 -1.815736 0.000000
vt 0.102144 -1.491112 0.000000
vt 0.086924 -1.518533 0.000000
vt 0.066496 -1.542329 0.000000
vt 0.041695 -1.561526 0.000000
vt 0.013538 -1.575338 0.000000
vt -0.016823 -1.583199 0.000000
vt -0.048145 -1.584787 0.000000
vt -0.079145 -1.580038 0.000000
vt -0.550102 -1.867883 0.000000
vt -0.108555 -1.569146 0.000000
vt -0.135170 -1.552557 0.000000
vt -0.479326 -1.722599 0.000000
vt -0.157902 -1.530949 0.000000
vt -0.414332 -1.574638 0.000000
vt -0.175818 -1.505208 0.000000
vt -0.188186 -1.476388 0.000000
vt -0.355218 -1.424231 0.000000
vt -0.194499 -1.445667 0.000000
vt -0.302078 -1.271612 0.000000
vt -0.194499 -1.414305 0.000000
vt -0.254993 -1.117017 0.000000
vt -0.188186 -1.383585 0.000000
vt -0.175818 -1.354765 0.000000
vt -0.214038 -0.960686 0.000000
vt -0.157902 -1.329024 0.000000
vt -0.135170 -1.307416 0.000000
vt -0.179275 -0.802863 0.000000
vt -0.108555 -1.290827 0.000000
vt -0.079145 -1.279934 0.000000
vt -0.150759 -0.643792 0.000000
vt -0.048145 -1.275185 0.000000
vt -0.016823 -1.276774 0.000000
vn 0.000000 0.000000 -100.000000
vn 0.000000 0.000000 -100.000000
vn 0.000000 0.000000 -100.000000
vn 0.000000 0.000000 -100.000000
vn 0.000000 0.000000 -100.000000
vn 0.000000 0.000000 -100.000000
vn 0.000000 0.000000 -100.000000
vn 0.000000 0.000000 -100.000000
vn 0.000000 0.000000 -100.000000
vn 0.000000 0.000000 -100.000000
vn 0.000000 0.000000 -100.000000
vn 0.000000 0.000000 -100.000000
vn 0.000000 0.000000 -100.000000
vn 0.000000 0.000000 -100.000000
vn 0.000000 0.000000 -100.000000
vn 0.000000 0.000000 -100.000000
vn 0.000000 0.000000 -100.000000
vn 0.000000 0.000000 -100.000000
vn 0.000000 0.000000 -100.000000
vn 0.000000 0.000000 -100.000000
vn 0.000000 0.000000 -100.000000
vn 0.000000 0.000000 -100.000000
vn 0.000000 0.000000 -100.000000
vn 0.000000 0.000000 -100.000000
vn 0.000000 0.000000 -100.000000
vn 0.000000 0.000000 -100.000000
vn 0.000000 0.000000 -100.000000
vn 0.000000 0.000000 -100.000000
vn 0.000000 0.000000 -100.000000
vn 0.000000 0.000000 -100.000000
vn 0.000000 0.000000 -100.000000
vn 0.000000 0.000000 -100.000000
vn 0.000000 0.000000 -100.000000
vn 0.000000 0.000000 -100.000000
vn 0.000000 0.000000 -100.000000
vn 0.000000 0.000000 -100.000000
vn 0.000000 0.000000 -100.000000
vn 0.000000 0.000000 -100.000000
vn 0.000000 0.000000 -100.000000
vn 0.000000 0.000000 -100.000000
vn 0.000000 0.000000 -100.000000
vn 0.000000 0.000000 -100.000000
vn 0.000000 0.000000 -100.000000
vn 0.000000 0.000000 -100.000000
vn 0.000000 0.000000 -100.000000
vn 0.000000 0.000000 -100.000000
vn 0.000000 0.000000 -100.000000
vn 0.000000 0.000000 -100.000000
vn 0.000000 0.000000 -100.000000
vn 0.000000 0.000000 -100.000000
vn 0.000000 0.000000 -100.000000
vn 0.000000 0.000000 -100.000000
vn 0.000000 0.000000 -100.000000
vn 0.000000 0.000000 -100.000000
vn 0.000000 0.000000 -100.000000
vn 0.000000 0.000000 -100.000000
vn 0.000000 0.000000 -100.000000
vn 0.000000 0.000000 -100.000000
vn 0.000000 0.000000 -100.000000
vn 0.000000 0.000000 -100.000000
vn 0.000000 0.000000 -100.000000
vn 0.000000 0.000000 -100.000000
vn 0.000000 0.000000 -100.000000
vn 0.000000 0.000000 -100.000000
vn 0.000000 0.000000 -100.000000
vn 0.000000 0.000000 -100.000000
vn 0.000000 0.000000 -100.000000
vn 0.000000 0.000000 -100.000000
vn 0.000000 0.000000 -100.000000
vn 0.000000 0.000000 -100.000000
vn 0.000000 0.000000 -100.000000
vn 0.000000 0.000000 -100.000000
vn 0.000000 0.000000 -100.000000
vn 0.000000 0.000000 -100.000000
vn 0.000000 0.000000 -100.000000
vn 0.000000 0.000000 -100.000000
vn 0.000000 0.000000 -100.000000
vn 0.000000 0.000000 -100.000000
vn 0.000000 0.000000 -100.000000
vn 0.000000 0.000000 -100.000000
vn 0.000000 0.000000 -100.000000
vn 0.000000 0.000000 -100.000000
vn 0.000000 0.000000 -100.000000
vn 0.000000 0.000000 -100.000000
vn 0.000000 0.000000 -100.000000
vn 0.000000 0.000000 -100.000000
vn 0.000000 0.000000 -100.000000
vn 0.000000 0.000000 -100.000000
vn 0.000000 0.000000 -100.000000
vn 0.000000 0.000000 -100.000000
vn 0.000000 0.000000 -100.000000
vn -98.768834 -15.643447 0.000000
vn -98.768834 -15.643447 0.000000
vn -100.000000 -0.000000 0.000000
vn -100.000000 -0.000000 0.000000
vn -98.768834 15.643447 0.000000
vn -98.768834 15.643447 0.000000
vn -95.105652 30.901699 0.000000
vn -95.105652 -30.901699 0.000000
vn -95.105652 -30.901699 0.000000
vn -89.100652 -45.399050 0.000000
vn -89.100652 -45.399050 0.000000
vn -80.901699 -58.778525 0.000000
vn -80.901699 -58.778525 0.000000
vn -70.710678 -70.710678 0.000000
vn -70.710678 -70.710678 0.000000
vn -58.778525 -80.901699 0.000000
vn -58.778525 -80.901699 0.000000
vn -45.399050 -89.100652 0.000000
vn -45.399050 -89.100652 0.000000
vn -30.901699 -95.105652 0.000000
vn -30.901699 -95.105652 0.000000
vn -15.643447 -98.768834 0.000000
vn -15.643447 -98.768834 0.000000
vn 0.000000 -100.000000 0.000000
vn 0.000000 -100.000000 0.000000
vn 15.643447 -98.768834 0.000000
vn 15.643447 -98.768834 0.000000
vn 30.901699 -95.105652 0.000000
vn 30.901699 -95.105652 0.000000
vn 45.399050 -89.100652 0.000000
vn 45.399050 -89.100652 0.000000
vn 58.778525 -80.901699 0.000000
vn 58.778525 -80.901699 0.000000
vn 70.710678 -70.710678 0.000000
vn 70.710678 -70.710678 0.000000
vn 80.901699 -58.778525 0.000000
vn 80.901699 -58.778525 0.000000
vn 89.100652 -45.399050 0.000000
vn 89.100652 -45.399050 0.000000
vn 95.105652 -30.901699 0.000000
vn 95.105652 -30.901699 0.000000
vn 98.768834 -15.643447 0.000000
vn 98.768834 -15.643447 0.000000
vn 100.000000 0.000000 0.000000
vn 100.000000 0.000000 0.000000
vn 98.768834 15.643447 0.000000
vn 98.768834 15.643447 0.000000
vn 95.105652 30.901699 0.000000
vn 95.105652 30.901699 0.000000
vn 89.100652 45.399050 0.000000
vn 89.100652 45.399050 0.000000
vn 80.901699 58.778525 0.000000
vn 80.901699 58.778525 0.000000
vn 70.710678 70.710678 0.000000
vn 70.710678 70.710678 0.000000
vn 58.778525 80.901699 0.000000
vn 58.778525 80.901699 0.000000
vn 45.399050 89.100652 0.000000
vn 45.399050 89.100652 0.000000
vn 30.901699 95.105652 0.000000
vn 30.901699 95.105652 0.000000
vn 15.643447 98.768834 0.000000
vn 15.643447 98.768834 0.000000
vn 0.000000 100.000000 0.000000
vn 0.000000 100.000000 0.000000
vn -15.643447 98.768834 0.000000
vn -15.643447 98.768834 0.000000
vn -30.901699 95.105652 0.000000
vn -30.901699 95.105652 0.000000
vn -45.399050 89.100652 0.000000
vn -45.399050 89.100652 0.000000
vn -58.778525 80.901699 0.000000
vn -58.778525 80.901699 0.000000
vn -70.710678 70.710678 0.000000
vn -70.710678 70.710678 0.000000
vn -80.901699 58.778525 0.000000
vn -80.901699 58.778525 0.000000
vn -89.100652 45.399050 0.000000
vn -89.100652 45.399050 0.000000
vn -95.105652 30.901699 0.000000
vn 0.000000 0.000000 100.000000
vn 0.000000 0.000000 100.000000
vn 0.000000 0.000000 100.000000
vn 0.000000 0.000000 100.000000
vn 0.000000 0.000000 100.000000
vn 0.000000 0.000000 100.000000
vn 0.000000 0.000000 100.000000
vn 0.000000 0.000000 100.000000
vn 0.000000 0.000000 100.000000
vn 0.000000 0.000000 100.000000
vn 0.000000 0.000000 100.000000
vn 0.000000 0.000000 100.000000
vn 0.000000 0.000000 100.000000
vn 0.000000 0.000000 100.000000
vn 0.000000 0.000000 100.000000
vn 0.000000 0.000000 100.000000
vn 0.000000 0.000000 100.000000
vn 0.000000 0.000000 100.000000
vn 0.000000 0.000000 100.000000
vn 0.000000 0.000000 100.000000
vn 0.000000 0.000000 100.000000
vn 0.000000 0.000000 100.000000
vn 0.000000 0.000000 100.000000
vn 0.000000 0.000000 100.000000
vn 0.000000 0.000000 100.000000
vn 0.000000 0.000000 100.000000
vn 0.000000 0.000000 100.000000
vn 0.000000 0.000000 100.000000
vn 0.000000 0.000000 100.000000
vn 0.000000 0.000000 100.000000
vn 0.000000 0.000000 100.000000
vn 0.000000 0.000000 100.000000
vn 0.000000 0.000000 100.000000
vn 0.000000 0.000000 100.000000
vn 0.000000 0.000000 100.000000
vn 0.000000 0.000000 100.000000
vn 0.000000 0.000000 100.000000
vn 0.000000 0.000000 100.000000
vn 0.000000 0.000000 100.000000
vn 0.000000 0.000000 100.000000
vn 0.000000 0.000000 100.000000
vn 0.000000 0.000000 100.000000
vn 0.000000 0.000000 100.000000
vn 0.000000 0.000000 100.000000
vn 0.000000 0.000000 100.000000
vn 0.000000 0.000000 100.000000
vn 0.000000 0.000000 100.000000
vn 0.000000 0.000000 100.000000
vn 0.000000 0.000000 100.000000
vn 0.000000 0.000000 100.000000
vn 0.000000 0.000000 100.000000
vn 0.000000 0.000000 100.000000
vn 0.000000 0.000000 100.000000
vn 0.000000 0.000000 100.000000
vn 0.000000 0.000000 100.000000
vn 0.000000 0.000000 100.000000
vn 0.000000 0.000000 100.000000
vn 0.000000 0.000000 100.000000
vn 0.000000 0.000000 100.000000
vn 0.000000 0.000000 100.000000
vn 0.000000 0.000000 100.000000
vn 0.000000 0.000000 100.000000
vn 0.000000 0.000000 100.000000
vn 0.000000 0.000000 100.000000
vn 0.000000 0.000000 100.000000
vn 0.000000 0.000000 100.000000
vn 0.000000 0.000000 100.000000
vn 0.000000 0.000000 100.000000
vn 0.000000 0.000000 100.000000
vn 0.000000 0.000000 100.000000
vn 0.000000 0.000000 100.000000
vn 0.000000 0.000000 100.000000
vn 0.000000 0.000000 100.000000
vn 0.000000 0.000000 100.000000
vn 0.000000 0.000000 100.000000
vn 0.000000 0.000000 100.000000
vn 0.000000 0.000000 100.000000
vn 0.000000 0.000000 100.000000
vn 0.000000 0.000000 100.000000
vn 0.000000 0.000000 100.000000
vn 0.000000 0.000000 100.000000
vn 0.000000 0.000000 100.000000
vn 0.000000 0.000000 100.000000
vn 0.000000 0.000000 100.000000
vn 0.000000 0.000000 100.000000
vn 0.000000 0.000000 100.000000
vn 0.000000 0.000000 100.000000
vn 0.000000 0.000000 100.000000
vn 0.000000 0.000000 100.000000
vn 0.000000 0.000000 100.000000
vn 0.000000 0.000000 100.000000
vn 0.000000 0.000000 100.000000
vn 0.000000 0.000000 100.000000
vn 0.000000 0.000000 100.000000
vn 0.000000 0.000000 100.000000
vn 99.242051 12.288829 0.000000
vn 99.242051 12.288829 0.000000
vn 100.000000 0.000000 0.000000
vn 100.000000 0.000000 0.000000
vn 99.242051 -12.288829 0.000000
vn 99.242051 -12.288829 0.000000
vn 96.979694 -24.391372 0.000000
vn 96.979694 -24.391372 0.000000
vn 93.247223 -36.124167 0.000000
vn 93.247223 -36.124167 0.000000
vn 88.101219 -47.309356 0.000000
vn 88.101219 -47.309356 0.000000
vn 81.619691 -57.777383 0.000000
vn 81.619691 -57.777383 0.000000
vn 73.900892 -67.369564 0.000000
vn 73.900892 -67.369564 0.000000
vn 65.061830 -75.940492 0.000000
vn 65.061830 -75.940492 0.000000
vn 55.236497 -83.360239 0.000000
vn 55.236497 -83.360239 0.000000
vn 44.573836 -89.516329 0.000000
vn 44.573836 -89.516329 0.000000
vn 33.235480 -94.315443 0.000000
vn 33.235480 -94.315443 0.000000
vn 21.393308 -97.684832 0.000000
vn 21.393308 -97.684832 0.000000
vn 9.226836 -99.573418 0.000000
vn 9.226836 -99.573418 0.000000
vn -3.079506 -99.952572 0.000000
vn -3.079506 -99.952572 0.000000
vn -15.339165 -98.816547 0.000000
vn -15.339165 -98.816547 0.000000
vn -27.366299 -96.182564 0.000000
vn -27.366299 -96.182564 0.000000
vn -38.978587 -92.090552 0.000000
vn -38.978587 -92.090552 0.000000
vn -50.000000 -86.602540 0.000000
vn -50.000000 -86.602540 0.000000
vn -60.263464 -79.801723 0.000000
vn -60.263464 -79.801723 0.000000
vn -69.613395 -71.791192 0.000000
vn -69.613395 -71.791192 0.000000
vn -77.908057 -62.692381 0.000000
vn -77.908057 -62.692381 0.000000
vn -85.021714 -52.643216 0.000000
vn -85.021714 -52.643216 0.000000
vn -90.846527 -41.796034 0.000000
vn -90.846527 -41.796034 0.000000
vn -95.294200 -30.315267 0.000000
vn -95.294200 -30.315267 0.000000
vn -98.297310 -18.374952 0.000000
vn -98.297310 -18.374952 0.000000
vn -99.810333 -6.156091 0.000000
vn -99.810333 -6.156091 0.000000
vn -99.810333 6.156091 0.000000
vn -99.810333 6.156091 0.000000
vn -98.297310 18.374952 0.000000
vn -98.297310 18.374952 0.000000
vn -95.294200 30.315267 0.000000
vn -95.294200 30.315267 0.000000
vn -90.846527 41.796034 0.000000
vn -90.846527 41.796034 0.000000
vn -85.021714 52.643216 0.000000
vn -85.021714 52.643216 0.000000
vn -77.908057 62.692381 0.000000
vn -77.908057 62.692381 0.000000
vn -69.613395 71.791192 0.000000
vn -69.613395 71.791192 0.000000
vn -60.263464 79.801723 0.000000
vn -60.263464 79.801723 0.000000
vn -50.000000 86.602540 0.000000
vn -50.000000 86.602540 0.000000
vn -38.978587 92.090552 0.000000
vn -38.978587 92.090552 0.000000
vn -27.366299 96.182564 0.000000
vn -27.366299 96.182564 0.000000
vn -15.339165 98.816547 0.000000
vn -15.339165 98.816547 0.000000
vn -3.079506 99.952572 0.000000
vn -3.079506 99.952572 0.000000
vn 9.226836 99.573418 0.000000
vn 9.226836 99.573418 0.000000
vn 21.393308 97.684832 0.000000
vn 21.393308 97.684832 0.000000
vn 33.235480 94.315443 0.000000
vn 33.235480 94.315443 0.000000
vn 44.573836 89.516329 0.000000
vn 44.573836 89.516329 0.000000
vn 55.236497 83.360239 0.000000
vn 55.236497 83.360239 0.000000
vn 65.061830 75.940492 0.000000
vn 65.061830 75.940492 0.000000
vn 73.900892 67.369564 0.000000
vn 73.900892 67.369564 0.000000
vn 81.619691 57.777383 0.000000
vn 81.619691 57.777383 0.000000
vn 88.101219 47.309356 0.000000
vn 88.101219 47.309356 0.000000
vn 93.247223 36.124167 0.000000
vn 93.247223 36.124167 0.000000
vn 96.979694 24.391372 0.000000
vn 96.979694 24.391372 0.000000
vn -56.238305 -82.687684 0.000000
vn -56.238305 -82.687684 0.000000
vn -48.636724 -87.375449 0.000000
vn -48.636724 -87.375449 0.000000
vn -40.647220 -91.366315 0.000000
vn -40.647220 -91.366315 0.000000
vn -32.333518 -94.628450 0.000000
vn -32.333518 -94.628450 0.000000
vn -23.761926 -97.135837 0.000000
vn -23.761926 -97.135837 0.000000
vn -15.000810 -98.868477 0.000000
vn -15.000810 -98.868477 0.000000
vn -6.120050 -99.812549 0.000000
vn -6.120050 -99.812549 0.000000
vn 2.809524 -99.960525 0.000000
vn 2.809524 -99.960525 0.000000
vn 11.716689 -99.311224 0.000000
vn 11.716689 -99.311224 0.000000
vn 20.530403 -97.869825 0.000000
vn 20.530403 -97.869825 0.000000
vn 29.180367 -95.647824 0.000000
vn 29.180367 -95.647824 0.000000
vn 37.597592 -92.662943 0.000000
vn 37.597592 -92.662943 0.000000
vn 45.714941 -88.938991 0.000000
vn 45.714941 -88.938991 0.000000
vn 53.467672 -84.505669 0.000000
vn 53.467672 -84.505669 0.000000
vn 60.793949 -79.398336 0.000000
vn 60.793949 -79.398336 0.000000
vn 67.635338 -73.657729 0.000000
vn 67.635338 -73.657729 0.000000
vn 73.937274 -67.329633 0.000000
vn 73.937274 -67.329633 0.000000
vn 79.649492 -60.464522 0.000000
vn 79.649492 -60.464522 0.000000
vn 84.726432 -53.117151 0.000000
vn 84.726432 -53.117151 0.000000
vn 89.127601 -45.346122 0.000000
vn 89.127601 -45.346122 0.000000
vn 92.817895 -37.213416 0.000000
vn 92.817895 -37.213416 0.000000
vn 95.767882 -28.783899 0.000000
vn 95.767882 -28.783899 0.000000
vn 97.954031 -20.124804 0.000000
vn 97.954031 -20.124804 0.000000
vn 99.358908 -11.305195 0.000000
vn 99.358908 -11.305195 0.000000
vn 99.971306 -2.395417 0.000000
vn 99.971306 -2.395417 0.000000
vn 99.786341 6.533467 0.000000
vn 99.786341 6.533467 0.000000
vn 98.805488 15.410241 0.000000
vn 98.805488 15.410241 0.000000
vn 97.036571 24.164104 0.000000
vn 97.036571 24.164104 0.000000
vn 94.493698 32.725235 0.000000
vn 94.493698 32.725235 0.000000
vn 91.197151 41.025353 0.000000
vn 91.197151 41.025353 0.000000
vn -56.238305 -82.687684 0.000000
vn -56.238305 -82.687684 0.000000
vn 91.197151 41.025353 0.000000
vn 91.197151 41.025353 0.000000
vn 98.768834 15.643447 0.000000
vn 98.768834 15.643447 0.000000
vn 100.000000 0.000000 0.000000
vn 100.000000 0.000000 0.000000
vn 98.768834 -15.643447 0.000000
vn 98.768834 -15.643447 0.000000
vn 95.105652 -30.901699 0.000000
vn 95.105652 30.901699 0.000000
vn 95.105652 30.901699 0.000000
vn 89.100652 45.399050 0.000000
vn 89.100652 45.399050 0.000000
vn 80.901699 58.778525 0.000000
vn 80.901699 58.778525 0.000000
vn 70.710678 70.710678 0.000000
vn 70.710678 70.710678 0.000000
vn 58.778525 80.901699 0.000000
vn 58.778525 80.901699 0.000000
vn 45.399050 89.100652 0.000000
vn 45.399050 89.100652 0.000000
vn 30.901699 95.105652 0.000000
vn 30.901699 95.105652 0.000000
vn 15.643447 98.768834 0.000000
vn 15.643447 98.768834 0.000000
vn -0.000000 100.000000 0.000000
vn -0.000000 100.000000 0.000000
vn -15.643447 98.768834 0.000000
vn -15.643447 98.768834 0.000000
vn -30.901699 95.105652 0.000000
vn -30.901699 95.105652 0.000000
vn -45.399050 89.100652 0.000000
vn -45.399050 89.100652 0.000000
vn -58.778525 80.901699 0.000000
vn -58.778525 80.901699 0.000000
vn -70.710678 70.710678 0.000000
vn -70.710678 70.710678 0.000000
vn -80.901699 58.778525 0.000000
vn -80.901699 58.778525 0.000000
vn -89.100652 45.399050 0.000000
vn -89.100652 45.399050 0.000000
vn -95.105652 30.901699 0.000000
vn -95.105652 30.901699 0.000000
vn -98.768834 15.643447 0.000000
vn -98.768834 15.643447 0.000000
vn -100.000000 0.000000 0.000000
vn -100.000000 0.000000 0.000000
vn -98.768834 -15.643447 0.000000
vn -98.768834 -15.643447 0.000000
vn -95.105652 -30.901699 0.000000
vn -95.105652 -30.901699 0.000000
vn -89.100652 -45.399050 0.000000
vn -89.100652 -45.399050 0.000000
vn -80.901699 -58.778525 0.000000
vn -80.901699 -58.778525 0.000000
vn -70.710678 -70.710678 0.000000
vn -70.710678 -70.710678 0.000000
vn -58.778525 -80.901699 0.000000
vn -58.778525 -80.901699 0.000000
vn -45.399050 -89.100652 0.000000
vn -45.399050 -89.100652 0.000000
vn -30.901699 -95.105652 0.000000
vn -30.901699 -95.105652 0.000000
vn -15.643447 -98.768834 0.000000
vn -15.643447 -98.768834 0.000000
vn -0.000000 -100.000000 0.000000
vn -0.000000 -100.000000 0.000000
vn 15.643447 -98.768834 0.000000
vn 15.643447 -98.768834 0.000000
vn 30.901699 -95.105652 0.000000
vn 30.901699 -95.105652 0.000000
vn 45.399050 -89.100652 0.000000
vn 45.399050 -89.100652 0.000000
vn 58.778525 -80.901699 0.000000
vn 58.778525 -80.901699 0.000000
vn 70.710678 -70.710678 0.000000
vn 70.710678 -70.710678 0.000000
vn 80.901699 -58.778525 0.000000
vn 80.901699 -58.778525 0.000000
vn 89.100652 -45.399050 0.000000
vn 89.100652 -45.399050 0.000000
vn 95.105652 -30.901699 0.000000
vn 0.000000 0.000000 -100.000000
vn 0.000000 0.000000 -100.000000
vn 0.000000 0.000000 -100.000000
vn 0.000000 0.000000 -100.000000
vn 0.000000 0.000000 -100.000000
vn 0.000000 0.000000 -100.000000
vn 0.000000 0.000000 -100.000000
vn 0.000000 0.000000 -100.000000
vn 0.000000 0.000000 -100.000000
vn 0.000000 0.000000 -100.000000
vn 0.000000 0.000000 -100.000000
vn 0.000000 0.000000 -100.000000
vn 0.000000 0.000000 -100.000000
vn 0.000000 0.000000 -100.000000
vn 0.000000 0.000000 -100.000000
vn 0.000000 0.000000 -100.000000
vn 0.000000 0.000000 -100.000000
vn 0.000000 0.000000 -100.000000
vn 0.000000 0.000000 -100.000000
vn 0.000000 0.000000 -100.000000
vn 0.000000 0.000000 -100.000000
vn 0.000000 0.000000 -100.000000
vn 0.000000 0.000000 -100.000000
vn 0.000000 0.000000 -100.000000
vn 0.000000 0.000000 -100.000000
vn 0.000000 0.000000 -100.000000
vn 0.000000 0.000000 -100.000000
vn 0.000000 0.000000 -100.000000
vn 0.000000 0.000000 -100.000000
vn 0.000000 0.000000 -100.000000
vn 0.000000 0.000000 -100.000000
vn 0.000000 0.000000 -100.000000
vn 0.000000 0.000000 -100.000000
vn 0.000000 0.000000 -100.000000
vn 0.000000 0.000000 -100.000000
vn 0.000000 0.000000 -100.000000
vn 0.000000 0.000000 -100.000000
vn 0.000000 0.000000 -100.000000
vn 0.000000 0.000000 -100.000000
vn 0.000000 0.000000 -100.000000
vn 0.000000 0.000000 -100.000000
vn 0.000000 0.000000 -100.000000
vn 0.000000 0.000000 -100.000000
vn 0.000000 0.000000 -100.000000
vn 0.000000 0.000000 -100.000000
vn 0.000000 0.000000 -100.000000
vn 0.000000 0.000000 -100.000000
vn 0.000000 0.000000 -100.000000
vn 0.000000 0.000000 -100.000000
vn 0.000000 0.000000 -100.000000
vn 0.000000 0.000000 -100.000000
vn 0.000000 0.000000 -100.000000
vn 0.000000 0.000000 -100.000000
vn 0.000000 0.000000 -100.000000
vn 0.000000 0.000000 -100.000000
vn 0.000000 0.000000 -100.000000
vn 0.000000 0.000000 -100.000000
vn 0.000000 0.000000 -100.000000
vn 0.000000 0.000000 -100.000000
vn 0.000000 0.000000 -100.000000
vn 0.000000 0.000000 -100.000000
vn 0.000000 0.000000 -100.000000
vn 0.000000 0.000000 -100.000000
vn 0.000000 0.000000 -100.000000
vn 0.000000 0.000000 -100.000000
vn 0.000000 0.000000 -100.000000
vn 0.000000 0.000000 -100.000000
vn 0.000000 0.000000 -100.000000
vn 0.000000 0.000000 -100.000000
vn 0.000000 0.000000 -100.000000
vn 0.000000 0.000000 -100.000000
vn 98.768834 15.643447 0.000000
vn 98.768834 15.643447 0.000000
vn 100.000000 0.000000 0.000000
vn 100.000000 0.000000 0.000000
vn 98.768834 -15.643447 0.000000
vn 98.768834 -15.643447 0.000000
vn 95.105652 -30.901699 0.000000
vn 95.105652 30.901699 0.000000
vn 95.105652 30.901699 0.000000
vn 89.100652 45.399050 0.000000
vn 89.100652 45.399050 0.000000
vn 80.901699 58.778525 0.000000
vn 80.901699 58.778525 0.000000
vn 70.710678 70.710678 0.000000
vn 70.710678 70.710678 0.000000
vn 58.778525 80.901699 0.000000
vn 58.778525 80.901699 0.000000
vn 45.399050 89.100652 0.000000
vn 45.399050 89.100652 0.000000
vn 30.901699 95.105652 0.000000
vn 30.901699 95.105652 0.000000
vn 15.643447 98.768834 0.000000
vn 15.643447 98.768834 0.000000
vn -0.000000 100.000000 0.000000
vn -0.000000 100.000000 0.000000
vn -15.643447 98.768834 0.000000
vn -15.643447 98.768834 0.000000
vn -30.901699 95.105652 0.000000
vn -30.901699 95.105652 0.000000
vn -45.399050 89.100652 0.000000
vn -45.399050 89.100652 0.000000
vn -58.778525 80.901699 0.000000
vn -58.778525 80.901699 0.000000
vn -70.710678 70.710678 0.000000
vn -70.710678 70.710678 0.000000
vn -80.901699 58.778525 0.000000
vn -80.901699 58.778525 0.000000
vn -89.100652 45.399050 0.000000
vn -89.100652 45.399050 0.000000
vn -95.105652 30.901699 0.000000
vn -95.105652 30.901699 0.000000
vn -98.768834 15.643447 0.000000
vn -98.768834 15.643447 0.000000
vn -100.000000 0.000000 0.000000
vn -100.000000 0.000000 0.000000
vn -98.768834 -15.643447 0.000000
vn -98.768834 -15.643447 0.000000
vn -95.105652 -30.901699 0.000000
vn -95.105652 -30.901699 0.000000
vn -89.100652 -45.399050 0.000000
vn -89.100652 -45.399050 0.000000
vn -80.901699 -58.778525 0.000000
vn -80.901699 -58.778525 0.000000
vn -70.710678 -70.710678 0.000000
vn -70.710678 -70.710678 0.000000
vn -58.778525 -80.901699 0.000000
vn -58.778525 -80.901699 0.000000
vn -45.399050 -89.100652 0.000000
vn -45.399050 -89.100652 0.000000
vn -30.901699 -95.105652 0.000000
vn -30.901699 -95.105652 0.000000
vn -15.643447 -98.768834 0.000000
vn -15.643447 -98.768834 0.000000
vn -0.000000 -100.000000 0.000000
vn -0.000000 -100.000000 0.000000
vn 15.643447 -98.768834 0.000000
vn 15.643447 -98.768834 0.000000
vn 30.901699 -95.105652 0.000000
vn 30.901699 -95.105652 0.000000
vn 45.399050 -89.100652 0.000000
vn 45.399050 -89.100652 0.000000
vn 58.778525 -80.901699 0.000000
vn 58.778525 -80.901699 0.000000
vn 70.710678 -70.710678 0.000000
vn 70.710678 -70.710678 0.000000
vn 80.901699 -58.778525 0.000000
vn 80.901699 -58.778525 0.000000
vn 89.100652 -45.399050 0.000000
vn 89.100652 -45.399050 0.000000
vn 95.105652 -30.901699 0.000000
vn 0.000000 0.000000 -100.000000
vn 0.000000 0.000000 -100.000000
vn 0.000000 0.000000 -100.000000
vn 0.000000 0.000000 -100.000000
vn 0.000000 0.000000 -100.000000
vn 0.000000 0.000000 -100.000000
vn 0.000000 0.000000 -100.000000
vn 0.000000 0.000000 -100.000000
vn 0.000000 0.000000 -100.000000
vn 0.000000 0.000000 -100.000000
vn 0.000000 0.000000 -100.000000
vn 0.000000 0.000000 -100.000000
vn 0.000000 0.000000 -100.000000
vn 0.000000 0.000000 -100.000000
vn 0.000000 0.000000 -100.000000
vn 0.000000 0.000000 -100.000000
vn 0.000000 0.000000 -100.000000
vn 0.000000 0.000000 -100.000000
vn 0.000000 0.000000 -100.000000
vn 0.000000 0.000000 -100.000000
vn 0.000000 0.000000 -100.000000
vn 0.000000 0.000000 -100.000000
vn 0.000000 0.000000 -100.000000
vn 0.000000 0.000000 -100.000000
vn 0.000000 0.000000 -100.000000
vn 0.000000 0.000000 -100.000000
vn 0.000000 0.000000 -100.000000
vn 0.000000 0.000000 -100.000000
vn 0.000000 0.000000 -100.000000
vn 0.000000 0.000000 -100.000000
vn 0.000000 0.000000 -100.000000
vn 0.000000 0.000000 -100.000000
vn 0.000000 0.000000 -100.000000
vn 0.000000 0.000000 -100.000000
vn 0.000000 0.000000 -100.000000
vn 0.000000 0.000000 -100.000000
vn 0.000000 0.000000 -100.000000
vn 0.000000 0.000000 -100.000000
vn 0.000000 0.000000 -100.000000
vn 0.000000 0.000000 -100.000000
vn 0.000000 0.000000 -100.000000
vn 0.000000 0.000000 -100.000000
vn 0.000000 0.000000 -100.000000
vn 0.000000 0.000000 -100.000000
vn 0.000000 0.000000 -100.000000
vn 0.000000 0.000000 -100.000000
vn 0.000000 0.000000 -100.000000
vn 0.000000 0.000000 -100.000000
vn 0.000000 0.000000 -100.000000
vn 0.000000 0.000000 -100.000000
vn 0.000000 0.000000 -100.000000
vn 0.000000 0.000000 -100.000000
vn 0.000000 0.000000 -100.000000
vn 0.000000 0.000000 -100.000000
vn 0.000000 0.000000 -100.000000
vn 0.000000 0.000000 -100.000000
vn 0.000000 0.000000 -100.000000
vn 0.000000 0.000000 -100.000000
vn 0.000000 0.000000 -100.000000
vn 0.000000 0.000000 -100.000000
vn 0.000000 0.000000 -100.000000
vn 0.000000 0.000000 -100.000000
vn 0.000000 0.000000 -100.000000
vn 0.000000 0.000000 -100.000000
vn 0.000000 0.000000 -100.000000
vn 0.000000 0.000000 -100.000000
vn 0.000000 0.000000 -100.000000
vn 0.000000 0.000000 -100.000000
vn 0.000000 0.000000 -100.000000
vn 0.000000 0.000000 -100.000000
vn 0.000000 0.000000 -100.000000
vn 98.768834 15.643447 0.000000
vn 98.768834 15.643447 0.000000
vn 100.000000 0.000000 0.000000
vn 100.000000 0.000000 0.000000
vn 98.768834 -15.643447 0.000000
vn 98.768834 -15.643447 0.000000
vn 95.105652 -30.901699 0.000000
vn 95.105652 30.901699 0.000000
vn 95.105652 30.901699 0.000000
vn 89.100652 45.399050 0.000000
vn 89.100652 45.399050 0.000000
vn 80.901699 58.778525 0.000000
vn 80.901699 58.778525 0.000000
vn 70.710678 70.710678 0.000000
vn 70.710678 70.710678 0.000000
vn 58.778525 80.901699 0.000000
vn 58.778525 80.901699 0.000000
vn 45.399050 89.100652 0.000000
vn 45.399050 89.100652 0.000000
vn 30.901699 95.105652 0.000000
vn 30.901699 95.105652 0.000000
vn 15.643447 98.768834 0.000000
vn 15.643447 98.768834 0.000000
vn -0.000000 100.000000 0.000000
vn -0.000000 100.000000 0.000000
vn -15.643447 98.768834 0.000000
vn -15.643447 98.768834 0.000000
vn -30.901699 95.105652 0.000000
vn -30.901699 95.105652 0.000000
vn -45.399050 89.100652 0.000000
vn -45.399050 89.100652 0.000000
vn -58.778525 80.901699 0.000000
vn -58.778525 80.901699 0.000000
vn -70.710678 70.710678 0.000000
vn -70.710678 70.710678 0.000000
vn -80.901699 58.778525 0.000000
vn -80.901699 58.778525 0.000000
vn -89.100652 45.399050 0.000000
vn -89.100652 45.399050 0.000000
vn -95.105652 30.901699 0.000000
vn -95.105652 30.901699 0.000000
vn -98.768834 15.643447 0.000000
vn -98.768834 15.643447 0.000000
vn -100.000000 0.000000 0.000000
vn -100.000000 0.000000 0.000000
vn -98.768834 -15.643447 0.000000
vn -98.768834 -15.643447 0.000000
vn -95.105652 -30.901699 0.000000
vn -95.105652 -30.901699 0.000000
vn -89.100652 -45.399050 0.000000
vn -89.100652 -45.399050 0.000000
vn -80.901699 -58.778525 0.000000
vn -80.901699 -58.778525 0.000000
vn -70.710678 -70.710678 0.000000
vn -70.710678 -70.710678 0.000000
vn -58.778525 -80.901699 0.000000
vn -58.778525 -80.901699 0.000000
vn -45.399050 -89.100652 0.000000
vn -45.399050 -89.100652 0.000000
vn -30.901699 -95.105652 0.000000
vn -30.901699 -95.105652 0.000000
vn -15.643447 -98.768834 0.000000
vn -15.643447 -98.768834 0.000000
vn -0.000000 -100.000000 0.000000
vn -0.000000 -100.000000 0.000000
vn 15.643447 -98.768834 0.000000
vn 15.643447 -98.768834 0.000000
vn 30.901699 -95.105652 0.000000
vn 30.901699 -95.105652 0.000000
vn 45.399050 -89.100652 0.000000
vn 45.399050 -89.100652 0.000000
vn 58.778525 -80.901699 0.000000
vn 58.778525 -80.901699 0.000000
vn 70.710678 -70.710678 0.000000
vn 70.710678 -70.710678 0.000000
vn 80.901699 -58.778525 0.000000
vn 80.901699 -58.778525 0.000000
vn 89.100652 -45.399050 0.000000
vn 89.100652 -45.399050 0.000000
vn 95.105652 -30.901699 0.000000
vn 0.000000 0.000000 -100.000000
vn 0.000000 0.000000 -100.000000
vn 0.000000 0.000000 -100.000000
vn 0.000000 0.000000 -100.000000
vn 0.000000 0.000000 -100.000000
vn 0.000000 0.000000 -100.000000
vn 0.000000 0.000000 -100.000000
vn 0.000000 0.000000 -100.000000
vn 0.000000 0.000000 -100.000000
vn 0.000000 0.000000 -100.000000
vn 0.000000 0.000000 -100.000000
vn 0.000000 0.000000 -100.000000
vn 0.000000 0.000000 -100.000000
vn 0.000000 0.000000 -100.000000
vn 0.000000 0.000000 -100.000000
vn 0.000000 0.000000 -100.000000
vn 0.000000 0.000000 -100.000000
vn 0.000000 0.000000 -100.000000
vn 0.000000 0.000000 -100.000000
vn 0.000000 0.000000 -100.000000
vn 0.000000 0.000000 -100.000000
vn 0.000000 0.000000 -100.000000
vn 0.000000 0.000000 -100.000000
vn 0.000000 0.000000 -100.000000
vn 0.000000 0.000000 -100.000000
vn 0.000000 0.000000 -100.000000
vn 0.000000 0.000000 -100.000000
vn 0.000000 0.000000 -100.000000
vn 0.000000 0.000000 -100.000000
vn 0.000000 0.000000 -100.000000
vn 0.000000 0.000000 -100.000000
vn 0.000000 0.000000 -100.000000
vn 0.000000 0.000000 -100.000000
vn 0.000000 0.000000 -100.000000
vn 0.000000 0.000000 -100.000000
vn 0.000000 0.000000 -100.000000
vn 0.000000 0.000000 -100.000000
vn 0.000000 0.000000 -100.000000
vn 0.000000 0.000000 -100.000000
vn 0.000000 0.000000 -100.000000
vn 0.000000 0.000000 -100.000000
vn 0.000000 0.000000 -100.000000
vn 0.000000 0.000000 -100.000000
vn 0.000000 0.000000 -100.000000
vn 0.000000 0.000000 -100.000000
vn 0.000000 0.000000 -100.000000
vn 0.000000 0.000000 -100.000000
vn 0.000000 0.000000 -100.000000
vn 0.000000 0.000000 -100.000000
vn 0.000000 0.000000 -100.000000
vn 0.000000 0.000000 -100.000000
vn 0.000000 0.000000 -100.000000
vn 0.000000 0.000000 -100.000000
vn 0.000000 0.000000 -100.000000
vn 0.000000 0.000000 -100.000000
vn 0.000000 0.000000 -100.000000
vn 0.000000 0.000000 -100.000000
vn 0.000000 0.000000 -100.000000
vn 0.000000 0.000000 -100.000000
vn 0.000000 0.000000 -100.000000
vn 0.000000 0.000000 -100.000000
vn 0.000000 0.000000 -100.000000
vn 0.000000 0.000000 -100.000000
vn 0.000000 0.000000 -100.000000
vn 0.000000 0.000000 -100.000000
vn 0.000000 0.000000 -100.000000
vn 0.000000 0.000000 -100.000000
vn 0.000000 0.000000 -100.000000
vn 0.000000 0.000000 -100.000000
vn 0.000000 0.000000 -100.000000
vn 0.000000 0.000000 -100.000000
vn 0.000000 0.000000 -100.000000
vn 0.000000 0.000000 -100.000000
vn 0.000000 0.000000 -100.000000
vn 0.000000 0.000000 -100.000000
vn 0.000000 0.000000 -100.000000
vn 0.000000 0.000000 -100.000000
vn 0.000000 0.000000 -100.000000
vn 0.000000 0.000000 -100.000000
vn 0.000000 0.000000 -100.000000
vn 0.000000 0.000000 -100.000000
vn 0.000000 0.000000 -100.000000
vn 0.000000 0.000000 -100.000000
vn 0.000000 0.000000 -100.000000
vn 0.000000 0.000000 -100.000000
vn 0.000000 0.000000 -100.000000
vn 0.000000 0.000000 -100.000000
vn 0.000000 0.000000 -100.000000
vn 0.000000 0.000000 -100.000000
vn 0.000000 0.000000 -100.000000
vn 0.000000 0.000000 -100.000000
vn 0.000000 0.000000 -100.000000
vn 0.000000 0.000000 -100.000000
vn 0.000000 0.000000 -100.000000
vn 0.000000 0.000000 -100.000000
vn 0.000000 0.000000 -100.000000
vn 0.000000 0.000000 -100.000000
vn 0.000000 0.000000 -100.000000
vn 0.000000 0.000000 -100.000000
vn 0.000000 0.000000 -100.000000
vn 0.000000 0.000000 -100.000000
vn 0.000000 0.000000 -100.000000
vn 0.000000 0.000000 -100.000000
vn 0.000000 0.000000 -100.000000
vn 0.000000 0.000000 -100.000000
vn 0.000000 0.000000 -100.000000
vn 0.000000 0.000000 -100.000000
vn 0.000000 0.000000 -100.000000
vn 0.000000 0.000000 -100.000000
vn 0.000000 0.000000 -100.000000
vn 0.000000 0.000000 -100.000000
vn 0.000000 0.000000 -100.000000
vn 0.000000 0.000000 -100.000000
vn 0.000000 0.000000 -100.000000
vn 0.000000 0.000000 -100.000000
vn 0.000000 0.000000 -100.000000
vn 0.000000 0.000000 -100.000000
vn 0.000000 0.000000 -100.000000
vn 0.000000 0.000000 -100.000000
vn 0.000000 0.000000 -100.000000
vn 0.000000 0.000000 -100.000000
vn 0.000000 0.000000 -100.000000
vn 0.000000 0.000000 -100.000000
vn 0.000000 0.000000 -100.000000
vn 0.000000 0.000000 -100.000000
vn 0.000000 0.000000 -100.000000
vn 0.000000 0.000000 -100.000000
vn 0.000000 0.000000 -100.000000
vn 0.000000 0.000000 -100.000000
vn 0.000000 0.000000 -100.000000
vn 0.000000 0.000000 -100.000000
vn 0.000000 0.000000 -100.000000
vn 0.000000 0.000000 -100.000000
vn 0.000000 0.000000 -100.000000
vn 0.000000 0.000000 -100.000000
vn 0.000000 0.000000 -100.000000
vn 0.000000 0.000000 -100.000000
vn 0.000000 0.000000 -100.000000
vn 0.000000 0.000000 -100.000000
vn 0.000000 0.000000 -100.000000
vn 0.000000 0.000000 -100.000000
vn 0.000000 0.000000 -100.000000
vn 0.000000 0.000000 -100.000000
vn 0.000000 0.000000 -100.000000
vn 0.000000 0.000000 -100.000000
vn 0.000000 0.000000 -100.000000
vn 0.000000 0.000000 -100.000000
vn 0.000000 0.000000 -100.000000
vn 0.000000 0.000000 -100.000000
vn 0.000000 0.000000 -100.000000
vn 0.000000 0.000000 -100.000000
vn 0.000000 0.000000 -100.000000
vn 0.000000 0.000000 -100.000000
vn 0.000000 0.000000 -100.000000
vn 0.000000 0.000000 -100.000000
vn 0.000000 0.000000 -100.000000
vn 0.000000 0.000000 -100.000000
vn 0.000000 0.000000 -100.000000
vn 0.000000 0.000000 -100.000000
vn 0.000000 0.000000 -100.000000
vn 0.000000 0.000000 -100.000000
vn 0.000000 0.000000 -100.000000
vn 0.000000 0.000000 -100.000000
vn 0.000000 0.000000 -100.000000
vn 0.000000 0.000000 -100.000000
vn 0.000000 0.000000 -100.000000
vn 0.000000 0.000000 -100.000000
vn 0.000000 0.000000 -100.000000
vn 0.000000 0.000000 -100.000000
vn 0.000000 0.000000 -100.000000
vn 0.000000 0.000000 -100.000000
vn 0.000000 0.000000 -100.000000
vn 0.000000 0.000000 -100.000000
vn 0.000000 0.000000 -100.000000
vn 0.000000 0.000000 -100.000000
vn 0.000000 0.000000 -100.000000
vn 0.000000 0.000000 -100.000000
vn 0.000000 0.000000 -100.000000
vn 0.000000 0.000000 -100.000000
vn 0.000000 0.000000 -100.000000
vn 0.000000 0.000000 -100.000000
vn 0.000000 0.000000 -100.000000
vn 0.000000 0.000000 -100.000000
vn 0.000000 0.000000 -100.000000
vn 0.000000 0.000000 -100.000000
vn 0.000000 0.000000 -100.000000
vn 0.000000 0.000000 -100.000000
vn 0.000000 0.000000 -100.000000
vn 0.000000 0.000000 -100.000000
vn 0.000000 0.000000 -100.000000
vn 0.000000 0.000000 -100.000000
vn 0.000000 0.000000 -100.000000
vn 0.000000 0.000000 -100.000000
vn 0.000000 0.000000 -100.000000
vn 0.000000 0.000000 -100.000000
vn 0.000000 0.000000 -100.000000
vn 0.000000 0.000000 -100.000000
vn 0.000000 0.000000 -100.000000
vn 0.000000 0.000000 -100.000000
vn 0.000000 0.000000 -100.000000
vn 0.000000 0.000000 -100.000000
vn 0.000000 0.000000 -100.000000
vn 0.000000 0.000000 -100.000000
vn 0.000000 0.000000 -100.000000
vn 0.000000 0.000000 -100.000000
vn 0.000000 0.000000 -100.000000
vn 0.000000 0.000000 -100.000000
vn 0.000000 0.000000 -100.000000
vn 0.000000 0.000000 -100.000000
vn 0.000000 0.000000 -100.000000
vn 0.000000 0.000000 -100.000000
vn 0.000000 0.000000 -100.000000
vn 0.000000 0.000000 -100.000000
vn 0.000000 0.000000 -100.000000
vn 0.000000 0.000000 -100.000000
vn 0.000000 0.000000 -100.000000
vn 0.000000 0.000000 -100.000000
vn 0.000000 0.000000 -100.000000
vn 0.000000 0.000000 -100.000000
vn 0.000000 0.000000 -100.000000
vn 0.000000 0.000000 -100.000000
vn 0.000000 0.000000 -100.000000
vn 0.000000 0.000000 -100.000000
vn 0.000000 0.000000 -100.000000
vn 0.000000 0.000000 -100.000000
vn 0.000000 0.000000 -100.000000
vn 0.000000 0.000000 -100.000000
vn 0.000000 0.000000 -100.000000
vn 0.000000 0.000000 -100.000000
vn 0.000000 0.000000 -100.000000
vn 0.000000 0.000000 -100.000000
vn 0.000000 0.000000 -100.000000
vn 0.000000 0.000000 -100.000000
vn 0.000000 0.000000 -100.000000
vn 0.000000 0.000000 -100.000000
vn 0.000000 0.000000 -100.000000
vn 0.000000 0.000000 -100.000000
vn 0.000000 0.000000 -100.000000
vn 0.000000 0.000000 -100.000000
vn 0.000000 0.000000 -100.000000
vn 0.000000 0.000000 -100.000000
vn 0.000000 0.000000 -100.000000
vn 0.000000 0.000000 -100.000000
vn 0.000000 0.000000 -100.000000
vn 0.000000 0.000000 -100.000000
vn 0.000000 0.000000 -100.000000
vn 0.000000 0.000000 -100.000000
vn 0.000000 0.000000 -100.000000
vn 0.000000 0.000000 -100.000000
vn 0.000000 0.000000 -100.000000
vn 0.000000 0.000000 -100.000000
vn 0.000000 0.000000 -100.000000
vn 0.000000 0.000000 -100.000000
vn 0.000000 0.000000 -100.000000
vn 0.000000 0.000000 -100.000000
vn 0.000000 0.000000 -100.000000
vn 0.000000 0.000000 -100.000000
vn 0.000000 0.000000 -100.000000
vn 0.000000 0.000000 -100.000000
vn 0.000000 0.000000 -100.000000
vn 0.000000 0.000000 -100.000000
vn 0.000000 0.000000 -100.000000
vn 0.000000 0.000000 -100.000000
vn 0.000000 0.000000 -100.000000
vn 0.000000 0.000000 -100.000000
vn 0.000000 0.000000 -100.000000
vn 0.000000 0.000000 -100.000000
vn 0.000000 0.000000 -100.000000
vn 0.000000 0.000000 -100.000000
vn 0.000000 0.000000 -100.000000
vn 0.000000 0.000000 -100.000000
vn 0.000000 0.000000 -100.000000
vn 0.000000 0.000000 -100.000000
vn 0.000000 0.000000 -100.000000
vn 0.000000 0.000000 -100.000000
vn 0.000000 0.000000 -100.000000
vn 0.000000 0.000000 -100.000000
vn 0.000000 0.000000 -100.000000
vn 0.000000 0.000000 -100.000000
vn 0.000000 0.000000 -100.000000
vn 0.000000 0.000000 -100.000000
vn 0.000000 0.000000 -100.000000
vn 0.000000 0.000000 -100.000000
vn 0.000000 0.000000 -100.000000
vn 0.000000 0.000000 -100.000000
vn 0.000000 0.000000 -100.000000
vn 0.000000 0.000000 -100.000000
vn 0.000000 0.000000 -100.000000
vn 0.000000 0.000000 -100.000000
vn 0.000000 0.000000 -100.000000
vn 0.000000 0.000000 -100.000000
vn 0.000000 0.000000 -100.000000
vn 0.000000 0.000000 -100.000000
vn 0.000000 0.000000 -100.000000
vn 0.000000 0.000000 -100.000000
vn 0.000000 0.000000 -100.000000
vn 0.000000 0.000000 -100.000000
vn 97.952994 -20.129852 0.000000
vn 99.808288 -6.189148 0.000000
vn 100.000000 0.000000 0.000000
vn 99.011073 14.028805 0.000000
vn 97.952994 20.129852 0.000000
vn 94.160333 33.672417 0.000000
vn 91.895781 39.435586 0.000000
vn 85.454658 51.937476 0.000000
vn 82.076344 57.126822 0.000000
vn 73.250459 68.076209 0.000000
vn 68.896692 72.479279 0.000000
vn 58.047377 81.427894 0.000000
vn 52.896401 84.864426 0.000000
vn 40.467830 91.445912 0.000000
vn 34.730525 93.775213 0.000000
vn 21.231524 97.720123 0.000000
vn 15.142778 98.846832 0.000000
vn 1.125997 99.993660 0.000000
vn -5.064917 99.871651 0.000000
vn -19.025628 98.173446 0.000000
vn -25.065253 96.807712 0.000000
vn -38.398341 92.333999 0.000000
vn -44.039415 89.780454 0.000000
vn -56.199022 82.714387 0.000000
vn -61.210598 79.077574 0.000000
vn -71.698909 69.708439 0.000000
vn -75.875812 65.137248 0.000000
vn -84.263434 53.848619 0.000000
vn -87.434662 48.530196 0.000000
vn -93.378203 35.784230 0.000000
vn -95.413926 29.936312 0.000000
vn -98.670059 16.254831 0.000000
vn -99.486932 10.116832 0.000000
vn -99.922350 -3.940044 0.000000
vn -99.486932 -10.116832 0.000000
vn -97.083809 -23.973612 0.000000
vn -95.413926 -29.936312 0.000000
vn -90.270645 -43.025698 0.000000
vn -87.434662 -48.530196 0.000000
vn -79.761790 -60.316306 0.000000
vn -75.875812 -65.137248 0.000000
vn -65.987479 -75.137558 0.000000
vn -61.210598 -79.077574 0.000000
vn -49.511632 -86.882670 0.000000
vn -44.039415 -89.780454 0.000000
vn -31.008773 -95.070795 0.000000
vn -25.065253 -96.807712 0.000000
vn -11.236411 -99.366710 0.000000
vn -5.064917 -99.871651 0.000000
vn 8.995971 -99.594541 0.000000
vn 15.142778 -98.846832 0.000000
vn 28.860056 -95.744959 0.000000
vn 34.730525 -93.775213 0.000000
vn 47.542608 -87.975567 0.000000
vn 52.896401 -84.864426 0.000000
vn 64.278759 -76.604446 0.000000
vn 68.896692 -72.479279 0.000000
vn 78.383331 -62.097129 0.000000
vn 82.076344 -57.126822 0.000000
vn 89.278880 -45.047549 0.000000
vn 91.895781 -39.435586 0.000000
vn 96.519341 -26.153716 0.000000
vn 78.383331 -62.097129 0.000000
vn 78.383331 -62.097129 0.000000
vn 64.278759 -76.604446 0.000000
vn 64.278759 -76.604446 0.000000
vn 47.542608 -87.975567 0.000000
vn 47.542608 -87.975567 0.000000
vn 28.860056 -95.744959 0.000000
vn 28.860056 -95.744959 0.000000
vn 8.995971 -99.594541 0.000000
vn 8.995971 -99.594541 0.000000
vn -11.236411 -99.366710 0.000000
vn -11.236411 -99.366710 0.000000
vn -31.008773 -95.070795 0.000000
vn -31.008773 -95.070795 0.000000
vn -49.511632 -86.882670 0.000000
vn -49.511632 -86.882670 0.000000
vn -65.987479 -75.137558 0.000000
vn -65.987479 -75.137558 0.000000
vn -79.761790 -60.316306 0.000000
vn -79.761790 -60.316306 0.000000
vn -90.270645 -43.025698 0.000000
vn -90.270645 -43.025698 0.000000
vn -97.083809 -23.973612 0.000000
vn -97.083809 -23.973612 0.000000
vn -99.922350 -3.940044 0.000000
vn -99.922350 -3.940044 0.000000
vn -98.670059 16.254831 0.000000
vn -98.670059 16.254831 0.000000
vn -93.378203 35.784230 0.000000
vn -93.378203 35.784230 0.000000
vn -84.263434 53.848619 0.000000
vn -84.263434 53.848619 0.000000
vn -71.698909 69.708439 0.000000
vn -71.698909 69.708439 0.000000
vn -56.199022 82.714387 0.000000
vn -56.199022 82.714387 0.000000
vn -38.398341 92.333999 0.000000
vn -38.398341 92.333999 0.000000
vn -19.025628 98.173446 0.000000
vn -19.025628 98.173446 0.000000
vn 1.125997 99.993660 0.000000
vn 1.125997 99.993660 0.000000
vn 21.231524 97.720123 0.000000
vn 21.231524 97.720123 0.000000
vn 40.467830 91.445912 0.000000
vn 40.467830 91.445912 0.000000
vn 58.047377 81.427894 0.000000
vn 58.047377 81.427894 0.000000
vn 73.250459 68.076209 0.000000
vn 73.250459 68.076209 0.000000
vn 85.454658 51.937476 0.000000
vn 85.454658 51.937476 0.000000
vn 94.160333 33.672417 0.000000
vn 94.160333 33.672417 0.000000
vn 99.011073 14.028805 0.000000
vn 99.011073 14.028805 0.000000
vn 99.808288 -6.189148 0.000000
vn 99.808288 -6.189148 0.000000
vn 96.519341 -26.153716 0.000000
vn 96.519341 -26.153716 0.000000
vn 89.278880 -45.047549 0.000000
vn 89.278880 -45.047549 0.000000
vn 64.278759 -76.604446 0.000000
vn 78.383331 -62.097129 0.000000
vn 89.278880 -45.047549 0.000000
vn 96.519341 -26.153716 0.000000
vn 99.808288 -6.189148 0.000000
vn 99.011073 14.028805 0.000000
vn 94.160333 33.672417 0.000000
vn 85.454658 51.937476 0.000000
vn 73.250459 68.076209 0.000000
vn 58.047377 81.427894 0.000000
vn 40.467830 91.445912 0.000000
vn 21.231524 97.720123 0.000000
vn 1.125997 99.993660 0.000000
vn -19.025628 98.173446 0.000000
vn -38.398341 92.333999 0.000000
vn -56.199022 82.714387 0.000000
vn -71.698909 69.708439 0.000000
vn -84.263434 53.848619 0.000000
vn -93.378203 35.784230 0.000000
vn -98.670059 16.254831 0.000000
vn -99.922350 -3.940044 0.000000
vn -97.083809 -23.973612 0.000000
vn -90.270645 -43.025698 0.000000
vn -79.761790 -60.316306 0.000000
vn -65.987479 -75.137558 0.000000
vn -49.511632 -86.882670 0.000000
vn -31.008773 -95.070795 0.000000
vn -11.236411 -99.366710 0.000000
vn 8.995971 -99.594541 0.000000
vn 28.860056 -95.744959 0.000000
vn 47.542608 -87.975567 0.000000
vn 97.952994 -20.129852 0.000000
vn 99.808288 -6.189148 0.000000
vn 100.000000 0.000000 0.000000
vn 99.011073 14.028805 0.000000
vn 97.952994 20.129852 0.000000
vn 94.160333 33.672417 0.000000
vn 91.895781 39.435586 0.000000
vn 85.454658 51.937476 0.000000
vn 82.076344 57.126822 0.000000
vn 73.250459 68.076209 0.000000
vn 68.896692 72.479279 0.000000
vn 58.047377 81.427894 0.000000
vn 52.896401 84.864426 0.000000
vn 40.467830 91.445912 0.000000
vn 34.730525 93.775213 0.000000
vn 21.231524 97.720123 0.000000
vn 15.142778 98.846832 0.000000
vn 1.125997 99.993660 0.000000
vn -5.064917 99.871651 0.000000
vn -19.025628 98.173446 0.000000
vn -25.065253 96.807712 0.000000
vn -38.398341 92.333999 0.000000
vn -44.039415 89.780454 0.000000
vn -56.199022 82.714387 0.000000
vn -61.210598 79.077574 0.000000
vn -71.698909 69.708439 0.000000
vn -75.875812 65.137248 0.000000
vn -84.263434 53.848619 0.000000
vn -87.434662 48.530196 0.000000
vn -93.378203 35.784230 0.000000
vn -95.413926 29.936312 0.000000
vn -98.670059 16.254831 0.000000
vn -99.486932 10.116832 0.000000
vn -99.922350 -3.940044 0.000000
vn -99.486932 -10.116832 0.000000
vn -97.083809 -23.973612 0.000000
vn -95.413926 -29.936312 0.000000
vn -90.270645 -43.025698 0.000000
vn -87.434662 -48.530196 0.000000
vn -79.761790 -60.316306 0.000000
vn -75.875812 -65.137248 0.000000
vn -65.987479 -75.137558 0.000000
vn -61.210598 -79.077574 0.000000
vn -49.511632 -86.882670 0.000000
vn -44.039415 -89.780454 0.000000
vn -31.008773 -95.070795 0.000000
vn -25.065253 -96.807712 0.000000
vn -11.236411 -99.366710 0.000000
vn -5.064917 -99.871651 0.000000
vn 8.995971 -99.594541 0.000000
vn 15.142778 -98.846832 0.000000
vn 28.860056 -95.744959 0.000000
vn 34.730525 -93.775213 0.000000
vn 47.542608 -87.975567 0.000000
vn 52.896401 -84.864426 0.000000
vn 64.278759 -76.604446 0.000000
vn 68.896692 -72.479279 0.000000
vn 78.383331 -62.097129 0.000000
vn 82.076344 -57.126822 0.000000
vn 89.278880 -45.047549 0.000000
vn 91.895781 -39.435586 0.000000
vn 96.519341 -26.153716 0.000000
vn 78.383331 -62.097129 0.000000
vn 78.383331 -62.097129 0.000000
vn 64.278759 -76.604446 0.000000
vn 64.278759 -76.604446 0.000000
vn 47.542608 -87.975567 0.000000
vn 47.542608 -87.975567 0.000000
vn 28.860056 -95.744959 0.000000
vn 28.860056 -95.744959 0.000000
vn 8.995971 -99.594541 0.000000
vn 8.995971 -99.594541 0.000000
vn -11.236411 -99.366710 0.000000
vn -11.236411 -99.366710 0.000000
vn -31.008773 -95.070795 0.000000
vn -31.008773 -95.070795 0.000000
vn -49.511632 -86.882670 0.000000
vn -49.511632 -86.882670 0.000000
vn -65.987479 -75.137558 0.000000
vn -65.987479 -75.137558 0.000000
vn -79.761790 -60.316306 0.000000
vn -79.761790 -60.316306 0.000000
vn -90.270645 -43.025698 0.000000
vn -90.270645 -43.025698 0.000000
vn -97.083809 -23.973612 0.000000
vn -97.083809 -23.973612 0.000000
vn -99.922350 -3.940044 0.000000
vn -99.922350 -3.940044 0.000000
vn -98.670059 16.254831 0.000000
vn -98.670059 16.254831 0.000000
vn -93.378203 35.784230 0.000000
vn -93.378203 35.784230 0.000000
vn -84.263434 53.848619 0.000000
vn -84.263434 53.848619 0.000000
vn -71.698909 69.708439 0.000000
vn -71.698909 69.708439 0.000000
vn -56.199022 82.714387 0.000000
vn -56.199022 82.714387 0.000000
vn -38.398341 92.333999 0.000000
vn -38.398341 92.333999 0.000000
vn -19.025628 98.173446 0.000000
vn -19.025628 98.173446 0.000000
vn 1.125997 99.993660 0.000000
vn 1.125997 99.993660 0.000000
vn 21.231524 97.720123 0.000000
vn 21.231524 97.720123 0.000000
vn 40.467830 91.445912 0.000000
vn 40.467830 91.445912 0.000000
vn 58.047377 81.427894 0.000000
vn 58.047377 81.427894 0.000000
vn 73.250459 68.076209 0.000000
vn 73.250459 68.076209 0.000000
vn 85.454658 51.937476 0.000000
vn 85.454658 51.937476 0.000000
vn 94.160333 33.672417 0.000000
vn 94.160333 33.672417 0.000000
vn 99.011073 14.028805 0.000000
vn 99.011073 14.028805 0.000000
vn 99.808288 -6.189148 0.000000
vn 99.808288 -6.189148 0.000000
vn 96.519341 -26.153716 0.000000
vn 96.519341 -26.153716 0.000000
vn 89.278880 -45.047549 0.000000
vn 89.278880 -45.047549 0.000000
vn 64.278759 -76.604446 0.000000
vn 78.383331 -62.097129 0.000000
vn 89.278880 -45.047549 0.000000
vn 96.519341 -26.153716 0.000000
vn 99.808288 -6.189148 0.000000
vn 99.011073 14.028805 0.000000
vn 94.160333 33.672417 0.000000
vn 85.454658 51.937476 0.000000
vn 73.250459 68.076209 0.000000
vn 58.047377 81.427894 0.000000
vn 40.467830 91.445912 0.000000
vn 21.231524 97.720123 0.000000
vn 1.125997 99.993660 0.000000
vn -19.025628 98.173446 0.000000
vn -38.398341 92.333999 0.000000
vn -56.199022 82.714387 0.000000
vn -71.698909 69.708439 0.000000
vn -84.263434 53.848619 0.000000
vn -93.378203 35.784230 0.000000
vn -98.670059 16.254831 0.000000
vn -99.922350 -3.940044 0.000000
vn -97.083809 -23.973612 0.000000
vn -90.270645 -43.025698 0.000000
vn -79.761790 -60.316306 0.000000
vn -65.987479 -75.137558 0.000000
vn -49.511632 -86.882670 0.000000
vn -31.008773 -95.070795 0.000000
vn -11.236411 -99.366710 0.000000
vn 8.995971 -99.594541 0.000000
vn 28.860056 -95.744959 0.000000
vn 47.542608 -87.975567 0.000000
vn 97.952994 -20.129852 0.000000
vn 99.808288 -6.189148 0.000000
vn 100.000000 0.000000 0.000000
vn 99.011073 14.028805 0.000000
vn 97.952994 20.129852 0.000000
vn 94.160333 33.672417 0.000000
vn 91.895781 39.435586 0.000000
vn 85.454658 51.937476 0.000000
vn 82.076344 57.126822 0.000000
vn 73.250459 68.076209 0.000000
vn 68.896692 72.479279 0.000000
vn 58.047377 81.427894 0.000000
vn 52.896401 84.864426 0.000000
vn 40.467830 91.445912 0.000000
vn 34.730525 93.775213 0.000000
vn 21.231524 97.720123 0.000000
vn 15.142778 98.846832 0.000000
vn 1.125997 99.993660 0.000000
vn -5.064917 99.871651 0.000000
vn -19.025628 98.173446 0.000000
vn -25.065253 96.807712 0.000000
vn -38.398341 92.333999 0.000000
vn -44.039415 89.780454 0.000000
vn -56.199022 82.714387 0.000000
vn -61.210598 79.077574 0.000000
vn -71.698909 69.708439 0.000000
vn -75.875812 65.137248 0.000000
vn -84.263434 53.848619 0.000000
vn -87.434662 48.530196 0.000000
vn -93.378203 35.784230 0.000000
vn -95.413926 29.936312 0.000000
vn -98.670059 16.254831 0.000000
vn -99.486932 10.116832 0.000000
vn -99.922350 -3.940044 0.000000
vn -99.486932 -10.116832 0.000000
vn -97.083809 -23.973612 0.000000
vn -95.413926 -29.936312 0.000000
vn -90.270645 -43.025698 0.000000
vn -87.434662 -48.530196 0.000000
vn -79.761790 -60.316306 0.000000
vn -75.875812 -65.137248 0.000000
vn -65.987479 -75.137558 0.000000
vn -61.210598 -79.077574 0.000000
vn -49.511632 -86.882670 0.000000
vn -44.039415 -89.780454 0.000000
vn -31.008773 -95.070795 0.000000
vn -25.065253 -96.807712 0.000000
vn -11.236411 -99.366710 0.000000
vn -5.064917 -99.871651 0.000000
vn 8.995971 -99.594541 0.000000
vn 15.142778 -98.846832 0.000000
vn 28.860056 -95.744959 0.000000
vn 34.730525 -93.775213 0.000000
vn 47.542608 -87.975567 0.000000
vn 52.896401 -84.864426 0.000000
vn 64.278759 -76.604446 0.000000
vn 68.896692 -72.479279 0.000000
vn 78.383331 -62.097129 0.000000
vn 82.076344 -57.126822 0.000000
vn 89.278880 -45.047549 0.000000
vn 91.895781 -39.435586 0.000000
vn 96.519341 -26.153716 0.000000
vn 78.383331 -62.097129 0.000000
vn 78.383331 -62.097129 0.000000
vn 64.278759 -76.604446 0.000000
vn 64.278759 -76.604446 0.000000
vn 47.542608 -87.975567 0.000000
vn 47.542608 -87.975567 0.000000
vn 28.860056 -95.744959 0.000000
vn 28.860056 -95.744959 0.000000
vn 8.995971 -99.594541 0.000000
vn 8.995971 -99.594541 0.000000
vn -11.236411 -99.366710 0.000000
vn -11.236411 -99.366710 0.000000
vn -31.008773 -95.070795 0.000000
vn -31.008773 -95.070795 0.000000
vn -49.511632 -86.882670 0.000000
vn -49.511632 -86.882670 0.000000
vn -65.987479 -75.137558 0.000000
vn -65.987479 -75.137558 0.000000
vn -79.761790 -60.316306 0.000000
vn -79.761790 -60.316306 0.000000
vn -90.270645 -43.025698 0.000000
vn -90.270645 -43.025698 0.000000
vn -97.083809 -23.973612 0.000000
vn -97.083809 -23.973612 0.000000
vn -99.922350 -3.940044 0.000000
vn -99.922350 -3.940044 0.000000
vn -98.670059 16.254831 0.000000
vn -98.670059 16.254831 0.000000
vn -93.378203 35.784230 0.000000
vn -93.378203 35.784230 0.000000
vn -84.263434 53.848619 0.000000
vn -84.263434 53.848619 0.000000
vn -71.698909 69.708439 0.000000
vn -71.698909 69.708439 0.000000
vn -56.199022 82.714387 0.000000
vn -56.199022 82.714387 0.000000
vn -38.398341 92.333999 0.000000
vn -38.398341 92.333999 0.000000
vn -19.025628 98.173446 0.000000
vn -19.025628 98.173446 0.000000
vn 1.125997 99.993660 0.000000
vn 1.125997 99.993660 0.000000
vn 21.231524 97.720123 0.000000
vn 21.231524 97.720123 0.000000
vn 40.467830 91.445912 0.000000
vn 40.467830 91.445912 0.000000
vn 58.047377 81.427894 0.000000
vn 58.047377 81.427894 0.000000
vn 73.250459 68.076209 0.000000
vn 73.250459 68.076209 0.000000
vn 85.454658 51.937476 0.000000
vn 85.454658 51.937476 0.000000
vn 94.160333 33.672417 0.000000
vn 94.160333 33.672417 0.000000
vn 99.011073 14.028805 0.000000
vn 99.011073 14.028805 0.000000
vn 99.808288 -6.189148 0.000000
vn 99.808288 -6.189148 0.000000
vn 96.519341 -26.153716 0.000000
vn 96.519341 -26.153716 0.000000
vn 89.278880 -45.047549 0.000000
vn 89.278880 -45.047549 0.000000
vn 64.278759 -76.604446 0.000000
vn 78.383331 -62.097129 0.000000
vn 89.278880 -45.047549 0.000000
vn 96.519341 -26.153716 0.000000
vn 99.808288 -6.189148 0.000000
vn 99.011073 14.028805 0.000000
vn 94.160333 33.672417 0.000000
vn 85.454658 51.937476 0.000000
vn 73.250459 68.076209 0.000000
vn 58.047377 81.427894 0.000000
vn 40.467830 91.445912 0.000000
vn 21.231524 97.720123 0.000000
vn 1.125997 99.993660 0.000000
vn -19.025628 98.173446 0.000000
vn -38.398341 92.333999 0.000000
vn -56.199022 82.714387 0.000000
vn -71.698909 69.708439 0.000000
vn -84.263434 53.848619 0.000000
vn -93.378203 35.784230 0.000000
vn -98.670059 16.254831 0.000000
vn -99.922350 -3.940044 0.000000
vn -97.083809 -23.973612 0.000000
vn -90.270645 -43.025698 0.000000
vn -79.761790 -60.316306 0.000000
vn -65.987479 -75.137558 0.000000
vn -49.511632 -86.882670 0.000000
vn -31.008773 -95.070795 0.000000
vn -11.236411 -99.366710 0.000000
vn 8.995971 -99.594541 0.000000
vn 28.860056 -95.744959 0.000000
vn 47.542608 -87.975567 0.000000
vn 92.120127 -38.908639 0.000000
vn 92.120127 -38.908639 0.000000
vn 90.515234 -42.508734 0.000000
vn 90.515234 -42.508734 0.000000
vn 88.769713 -46.042786 0.000000
vn 88.769713 -46.042786 0.000000
vn 86.886276 -49.505304 0.000000
vn 86.886276 -49.505304 0.000000
vn 84.867849 -52.890909 0.000000
vn 84.867849 -52.890909 0.000000
vn 82.717568 -56.194340 0.000000
vn 82.717568 -56.194340 0.000000
vn 80.438775 -59.410466 0.000000
vn 80.438775 -59.410466 0.000000
vn 78.035009 -62.534290 0.000000
vn 78.035009 -62.534290 0.000000
vn 75.510004 -65.560958 0.000000
vn 75.510004 -65.560958 0.000000
vn 72.867685 -68.485769 0.000000
vn 72.867685 -68.485769 0.000000
vn 70.112156 -71.304177 0.000000
vn 70.112156 -71.304177 0.000000
vn 67.247698 -74.011804 0.000000
vn 67.247698 -74.011804 0.000000
vn 64.278761 -76.604444 0.000000
vn 64.278761 -76.604444 0.000000
vn 61.209959 -79.078069 0.000000
vn 61.209959 -79.078069 0.000000
vn 58.046058 -81.428835 0.000000
vn 58.046058 -81.428835 0.000000
vn 54.791975 -83.653090 0.000000
vn 54.791975 -83.653090 0.000000
vn 51.452765 -85.747379 0.000000
vn 51.452765 -85.747379 0.000000
vn 48.033617 -87.708447 0.000000
vn 48.033617 -87.708447 0.000000
vn 44.539841 -89.533248 0.000000
vn 44.539841 -89.533248 0.000000
vn 40.976867 -91.218947 0.000000
vn 40.976867 -91.218947 0.000000
vn 37.350230 -92.762926 0.000000
vn 37.350230 -92.762926 0.000000
vn 33.665563 -94.162784 0.000000
vn 33.665563 -94.162784 0.000000
vn 29.928593 -95.416347 0.000000
vn 29.928593 -95.416347 0.000000
vn 26.145125 -96.521668 0.000000
vn 26.145125 -96.521668 0.000000
vn 22.321037 -97.477030 0.000000
vn 22.321037 -97.477030 0.000000
vn 71.892996 69.508252 0.000000
vn 71.892996 69.508252 0.000000
vn 71.892996 69.508252 0.000000
vn 71.892996 69.508252 0.000000
vn 71.892996 69.508252 0.000000
vn -88.679927 46.215479 -0.000000
vn -88.679927 46.215479 -0.000000
vn -86.975939 49.347604 -0.000000
vn -86.975939 49.347604 -0.000000
vn -85.161371 52.416990 -0.000000
vn -85.161371 52.416990 -0.000000
vn -83.238531 55.419734 -0.000000
vn -83.238531 55.419734 -0.000000
vn -81.209864 58.352018 -0.000000
vn -81.209864 58.352018 -0.000000
vn -79.077948 61.210115 -0.000000
vn -79.077948 61.210115 -0.000000
vn -76.845494 63.990391 -0.000000
vn -76.845494 63.990391 -0.000000
vn -74.515340 66.689310 -0.000000
vn -74.515340 66.689310 -0.000000
vn -72.090449 69.303443 -0.000000
vn -72.090449 69.303443 -0.000000
vn -69.573904 71.829464 -0.000000
vn -69.573904 71.829464 -0.000000
vn -66.968904 74.264163 -0.000000
vn -66.968904 74.264163 -0.000000
vn -64.278761 76.604444 -0.000000
vn -64.278761 76.604444 -0.000000
vn -61.506896 78.847332 -0.000000
vn -61.506896 78.847332 -0.000000
vn -58.656832 80.989975 -0.000000
vn -58.656832 80.989975 -0.000000
vn -55.732193 83.029650 -0.000000
vn -55.732193 83.029650 -0.000000
vn -52.736697 84.963762 -0.000000
vn -52.736697 84.963762 -0.000000
vn -49.674153 86.789853 -0.000000
vn -49.674153 86.789853 -0.000000
vn -46.548454 88.505601 -0.000000
vn -46.548454 88.505601 -0.000000
vn -43.363575 90.108825 -0.000000
vn -43.363575 90.108825 -0.000000
vn -40.123564 91.597487 -0.000000
vn -40.123564 91.597487 -0.000000
vn -36.832541 92.969694 -0.000000
vn -36.832541 92.969694 -0.000000
vn -33.494690 94.223701 -0.000000
vn -33.494690 94.223701 -0.000000
vn -30.114254 95.357914 -0.000000
vn -30.114254 95.357914 -0.000000
vn -80.936353 -58.730799 0.000000
vn -80.936353 -58.730799 0.000000
vn -80.936353 -58.730799 0.000000
vn -80.936353 -58.730799 0.000000
vn -80.936353 -58.730799 0.000000
vn 0.000000 0.000000 100.000000
vn 0.000000 0.000000 100.000000
vn 0.000000 0.000000 100.000000
vn 0.000000 0.000000 100.000000
vn 0.000000 0.000000 100.000000
vn 0.000000 0.000000 100.000000
vn 0.000000 0.000000 100.000000
vn 0.000000 0.000000 100.000000
vn 0.000000 0.000000 100.000000
vn 0.000000 0.000000 100.000000
vn 0.000000 0.000000 100.000000
vn 0.000000 0.000000 100.000000
vn 0.000000 0.000000 100.000000
vn 0.000000 0.000000 100.000000
vn 0.000000 0.000000 100.000000
vn 0.000000 0.000000 100.000000
vn 0.000000 0.000000 100.000000
vn 0.000000 0.000000 100.000000
vn 0.000000 0.000000 100.000000
vn 0.000000 0.000000 100.000000
vn 0.000000 0.000000 100.000000
vn 0.000000 0.000000 100.000000
vn 0.000000 0.000000 100.000000
vn 0.000000 0.000000 100.000000
vn 0.000000 0.000000 100.000000
vn 0.000000 0.000000 100.000000
vn 0.000000 0.000000 100.000000
vn 0.000000 0.000000 100.000000
vn 0.000000 0.000000 100.000000
vn 0.000000 0.000000 100.000000
vn 0.000000 0.000000 100.000000
vn 0.000000 0.000000 100.000000
vn 0.000000 0.000000 100.000000
vn 0.000000 0.000000 100.000000
vn 0.000000 0.000000 100.000000
vn 0.000000 0.000000 100.000000
vn 0.000000 0.000000 100.000000
vn 0.000000 0.000000 100.000000
vn 0.000000 0.000000 100.000000
vn 0.000000 0.000000 100.000000
vn 0.000000 0.000000 100.000000
vn 0.000000 0.000000 100.000000
vn 0.000000 0.000000 100.000000
vn 0.000000 0.000000 100.000000
vn 0.000000 0.000000 100.000000
vn 0.000000 0.000000 100.000000
vn 0.000000 0.000000 100.000000
vn 0.000000 0.000000 100.000000
vn 0.000000 0.000000 100.000000
vn 0.000000 0.000000 100.000000
vn 0.000000 0.000000 100.000000
vn 0.000000 0.000000 100.000000
vn 0.000000 0.000000 100.000000
vn 0.000000 0.000000 100.000000
vn 0.000000 0.000000 100.000000
vn 0.000000 0.000000 100.000000
vn 0.000000 0.000000 100.000000
vn 0.000000 0.000000 100.000000
vn 0.000000 0.000000 100.000000
vn 0.000000 0.000000 100.000000
vn 0.000000 0.000000 100.000000
vn 0.000000 0.000000 100.000000
vn 0.000000 0.000000 100.000000
vn 0.000000 0.000000 100.000000
vn 0.000000 0.000000 100.000000
vn 0.000000 0.000000 100.000000
vn 0.000000 0.000000 100.000000
vn 0.000000 0.000000 100.000000
vn 0.000000 0.000000 100.000000
vn 0.000000 0.000000 100.000000
vn 0.000000 0.000000 100.000000
vn 0.000000 0.000000 100.000000
vn 0.000000 0.000000 100.000000
vn 0.000000 0.000000 100.000000
vn 0.000000 0.000000 100.000000
vn 0.000000 0.000000 100.000000
vn 0.000000 0.000000 100.000000
vn 0.000000 0.000000 100.000000
vn 0.000000 0.000000 100.000000
vn 0.000000 0.000000 100.000000
vn 0.000000 0.000000 100.000000
vn 0.000000 0.000000 100.000000
vn 0.000000 0.000000 100.000000
vn 0.000000 0.000000 100.000000
vn 0.000000 0.000000 100.000000
vn 0.000000 0.000000 100.000000
vn 0.000000 0.000000 100.000000
vn 0.000000 0.000000 100.000000
vn 0.000000 0.000000 100.000000
vn 0.000000 0.000000 100.000000
vn 0.000000 0.000000 100.000000
vn 0.000000 0.000000 100.000000
vn 0.000000 0.000000 100.000000
vn 0.000000 0.000000 100.000000
vn 0.000000 0.000000 100.000000
vn 0.000000 0.000000 100.000000
vn 0.000000 0.000000 100.000000
vn 0.000000 0.000000 100.000000
vn 0.000000 0.000000 100.000000
vn 0.000000 0.000000 100.000000
vn 0.000000 0.000000 100.000000
vn 0.000000 0.000000 100.000000
vn 0.000000 0.000000 100.000000
vn 0.000000 0.000000 100.000000
vn 0.000000 0.000000 100.000000
vn 0.000000 0.000000 100.000000
vn 0.000000 0.000000 100.000000
vn 0.000000 0.000000 100.000000
vn 0.000000 0.000000 100.000000
vn 0.000000 0.000000 100.000000
vn 0.000000 0.000000 100.000000
vn 0.000000 0.000000 100.000000
vn 0.000000 0.000000 100.000000
vn 0.000000 0.000000 100.000000
vn 0.000000 0.000000 100.000000
vn 0.000000 0.000000 100.000000
vn 0.000000 0.000000 100.000000
vn 0.000000 0.000000 100.000000
vn 0.000000 0.000000 100.000000
vn 0.000000 0.000000 100.000000
vn 0.000000 0.000000 100.000000
vn 0.000000 0.000000 100.000000
vn 0.000000 0.000000 100.000000
vn 0.000000 0.000000 100.000000
vn 0.000000 0.000000 100.000000
vn 0.000000 0.000000 100.000000
vn 0.000000 0.000000 100.000000
vn 0.000000 0.000000 100.000000
vn 0.000000 0.000000 100.000000
vn 0.000000 0.000000 100.000000
vn 0.000000 0.000000 100.000000
vn 0.000000 0.000000 100.000000
vn 0.000000 0.000000 100.000000
vn 0.000000 0.000000 100.000000
vn 0.000000 0.000000 100.000000
vn 0.000000 0.000000 100.000000
vn 0.000000 0.000000 100.000000
vn 0.000000 0.000000 100.000000
vn 0.000000 0.000000 100.000000
vn 0.000000 0.000000 100.000000
vn 0.000000 0.000000 100.000000
usemtl ABS_(White)
f 2312/3584/3191 2376/3585/3192 2311/3586/3193
f 2311/3586/3193 2376/3585/3192 2377/3587/3194
f 2311/3586/3193 2377/3587/3194 2350/3588/3195
f 2350/3588/3195 2377/3587/3194 2378/3589/3196
f 2350/3588/3195 2378/3589/3196 2349/3590/3197
f 2349/3590/3197 2378/3589/3196 2379/3591/3198
f 2349/3590/3197 2379/3591/3198 2380/3592/3199
f 2376/3585/3192 2312/3584/3191 2375/3593/3200
f 2375/3593/3200 2312/3584/3191 2313/3594/3201
f 2375/3593/3200 2313/3594/3201 2374/3595/3202
f 2374/3595/3202 2313/3594/3201 2373/3596/3203
f 2373/3596/3203 2313/3594/3201 2314/3597/3204
f 2373/3596/3203 2314/3597/3204 2372/3598/3205
f 2372/3598/3205 2314/3597/3204 2315/3599/3206
f 2372/3598/3205 2315/3599/3206 2371/3600/3207
f 2371/3600/3207 2315/3599/3206 2316/3601/3208
f 2371/3600/3207 2316/3601/3208 2370/3602/3209
f 2370/3602/3209 2316/3601/3208 2369/3603/3210
f 2369/3603/3210 2316/3601/3208 2317/3604/3211
f 2369/3603/3210 2317/3604/3211 2368/3605/3212
f 2368/3605/3212 2317/3604/3211 2318/3606/3213
f 2368/3605/3212 2318/3606/3213 2367/3607/3214
f 2367/3607/3214 2318/3606/3213 2319/3608/3215
f 2367/3607/3214 2319/3608/3215 2366/3609/3216
f 2366/3609/3216 2319/3608/3215 2320/3610/3217
f 2366/3609/3216 2320/3610/3217 2365/3611/3218
f 2365/3611/3218 2320/3610/3217 2364/3612/3219
f 2364/3612/3219 2320/3610/3217 2321/3613/3220
f 2364/3612/3219 2321/3613/3220 2363/3614/3221
f 2363/3614/3221 2321/3613/3220 2322/3615/3222
f 2363/3614/3221 2322/3615/3222 2362/3616/3223
f 2362/3616/3223 2322/3615/3222 2323/3617/3224
f 2362/3616/3223 2323/3617/3224 2361/3618/3225
f 2361/3618/3225 2323/3617/3224 2324/3619/3226
f 2361/3618/3225 2324/3619/3226 2360/3620/3227
f 2360/3620/3227 2324/3619/3226 2359/3621/3228
f 2359/3621/3228 2324/3619/3226 2325/3622/3229
f 2359/3621/3228 2325/3622/3229 2358/3623/3230
f 2358/3623/3230 2325/3622/3229 2326/3624/3231
f 2358/3623/3230 2326/3624/3231 2357/3625/3232
f 2357/3625/3232 2326/3624/3231 2327/3626/3233
f 2357/3625/3232 2327/3626/3233 2356/3627/3234
f 2356/3627/3234 2327/3626/3233 2355/3628/3235
f 2355/3628/3235 2327/3626/3233 2328/3629/3236
f 2355/3628/3235 2328/3629/3236 2354/3630/3237
f 2354/3630/3237 2328/3629/3236 2329/3631/3238
f 2354/3630/3237 2329/3631/3238 2353/3632/3239
f 2353/3632/3239 2329/3631/3238 2330/3633/3240
f 2353/3632/3239 2330/3633/3240 2352/3634/3241
f 2352/3634/3241 2330/3633/3240 2331/3635/3242
f 2352/3634/3241 2331/3635/3242 2351/3636/3243
f 2351/3636/3243 2331/3635/3242 2401/3637/3244
f 2401/3637/3244 2331/3635/3242 2332/3638/3245
f 2401/3637/3244 2332/3638/3245 2400/3639/3246
f 2400/3639/3246 2332/3638/3245 2333/3640/3247
f 2400/3639/3246 2333/3640/3247 2399/3641/3248
f 2399/3641/3248 2333/3640/3247 2334/3642/3249
f 2399/3641/3248 2334/3642/3249 2398/3643/3250
f 2398/3643/3250 2334/3642/3249 2335/3644/3251
f 2398/3643/3250 2335/3644/3251 2397/3645/3252
f 2397/3645/3252 2335/3644/3251 2396/3646/3253
f 2396/3646/3253 2335/3644/3251 2336/3647/3254
f 2396/3646/3253 2336/3647/3254 2395/3648/3255
f 2395/3648/3255 2336/3647/3254 2337/3649/3256
f 2395/3648/3255 2337/3649/3256 2394/3650/3257
f 2394/3650/3257 2337/3649/3256 2338/3651/3258
f 2394/3650/3257 2338/3651/3258 2393/3652/3259
f 2393/3652/3259 2338/3651/3258 2392/3653/3260
f 2392/3653/3260 2338/3651/3258 2339/3654/3261
f 2392/3653/3260 2339/3654/3261 2391/3655/3262
f 2391/3655/3262 2339/3654/3261 2340/3656/3263
f 2391/3655/3262 2340/3656/3263 2390/3657/3264
f 2390/3657/3264 2340/3656/3263 2341/3658/3265
f 2390/3657/3264 2341/3658/3265 2389/3659/3266
f 2389/3659/3266 2341/3658/3265 2342/3660/3267
f 2389/3659/3266 2342/3660/3267 2388/3661/3268
f 2388/3661/3268 2342/3660/3267 2387/3662/3269
f 2387/3662/3269 2342/3660/3267 2343/3663/3270
f 2387/3662/3269 2343/3663/3270 2386/3664/3271
f 2386/3664/3271 2343/3663/3270 2344/3665/3272
f 2386/3664/3271 2344/3665/3272 2385/3666/3273
f 2385/3666/3273 2344/3665/3272 2345/3667/3274
f 2385/3666/3273 2345/3667/3274 2384/3668/3275
f 2384/3668/3275 2345/3667/3274 2346/3669/3276
f 2384/3668/3275 2346/3669/3276 2383/3670/3277
f 2383/3670/3277 2346/3669/3276 2382/3671/3278
f 2382/3671/3278 2346/3669/3276 2347/3672/3279
f 2382/3671/3278 2347/3672/3279 2381/3673/3280
f 2381/3673/3280 2347/3672/3279 2348/3674/3281
f 2381/3673/3280 2348/3674/3281 2380/3592/3199
f 2380/3592/3199 2348/3674/3281 2349/3590/3197
f 2403/3675/3282 2312/3676/3283 2402/3677/3284
f 2402/3677/3284 2312/3676/3283 2311/3678/3285
f 2402/3679/3284 2311/3680/3285 2441/3681/3286
f 2441/3681/3286 2311/3680/3285 2350/3682/3287
f 2441/3681/3286 2350/3682/3287 2349/3683/3288
f 2403/3675/3282 2404/3684/3289 2312/3676/3283
f 2312/3676/3283 2404/3684/3289 2313/3685/3290
f 2313/3685/3290 2404/3684/3289 2405/3686/3291
f 2313/3685/3290 2405/3686/3291 2314/3687/3292
f 2314/3687/3292 2405/3686/3291 2406/3688/3293
f 2314/3687/3292 2406/3688/3293 2315/3689/3294
f 2315/3689/3294 2406/3688/3293 2407/3690/3295
f 2315/3689/3294 2407/3690/3295 2316/3691/3296
f 2316/3691/3296 2407/3690/3295 2408/3692/3297
f 2316/3691/3296 2408/3692/3297 2317/3693/3298
f 2317/3693/3298 2408/3692/3297 2409/3694/3299
f 2317/3693/3298 2409/3694/3299 2318/3695/3300
f 2318/3695/3300 2409/3694/3299 2410/3696/3301
f 2318/3695/3300 2410/3696/3301 2319/3697/3302
f 2319/3697/3302 2410/3696/3301 2411/3698/3303
f 2319/3697/3302 2411/3698/3303 2320/3699/3304
f 2320/3699/3304 2411/3698/3303 2412/3700/3305
f 2320/3699/3304 2412/3700/3305 2321/3701/3306
f 2321/3701/3306 2412/3700/3305 2413/3702/3307
f 2321/3701/3306 2413/3702/3307 2322/3703/3308
f 2322/3703/3308 2413/3702/3307 2414/3704/3309
f 2322/3703/3308 2414/3704/3309 2323/3705/3310
f 2323/3705/3310 2414/3704/3309 2415/3706/3311
f 2323/3705/3310 2415/3706/3311 2324/3707/3312
f 2324/3707/3312 2415/3706/3311 2416/3708/3313
f 2324/3707/3312 2416/3708/3313 2325/3709/3314
f 2325/3709/3314 2416/3708/3313 2417/3710/3315
f 2325/3709/3314 2417/3710/3315 2326/3711/3316
f 2326/3711/3316 2417/3710/3315 2418/3712/3317
f 2326/3711/3316 2418/3712/3317 2327/3713/3318
f 2327/3713/3318 2418/3712/3317 2419/3714/3319
f 2327/3713/3318 2419/3714/3319 2328/3715/3320
f 2328/3715/3320 2419/3714/3319 2420/3716/3321
f 2328/3715/3320 2420/3716/3321 2329/3717/3322
f 2329/3717/3322 2420/3716/3321 2421/3718/3323
f 2329/3717/3322 2421/3718/3323 2330/3719/3324
f 2330/3719/3324 2421/3718/3323 2422/3720/3325
f 2330/3719/3324 2422/3720/3325 2331/3721/3326
f 2331/3721/3326 2422/3720/3325 2423/3722/3327
f 2331/3721/3326 2423/3722/3327 2332/3723/3328
f 2332/3723/3328 2423/3722/3327 2424/3724/3329
f 2332/3723/3328 2424/3724/3329 2333/3725/3330
f 2333/3725/3330 2424/3724/3329 2425/3726/3331
f 2333/3725/3330 2425/3726/3331 2334/3727/3332
f 2334/3727/3332 2425/3726/3331 2426/3728/3333
f 2334/3727/3332 2426/3728/3333 2335/3729/3334
f 2335/3729/3334 2426/3728/3333 2427/3730/3335
f 2335/3729/3334 2427/3730/3335 2336/3731/3336
f 2336/3731/3336 2427/3730/3335 2428/3732/3337
f 2336/3731/3336 2428/3732/3337 2337/3733/3338
f 2337/3733/3338 2428/3732/3337 2429/3734/3339
f 2337/3733/3338 2429/3734/3339 2338/3735/3340
f 2338/3735/3340 2429/3734/3339 2430/3736/3341
f 2338/3735/3340 2430/3736/3341 2339/3737/3342
f 2339/3737/3342 2430/3736/3341 2431/3738/3343
f 2339/3737/3342 2431/3738/3343 2340/3739/3344
f 2340/3739/3344 2431/3738/3343 2432/3740/3345
f 2340/3739/3344 2432/3740/3345 2341/3741/3346
f 2341/3741/3346 2432/3740/3345 2433/3742/3347
f 2341/3741/3346 2433/3742/3347 2342/3743/3348
f 2342/3743/3348 2433/3742/3347 2434/3744/3349
f 2342/3743/3348 2434/3744/3349 2343/3745/3350
f 2343/3745/3350 2434/3744/3349 2435/3746/3351
f 2343/3745/3350 2435/3746/3351 2344/3747/3352
f 2344/3747/3352 2435/3746/3351 2436/3748/3353
f 2344/3747/3352 2436/3748/3353 2345/3749/3354
f 2345/3749/3354 2436/3748/3353 2437/3750/3355
f 2345/3749/3354 2437/3750/3355 2346/3751/3356
f 2346/3751/3356 2437/3750/3355 2438/3752/3357
f 2346/3751/3356 2438/3752/3357 2347/3753/3358
f 2347/3753/3358 2438/3752/3357 2439/3754/3359
f 2347/3753/3358 2439/3754/3359 2348/3755/3360
f 2348/3755/3360 2439/3754/3359 2440/3756/3361
f 2348/3755/3360 2440/3756/3361 2349/3683/3288
f 2349/3683/3288 2440/3756/3361 2441/3681/3286
f 2441/3757/3362 2465/3758/3363 2402/3759/3364
f 2402/3759/3364 2465/3758/3363 2466/3760/3365
f 2402/3759/3364 2466/3760/3365 2467/3761/3366
f 2440/3762/3367 2463/3763/3368 2441/3757/3362
f 2441/3757/3362 2463/3763/3368 2464/3764/3369
f 2441/3757/3362 2464/3764/3369 2465/3758/3363
f 2439/3765/3370 2461/3766/3371 2440/3762/3367
f 2440/3762/3367 2461/3766/3371 2462/3767/3372
f 2440/3762/3367 2462/3767/3372 2463/3763/3368
f 2461/3766/3371 2439/3765/3370 2460/3768/3373
f 2460/3768/3373 2439/3765/3370 2438/3769/3374
f 2460/3768/3373 2438/3769/3374 2459/3770/3375
f 2459/3770/3375 2438/3769/3374 2458/3771/3376
f 2458/3771/3376 2438/3769/3374 2437/3772/3377
f 2458/3771/3376 2437/3772/3377 2457/3773/3378
f 2457/3773/3378 2437/3772/3377 2456/3774/3379
f 2456/3774/3379 2437/3772/3377 2436/3775/3380
f 2456/3774/3379 2436/3775/3380 2455/3776/3381
f 2455/3776/3381 2436/3775/3380 2454/3777/3382
f 2454/3777/3382 2436/3775/3380 2435/3778/3383
f 2454/3777/3382 2435/3778/3383 2453/3779/3384
f 2453/3779/3384 2435/3778/3383 2434/3780/3385
f 2453/3779/3384 2434/3780/3385 2452/3781/3386
f 2452/3781/3386 2434/3780/3385 2451/3782/3387
f 2451/3782/3387 2434/3780/3385 2433/3783/3388
f 2451/3782/3387 2433/3783/3388 2450/3784/3389
f 2450/3784/3389 2433/3783/3388 2449/3785/3390
f 2449/3785/3390 2433/3783/3388 2432/3786/3391
f 2449/3785/3390 2432/3786/3391 2448/3787/3392
f 2448/3787/3392 2432/3786/3391 2431/3788/3393
f 2448/3787/3392 2431/3788/3393 2447/3789/3394
f 2447/3789/3394 2431/3788/3393 2446/3790/3395
f 2446/3790/3395 2431/3788/3393 2430/3791/3396
f 2446/3790/3395 2430/3791/3396 2445/3792/3397
f 2445/3792/3397 2430/3791/3396 2429/3793/3398
f 2445/3792/3397 2429/3793/3398 2444/3794/3399
f 2444/3794/3399 2429/3793/3398 2443/3795/3400
f 2443/3795/3400 2429/3793/3398 2428/3796/3401
f 2443/3795/3400 2428/3796/3401 2442/3797/3402
f 2442/3797/3402 2428/3796/3401 2427/3798/3403
f 2442/3797/3402 2427/3798/3403 2426/3799/3404
f 2426/3799/3404 2425/3800/3405 2442/3797/3402
f 2442/3797/3402 2425/3800/3405 2424/3801/3406
f 2442/3797/3402 2424/3801/3406 2423/3802/3407
f 2423/3802/3407 2422/3803/3408 2442/3797/3402
f 2442/3797/3402 2422/3803/3408 2421/3804/3409
f 2442/3797/3402 2421/3804/3409 2496/3805/3410
f 2496/3805/3410 2421/3804/3409 2420/3806/3411
f 2496/3805/3410 2420/3806/3411 2495/3807/3412
f 2495/3807/3412 2420/3806/3411 2419/3808/3413
f 2495/3807/3412 2419/3808/3413 2494/3809/3414
f 2494/3809/3414 2419/3808/3413 2493/3810/3415
f 2493/3810/3415 2419/3808/3413 2492/3811/3416
f 2492/3811/3416 2419/3808/3413 2491/3812/3417
f 2491/3812/3417 2419/3808/3413 2490/3813/3418
f 2490/3813/3418 2419/3808/3413 2418/3814/3419
f 2490/3813/3418 2418/3814/3419 2489/3815/3420
f 2489/3815/3420 2418/3814/3419 2488/3816/3421
f 2488/3816/3421 2418/3814/3419 2487/3817/3422
f 2487/3817/3422 2418/3814/3419 2486/3818/3423
f 2486/3818/3423 2418/3814/3419 2417/3819/3424
f 2486/3818/3423 2417/3819/3424 2485/3820/3425
f 2485/3820/3425 2417/3819/3424 2484/3821/3426
f 2484/3821/3426 2417/3819/3424 2483/3822/3427
f 2483/3822/3427 2417/3819/3424 2482/3823/3428
f 2482/3823/3428 2417/3819/3424 2416/3824/3429
f 2482/3823/3428 2416/3824/3429 2481/3825/3430
f 2481/3825/3430 2416/3824/3429 2480/3826/3431
f 2480/3826/3431 2416/3824/3429 2479/3827/3432
f 2479/3827/3432 2416/3824/3429 2478/3828/3433
f 2478/3828/3433 2416/3824/3429 2415/3829/3434
f 2478/3828/3433 2415/3829/3434 2477/3830/3435
f 2477/3830/3435 2415/3829/3434 2476/3831/3436
f 2476/3831/3436 2415/3829/3434 2475/3832/3437
f 2475/3832/3437 2415/3829/3434 2414/3833/3438
f 2475/3832/3437 2414/3833/3438 2474/3834/3439
f 2474/3834/3439 2414/3833/3438 2473/3835/3440
f 2473/3835/3440 2414/3833/3438 2472/3836/3441
f 2472/3836/3441 2414/3833/3438 2413/3837/3442
f 2472/3836/3441 2413/3837/3442 2412/3838/3443
f 2412/3838/3443 2411/3839/3444 2472/3836/3441
f 2472/3836/3441 2411/3839/3444 2471/3840/3445
f 2471/3840/3445 2411/3839/3444 2410/3841/3446
f 2471/3840/3445 2410/3841/3446 2409/3842/3447
f 2409/3842/3447 2408/3843/3448 2471/3840/3445
f 2471/3840/3445 2408/3843/3448 2407/3844/3449
f 2471/3840/3445 2407/3844/3449 2406/3845/3450
f 2406/3845/3450 2405/3846/3451 2471/3840/3445
f 2471/3840/3445 2405/3846/3451 2404/3847/3452
f 2471/3840/3445 2404/3847/3452 2470/3848/3453
f 2470/3848/3453 2404/3847/3452 2469/3849/3454
f 2469/3849/3454 2404/3847/3452 2403/3850/3455
f 2469/3849/3454 2403/3850/3455 2468/3851/3456
f 2468/3851/3456 2403/3850/3455 2467/3761/3366
f 2467/3761/3366 2403/3850/3455 2402/3759/3364
f 2401/3852/3457 2547/3853/3458 2351/3854/3459
f 2351/3854/3459 2547/3853/3458 2497/3855/3460
f 2351/3856/3459 2497/3857/3460 2352/3858/3461
f 2352/3858/3461 2497/3857/3460 2498/3859/3462
f 2352/3858/3461 2498/3859/3462 2353/3860/3463
f 2353/3860/3463 2498/3859/3462 2499/3861/3464
f 2353/3860/3463 2499/3861/3464 2354/3862/3465
f 2354/3862/3465 2499/3861/3464 2500/3863/3466
f 2354/3862/3465 2500/3863/3466 2355/3864/3467
f 2355/3864/3467 2500/3863/3466 2501/3865/3468
f 2355/3864/3467 2501/3865/3468 2356/3866/3469
f 2356/3866/3469 2501/3865/3468 2502/3867/3470
f 2356/3866/3469 2502/3867/3470 2357/3868/3471
f 2357/3868/3471 2502/3867/3470 2503/3869/3472
f 2357/3868/3471 2503/3869/3472 2358/3870/3473
f 2358/3870/3473 2503/3869/3472 2504/3871/3474
f 2358/3870/3473 2504/3871/3474 2359/3872/3475
f 2359/3872/3475 2504/3871/3474 2505/3873/3476
f 2359/3872/3475 2505/3873/3476 2360/3874/3477
f 2360/3874/3477 2505/3873/3476 2506/3875/3478
f 2360/3874/3477 2506/3875/3478 2361/3876/3479
f 2361/3876/3479 2506/3875/3478 2507/3877/3480
f 2361/3876/3479 2507/3877/3480 2362/3878/3481
f 2362/3878/3481 2507/3877/3480 2508/3879/3482
f 2362/3878/3481 2508/3879/3482 2363/3880/3483
f 2363/3880/3483 2508/3879/3482 2509/3881/3484
f 2363/3880/3483 2509/3881/3484 2364/3882/3485
f 2364/3882/3485 2509/3881/3484 2510/3883/3486
f 2364/3882/3485 2510/3883/3486 2365/3884/3487
f 2365/3884/3487 2510/3883/3486 2511/3885/3488
f 2365/3884/3487 2511/3885/3488 2366/3886/3489
f 2366/3886/3489 2511/3885/3488 2512/3887/3490
f 2366/3886/3489 2512/3887/3490 2367/3888/3491
f 2367/3888/3491 2512/3887/3490 2513/3889/3492
f 2367/3888/3491 2513/3889/3492 2368/3890/3493
f 2368/3890/3493 2513/3889/3492 2514/3891/3494
f 2368/3890/3493 2514/3891/3494 2369/3892/3495
f 2369/3892/3495 2514/3891/3494 2515/3893/3496
f 2369/3892/3495 2515/3893/3496 2370/3894/3497
f 2370/3894/3497 2515/3893/3496 2516/3895/3498
f 2370/3894/3497 2516/3895/3498 2371/3896/3499
f 2371/3896/3499 2516/3895/3498 2517/3897/3500
f 2371/3896/3499 2517/3897/3500 2372/3898/3501
f 2372/3898/3501 2517/3897/3500 2518/3899/3502
f 2372/3898/3501 2518/3899/3502 2373/3900/3503
f 2373/3900/3503 2518/3899/3502 2519/3901/3504
f 2373/3900/3503 2519/3901/3504 2374/3902/3505
f 2374/3902/3505 2519/3901/3504 2520/3903/3506
f 2374/3902/3505 2520/3903/3506 2375/3904/3507
f 2375/3904/3507 2520/3903/3506 2521/3905/3508
f 2375/3904/3507 2521/3905/3508 2376/3906/3509
f 2376/3906/3509 2521/3905/3508 2522/3907/3510
f 2376/3906/3509 2522/3907/3510 2377/3908/3511
f 2377/3908/3511 2522/3907/3510 2523/3909/3512
f 2377/3908/3511 2523/3909/3512 2378/3910/3513
f 2378/3910/3513 2523/3909/3512 2524/3911/3514
f 2378/3910/3513 2524/3911/3514 2379/3912/3515
f 2379/3912/3515 2524/3911/3514 2525/3913/3516
f 2379/3912/3515 2525/3913/3516 2380/3914/3517
f 2380/3914/3517 2525/3913/3516 2526/3915/3518
f 2380/3914/3517 2526/3915/3518 2381/3916/3519
f 2381/3916/3519 2526/3915/3518 2527/3917/3520
f 2381/3916/3519 2527/3917/3520 2382/3918/3521
f 2382/3918/3521 2527/3917/3520 2528/3919/3522
f 2382/3918/3521 2528/3919/3522 2383/3920/3523
f 2383/3920/3523 2528/3919/3522 2529/3921/3524
f 2383/3920/3523 2529/3921/3524 2384/3922/3525
f 2384/3922/3525 2529/3921/3524 2530/3923/3526
f 2384/3922/3525 2530/3923/3526 2385/3924/3527
f 2385/3924/3527 2530/3923/3526 2531/3925/3528
f 2385/3924/3527 2531/3925/3528 2386/3926/3529
f 2386/3926/3529 2531/3925/3528 2532/3927/3530
f 2386/3926/3529 2532/3927/3530 2387/3928/3531
f 2387/3928/3531 2532/3927/3530 2533/3929/3532
f 2387/3928/3531 2533/3929/3532 2388/3930/3533
f 2388/3930/3533 2533/3929/3532 2534/3931/3534
f 2388/3930/3533 2534/3931/3534 2389/3932/3535
f 2389/3932/3535 2534/3931/3534 2535/3933/3536
f 2389/3932/3535 2535/3933/3536 2390/3934/3537
f 2390/3934/3537 2535/3933/3536 2536/3935/3538
f 2390/3934/3537 2536/3935/3538 2391/3936/3539
f 2391/3936/3539 2536/3935/3538 2537/3937/3540
f 2391/3936/3539 2537/3937/3540 2392/3938/3541
f 2392/3938/3541 2537/3937/3540 2538/3939/3542
f 2392/3938/3541 2538/3939/3542 2393/3940/3543
f 2393/3940/3543 2538/3939/3542 2539/3941/3544
f 2393/3940/3543 2539/3941/3544 2394/3942/3545
f 2394/3942/3545 2539/3941/3544 2540/3943/3546
f 2394/3942/3545 2540/3943/3546 2395/3944/3547
f 2395/3944/3547 2540/3943/3546 2541/3945/3548
f 2395/3944/3547 2541/3945/3548 2396/3946/3549
f 2396/3946/3549 2541/3945/3548 2542/3947/3550
f 2396/3946/3549 2542/3947/3550 2397/3948/3551
f 2397/3948/3551 2542/3947/3550 2543/3949/3552
f 2397/3948/3551 2543/3949/3552 2398/3950/3553
f 2398/3950/3553 2543/3949/3552 2544/3951/3554
f 2398/3950/3553 2544/3951/3554 2399/3952/3555
f 2399/3952/3555 2544/3951/3554 2545/3953/3556
f 2399/3952/3555 2545/3953/3556 2400/3954/3557
f 2400/3954/3557 2545/3953/3556 2546/3955/3558
f 2400/3954/3557 2546/3955/3558 2401/3852/3457
f 2401/3852/3457 2546/3955/3558 2547/3853/3458
f 2442/3956/3559 2548/3957/3560 2443/3958/3561
f 2443/3958/3561 2548/3957/3560 2549/3959/3562
f 2443/3958/3561 2549/3959/3562 2444/3960/3563
f 2444/3960/3563 2549/3959/3562 2550/3961/3564
f 2444/3960/3563 2550/3961/3564 2445/3962/3565
f 2445/3962/3565 2550/3961/3564 2551/3963/3566
f 2445/3962/3565 2551/3963/3566 2446/3964/3567
f 2446/3964/3567 2551/3963/3566 2552/3965/3568
f 2446/3964/3567 2552/3965/3568 2447/3966/3569
f 2447/3966/3569 2552/3965/3568 2553/3967/3570
f 2447/3966/3569 2553/3967/3570 2448/3968/3571
f 2448/3968/3571 2553/3967/3570 2554/3969/3572
f 2448/3968/3571 2554/3969/3572 2449/3970/3573
f 2449/3970/3573 2554/3969/3572 2555/3971/3574
f 2449/3970/3573 2555/3971/3574 2450/3972/3575
f 2450/3972/3575 2555/3971/3574 2556/3973/3576
f 2450/3972/3575 2556/3973/3576 2451/3974/3577
f 2451/3974/3577 2556/3973/3576 2557/3975/3578
f 2451/3974/3577 2557/3975/3578 2452/3976/3579
f 2452/3976/3579 2557/3975/3578 2558/3977/3580
f 2452/3976/3579 2558/3977/3580 2453/3978/3581
f 2453/3978/3581 2558/3977/3580 2559/3979/3582
f 2453/3978/3581 2559/3979/3582 2454/3980/3583
f 2454/3980/3583 2559/3979/3582 2560/3981/3584
f 2454/3980/3583 2560/3981/3584 2455/3982/3585
f 2455/3982/3585 2560/3981/3584 2561/3983/3586
f 2455/3982/3585 2561/3983/3586 2456/3984/3587
f 2456/3984/3587 2561/3983/3586 2562/3985/3588
f 2456/3984/3587 2562/3985/3588 2457/3986/3589
f 2457/3986/3589 2562/3985/3588 2563/3987/3590
f 2457/3986/3589 2563/3987/3590 2458/3988/3591
f 2458/3988/3591 2563/3987/3590 2564/3989/3592
f 2458/3988/3591 2564/3989/3592 2459/3990/3593
f 2459/3990/3593 2564/3989/3592 2565/3991/3594
f 2459/3990/3593 2565/3991/3594 2460/3992/3595
f 2460/3992/3595 2565/3991/3594 2566/3993/3596
f 2460/3992/3595 2566/3993/3596 2461/3994/3597
f 2461/3994/3597 2566/3993/3596 2567/3995/3598
f 2461/3994/3597 2567/3995/3598 2462/3996/3599
f 2462/3996/3599 2567/3995/3598 2568/3997/3600
f 2462/3996/3599 2568/3997/3600 2463/3998/3601
f 2463/3998/3601 2568/3997/3600 2569/3999/3602
f 2463/3998/3601 2569/3999/3602 2464/4000/3603
f 2464/4000/3603 2569/3999/3602 2570/4001/3604
f 2464/4000/3603 2570/4001/3604 2465/4002/3605
f 2465/4002/3605 2570/4001/3604 2571/4003/3606
f 2465/4002/3605 2571/4003/3606 2466/4004/3607
f 2466/4004/3607 2571/4003/3606 2572/4005/3608
f 2466/4004/3607 2572/4005/3608 2467/4006/3609
f 2467/4006/3609 2572/4005/3608 2573/4007/3610
f 2467/4006/3609 2573/4007/3610 2468/4008/3611
f 2468/4008/3611 2573/4007/3610 2574/4009/3612
f 2468/4008/3611 2574/4009/3612 2469/4010/3613
f 2469/4010/3613 2574/4009/3612 2575/4011/3614
f 2469/4010/3613 2575/4011/3614 2470/4012/3615
f 2470/4012/3615 2575/4011/3614 2576/4013/3616
f 2470/4012/3615 2576/4013/3616 2471/4014/3617
f 2471/4014/3617 2576/4013/3616 2577/4015/3618
f 2578/4016/3619 2548/4017/3560 2496/4018/3620
f 2496/4018/3620 2548/4017/3560 2442/4019/3559
f 2577/4020/3618 2579/4021/3621 2471/4022/3617
f 2471/4022/3617 2579/4021/3621 2472/4023/3622
f 2581/4024/3623 2659/4025/3624 2580/4026/3625
f 2580/4026/3625 2659/4025/3624 2620/4027/3626
f 2580/4028/3625 2620/4029/3626 2619/4030/3627
f 2619/4030/3627 2620/4029/3626 2621/4031/3628
f 2619/4030/3627 2621/4031/3628 2622/4032/3629
f 2581/4024/3623 2582/4033/3630 2659/4025/3624
f 2659/4025/3624 2582/4033/3630 2658/4034/3631
f 2658/4034/3631 2582/4033/3630 2583/4035/3632
f 2658/4034/3631 2583/4035/3632 2657/4036/3633
f 2657/4036/3633 2583/4035/3632 2584/4037/3634
f 2657/4036/3633 2584/4037/3634 2656/4038/3635
f 2656/4038/3635 2584/4037/3634 2585/4039/3636
f 2656/4038/3635 2585/4039/3636 2655/4040/3637
f 2655/4040/3637 2585/4039/3636 2586/4041/3638
f 2655/4040/3637 2586/4041/3638 2654/4042/3639
f 2654/4042/3639 2586/4041/3638 2587/4043/3640
f 2654/4042/3639 2587/4043/3640 2653/4044/3641
f 2653/4044/3641 2587/4043/3640 2588/4045/3642
f 2653/4044/3641 2588/4045/3642 2652/4046/3643
f 2652/4046/3643 2588/4045/3642 2589/4047/3644
f 2652/4046/3643 2589/4047/3644 2651/4048/3645
f 2651/4048/3645 2589/4047/3644 2590/4049/3646
f 2651/4048/3645 2590/4049/3646 2650/4050/3647
f 2650/4050/3647 2590/4049/3646 2591/4051/3648
f 2650/4050/3647 2591/4051/3648 2649/4052/3649
f 2649/4052/3649 2591/4051/3648 2592/4053/3650
f 2649/4052/3649 2592/4053/3650 2648/4054/3651
f 2648/4054/3651 2592/4053/3650 2593/4055/3652
f 2648/4054/3651 2593/4055/3652 2647/4056/3653
f 2647/4056/3653 2593/4055/3652 2594/4057/3654
f 2647/4056/3653 2594/4057/3654 2646/4058/3655
f 2646/4058/3655 2594/4057/3654 2595/4059/3656
f 2646/4058/3655 2595/4059/3656 2645/4060/3657
f 2645/4060/3657 2595/4059/3656 2596/4061/3658
f 2645/4060/3657 2596/4061/3658 2644/4062/3659
f 2644/4062/3659 2596/4061/3658 2597/4063/3660
f 2644/4062/3659 2597/4063/3660 2643/4064/3661
f 2643/4064/3661 2597/4063/3660 2598/4065/3662
f 2643/4064/3661 2598/4065/3662 2642/4066/3663
f 2642/4066/3663 2598/4065/3662 2599/4067/3664
f 2642/4066/3663 2599/4067/3664 2641/4068/3665
f 2641/4068/3665 2599/4067/3664 2600/4069/3666
f 2641/4068/3665 2600/4069/3666 2640/4070/3667
f 2640/4070/3667 2600/4069/3666 2601/4071/3668
f 2640/4070/3667 2601/4071/3668 2639/4072/3669
f 2639/4072/3669 2601/4071/3668 2602/4073/3670
f 2639/4072/3669 2602/4073/3670 2638/4074/3671
f 2638/4074/3671 2602/4073/3670 2603/4075/3672
f 2638/4074/3671 2603/4075/3672 2637/4076/3673
f 2637/4076/3673 2603/4075/3672 2604/4077/3674
f 2637/4076/3673 2604/4077/3674 2636/4078/3675
f 2636/4078/3675 2604/4077/3674 2605/4079/3676
f 2636/4078/3675 2605/4079/3676 2635/4080/3677
f 2635/4080/3677 2605/4079/3676 2606/4081/3678
f 2635/4080/3677 2606/4081/3678 2634/4082/3679
f 2634/4082/3679 2606/4081/3678 2607/4083/3680
f 2634/4082/3679 2607/4083/3680 2633/4084/3681
f 2633/4084/3681 2607/4083/3680 2608/4085/3682
f 2633/4084/3681 2608/4085/3682 2632/4086/3683
f 2632/4086/3683 2608/4085/3682 2609/4087/3684
f 2632/4086/3683 2609/4087/3684 2631/4088/3685
f 2631/4088/3685 2609/4087/3684 2610/4089/3686
f 2631/4088/3685 2610/4089/3686 2630/4090/3687
f 2630/4090/3687 2610/4089/3686 2611/4091/3688
f 2630/4090/3687 2611/4091/3688 2629/4092/3689
f 2629/4092/3689 2611/4091/3688 2612/4093/3690
f 2629/4092/3689 2612/4093/3690 2628/4094/3691
f 2628/4094/3691 2612/4093/3690 2613/4095/3692
f 2628/4094/3691 2613/4095/3692 2627/4096/3693
f 2627/4096/3693 2613/4095/3692 2614/4097/3694
f 2627/4096/3693 2614/4097/3694 2626/4098/3695
f 2626/4098/3695 2614/4097/3694 2615/4099/3696
f 2626/4098/3695 2615/4099/3696 2625/4100/3697
f 2625/4100/3697 2615/4099/3696 2616/4101/3698
f 2625/4100/3697 2616/4101/3698 2624/4102/3699
f 2624/4102/3699 2616/4101/3698 2617/4103/3700
f 2624/4102/3699 2617/4103/3700 2623/4104/3701
f 2623/4104/3701 2617/4103/3700 2618/4105/3702
f 2623/4104/3701 2618/4105/3702 2622/4032/3629
f 2622/4032/3629 2618/4105/3702 2619/4030/3627
f 2661/4106/3703 2581/4107/3704 2660/4108/3705
f 2660/4108/3705 2581/4107/3704 2580/4109/3706
f 2660/4108/3705 2580/4109/3706 2619/4110/3707
f 2581/4107/3704 2661/4106/3703 2582/4111/3708
f 2582/4111/3708 2661/4106/3703 2662/4112/3709
f 2582/4111/3708 2662/4112/3709 2583/4113/3710
f 2583/4113/3710 2662/4112/3709 2663/4114/3711
f 2583/4113/3710 2663/4114/3711 2584/4115/3712
f 2584/4115/3712 2663/4114/3711 2585/4116/3713
f 2585/4116/3713 2663/4114/3711 2664/4117/3714
f 2585/4116/3713 2664/4117/3714 2586/4118/3715
f 2586/4118/3715 2664/4117/3714 2665/4119/3716
f 2586/4118/3715 2665/4119/3716 2587/4120/3717
f 2587/4120/3717 2665/4119/3716 2666/4121/3718
f 2587/4120/3717 2666/4121/3718 2588/4122/3719
f 2588/4122/3719 2666/4121/3718 2667/4123/3720
f 2588/4122/3719 2667/4123/3720 2589/4124/3721
f 2589/4124/3721 2667/4123/3720 2590/4125/3722
f 2590/4125/3722 2667/4123/3720 2668/4126/3723
f 2590/4125/3722 2668/4126/3723 2591/4127/3724
f 2591/4127/3724 2668/4126/3723 2669/4128/3725
f 2591/4127/3724 2669/4128/3725 2592/4129/3726
f 2592/4129/3726 2669/4128/3725 2670/4130/3727
f 2592/4129/3726 2670/4130/3727 2593/4131/3728
f 2593/4131/3728 2670/4130/3727 2594/4132/3729
f 2594/4132/3729 2670/4130/3727 2671/4133/3730
f 2594/4132/3729 2671/4133/3730 2595/4134/3731
f 2595/4134/3731 2671/4133/3730 2672/4135/3732
f 2595/4134/3731 2672/4135/3732 2596/4136/3733
f 2596/4136/3733 2672/4135/3732 2673/4137/3734
f 2596/4136/3733 2673/4137/3734 2597/4138/3735
f 2597/4138/3735 2673/4137/3734 2674/4139/3736
f 2597/4138/3735 2674/4139/3736 2598/4140/3737
f 2598/4140/3737 2674/4139/3736 2599/4141/3738
f 2599/4141/3738 2674/4139/3736 2675/4142/3739
f 2599/4141/3738 2675/4142/3739 2600/4143/3740
f 2600/4143/3740 2675/4142/3739 2676/4144/3741
f 2600/4143/3740 2676/4144/3741 2601/4145/3742
f 2601/4145/3742 2676/4144/3741 2677/4146/3743
f 2601/4145/3742 2677/4146/3743 2602/4147/3744
f 2602/4147/3744 2677/4146/3743 2603/4148/3745
f 2603/4148/3745 2677/4146/3743 2678/4149/3746
f 2603/4148/3745 2678/4149/3746 2604/4150/3747
f 2604/4150/3747 2678/4149/3746 2679/4151/3748
f 2604/4150/3747 2679/4151/3748 2605/4152/3749
f 2605/4152/3749 2679/4151/3748 2680/4153/3750
f 2605/4152/3749 2680/4153/3750 2606/4154/3751
f 2606/4154/3751 2680/4153/3750 2681/4155/3752
f 2606/4154/3751 2681/4155/3752 2607/4156/3753
f 2607/4156/3753 2681/4155/3752 2608/4157/3754
f 2608/4157/3754 2681/4155/3752 2682/4158/3755
f 2608/4157/3754 2682/4158/3755 2609/4159/3756
f 2609/4159/3756 2682/4158/3755 2683/4160/3757
f 2609/4159/3756 2683/4160/3757 2610/4161/3758
f 2610/4161/3758 2683/4160/3757 2684/4162/3759
f 2610/4161/3758 2684/4162/3759 2611/4163/3760
f 2611/4163/3760 2684/4162/3759 2612/4164/3761
f 2612/4164/3761 2684/4162/3759 2685/4165/3762
f 2612/4164/3761 2685/4165/3762 2613/4166/3763
f 2613/4166/3763 2685/4165/3762 2686/4167/3764
f 2613/4166/3763 2686/4167/3764 2614/4168/3765
f 2614/4168/3765 2686/4167/3764 2687/4169/3766
f 2614/4168/3765 2687/4169/3766 2615/4170/3767
f 2615/4170/3767 2687/4169/3766 2688/4171/3768
f 2615/4170/3767 2688/4171/3768 2616/4172/3769
f 2616/4172/3769 2688/4171/3768 2617/4173/3770
f 2617/4173/3770 2688/4171/3768 2689/4174/3771
f 2617/4173/3770 2689/4174/3771 2618/4175/3772
f 2618/4175/3772 2689/4174/3771 2690/4176/3773
f 2618/4175/3772 2690/4176/3773 2619/4110/3707
f 2619/4110/3707 2690/4176/3773 2660/4108/3705
f 2692/4177/3774 2770/4178/3775 2691/4179/3776
f 2691/4179/3776 2770/4178/3775 2731/4180/3777
f 2691/4181/3776 2731/4182/3777 2730/4183/3778
f 2730/4183/3778 2731/4182/3777 2732/4184/3779
f 2730/4183/3778 2732/4184/3779 2733/4185/3780
f 2692/4177/3774 2693/4186/3781 2770/4178/3775
f 2770/4178/3775 2693/4186/3781 2769/4187/3782
f 2769/4187/3782 2693/4186/3781 2694/4188/3783
f 2769/4187/3782 2694/4188/3783 2768/4189/3784
f 2768/4189/3784 2694/4188/3783 2695/4190/3785
f 2768/4189/3784 2695/4190/3785 2767/4191/3786
f 2767/4191/3786 2695/4190/3785 2696/4192/3787
f 2767/4191/3786 2696/4192/3787 2766/4193/3788
f 2766/4193/3788 2696/4192/3787 2697/4194/3789
f 2766/4193/3788 2697/4194/3789 2765/4195/3790
f 2765/4195/3790 2697/4194/3789 2698/4196/3791
f 2765/4195/3790 2698/4196/3791 2764/4197/3792
f 2764/4197/3792 2698/4196/3791 2699/4198/3793
f 2764/4197/3792 2699/4198/3793 2763/4199/3794
f 2763/4199/3794 2699/4198/3793 2700/4200/3795
f 2763/4199/3794 2700/4200/3795 2762/4201/3796
f 2762/4201/3796 2700/4200/3795 2701/4202/3797
f 2762/4201/3796 2701/4202/3797 2761/4203/3798
f 2761/4203/3798 2701/4202/3797 2702/4204/3799
f 2761/4203/3798 2702/4204/3799 2760/4205/3800
f 2760/4205/3800 2702/4204/3799 2703/4206/3801
f 2760/4205/3800 2703/4206/3801 2759/4207/3802
f 2759/4207/3802 2703/4206/3801 2704/4208/3803
f 2759/4207/3802 2704/4208/3803 2758/4209/3804
f 2758/4209/3804 2704/4208/3803 2705/4210/3805
f 2758/4209/3804 2705/4210/3805 2757/4211/3806
f 2757/4211/3806 2705/4210/3805 2706/4212/3807
f 2757/4211/3806 2706/4212/3807 2756/4213/3808
f 2756/4213/3808 2706/4212/3807 2707/4214/3809
f 2756/4213/3808 2707/4214/3809 2755/4215/3810
f 2755/4215/3810 2707/4214/3809 2708/4216/3811
f 2755/4215/3810 2708/4216/3811 2754/4217/3812
f 2754/4217/3812 2708/4216/3811 2709/4218/3813
f 2754/4217/3812 2709/4218/3813 2753/4219/3814
f 2753/4219/3814 2709/4218/3813 2710/4220/3815
f 2753/4219/3814 2710/4220/3815 2752/4221/3816
f 2752/4221/3816 2710/4220/3815 2711/4222/3817
f 2752/4221/3816 2711/4222/3817 2751/4223/3818
f 2751/4223/3818 2711/4222/3817 2712/4224/3819
f 2751/4223/3818 2712/4224/3819 2750/4225/3820
f 2750/4225/3820 2712/4224/3819 2713/4226/3821
f 2750/4225/3820 2713/4226/3821 2749/4227/3822
f 2749/4227/3822 2713/4226/3821 2714/4228/3823
f 2749/4227/3822 2714/4228/3823 2748/4229/3824
f 2748/4229/3824 2714/4228/3823 2715/4230/3825
f 2748/4229/3824 2715/4230/3825 2747/4231/3826
f 2747/4231/3826 2715/4230/3825 2716/4232/3827
f 2747/4231/3826 2716/4232/3827 2746/4233/3828
f 2746/4233/3828 2716/4232/3827 2717/4234/3829
f 2746/4233/3828 2717/4234/3829 2745/4235/3830
f 2745/4235/3830 2717/4234/3829 2718/4236/3831
f 2745/4235/3830 2718/4236/3831 2744/4237/3832
f 2744/4237/3832 2718/4236/3831 2719/4238/3833
f 2744/4237/3832 2719/4238/3833 2743/4239/3834
f 2743/4239/3834 2719/4238/3833 2720/4240/3835
f 2743/4239/3834 2720/4240/3835 2742/4241/3836
f 2742/4241/3836 2720/4240/3835 2721/4242/3837
f 2742/4241/3836 2721/4242/3837 2741/4243/3838
f 2741/4243/3838 2721/4242/3837 2722/4244/3839
f 2741/4243/3838 2722/4244/3839 2740/4245/3840
f 2740/4245/3840 2722/4244/3839 2723/4246/3841
f 2740/4245/3840 2723/4246/3841 2739/4247/3842
f 2739/4247/3842 2723/4246/3841 2724/4248/3843
f 2739/4247/3842 2724/4248/3843 2738/4249/3844
f 2738/4249/3844 2724/4248/3843 2725/4250/3845
f 2738/4249/3844 2725/4250/3845 2737/4251/3846
f 2737/4251/3846 2725/4250/3845 2726/4252/3847
f 2737/4251/3846 2726/4252/3847 2736/4253/3848
f 2736/4253/3848 2726/4252/3847 2727/4254/3849
f 2736/4253/3848 2727/4254/3849 2735/4255/3850
f 2735/4255/3850 2727/4254/3849 2728/4256/3851
f 2735/4255/3850 2728/4256/3851 2734/4257/3852
f 2734/4257/3852 2728/4256/3851 2729/4258/3853
f 2734/4257/3852 2729/4258/3853 2733/4185/3780
f 2733/4185/3780 2729/4258/3853 2730/4183/3778
f 2772/4259/3854 2692/4260/3855 2771/4261/3856
f 2771/4261/3856 2692/4260/3855 2691/4262/3857
f 2771/4261/3856 2691/4262/3857 2730/4263/3858
f 2692/4260/3855 2772/4259/3854 2693/4264/3859
f 2693/4264/3859 2772/4259/3854 2773/4265/3860
f 2693/4264/3859 2773/4265/3860 2694/4266/3861
f 2694/4266/3861 2773/4265/3860 2774/4267/3862
f 2694/4266/3861 2774/4267/3862 2695/4268/3863
f 2695/4268/3863 2774/4267/3862 2696/4269/3864
f 2696/4269/3864 2774/4267/3862 2775/4270/3865
f 2696/4269/3864 2775/4270/3865 2697/4271/3866
f 2697/4271/3866 2775/4270/3865 2776/4272/3867
f 2697/4271/3866 2776/4272/3867 2698/4273/3868
f 2698/4273/3868 2776/4272/3867 2777/4274/3869
f 2698/4273/3868 2777/4274/3869 2699/4275/3870
f 2699/4275/3870 2777/4274/3869 2778/4276/3871
f 2699/4275/3870 2778/4276/3871 2700/4277/3872
f 2700/4277/3872 2778/4276/3871 2701/4278/3873
f 2701/4278/3873 2778/4276/3871 2779/4279/3874
f 2701/4278/3873 2779/4279/3874 2702/4280/3875
f 2702/4280/3875 2779/4279/3874 2780/4281/3876
f 2702/4280/3875 2780/4281/3876 2703/4282/3877
f 2703/4282/3877 2780/4281/3876 2781/4283/3878
f 2703/4282/3877 2781/4283/3878 2704/4284/3879
f 2704/4284/3879 2781/4283/3878 2705/4285/3880
f 2705/4285/3880 2781/4283/3878 2782/4286/3881
f 2705/4285/3880 2782/4286/3881 2706/4287/3882
f 2706/4287/3882 2782/4286/3881 2783/4288/3883
f 2706/4287/3882 2783/4288/3883 2707/4289/3884
f 2707/4289/3884 2783/4288/3883 2784/4290/3885
f 2707/4289/3884 2784/4290/3885 2708/4291/3886
f 2708/4291/3886 2784/4290/3885 2785/4292/3887
f 2708/4291/3886 2785/4292/3887 2709/4293/3888
f 2709/4293/3888 2785/4292/3887 2710/4294/3889
f 2710/4294/3889 2785/4292/3887 2786/4295/3890
f 2710/4294/3889 2786/4295/3890 2711/4296/3891
f 2711/4296/3891 2786/4295/3890 2787/4297/3892
f 2711/4296/3891 2787/4297/3892 2712/4298/3893
f 2712/4298/3893 2787/4297/3892 2788/4299/3894
f 2712/4298/3893 2788/4299/3894 2713/4300/3895
f 2713/4300/3895 2788/4299/3894 2714/4301/3896
f 2714/4301/3896 2788/4299/3894 2789/4302/3897
f 2714/4301/3896 2789/4302/3897 2715/4303/3898
f 2715/4303/3898 2789/4302/3897 2790/4304/3899
f 2715/4303/3898 2790/4304/3899 2716/4305/3900
f 2716/4305/3900 2790/4304/3899 2791/4306/3901
f 2716/4305/3900 2791/4306/3901 2717/4307/3902
f 2717/4307/3902 2791/4306/3901 2792/4308/3903
f 2717/4307/3902 2792/4308/3903 2718/4309/3904
f 2718/4309/3904 2792/4308/3903 2719/4310/3905
f 2719/4310/3905 2792/4308/3903 2793/4311/3906
f 2719/4310/3905 2793/4311/3906 2720/4312/3907
f 2720/4312/3907 2793/4311/3906 2794/4313/3908
f 2720/4312/3907 2794/4313/3908 2721/4314/3909
f 2721/4314/3909 2794/4313/3908 2795/4315/3910
f 2721/4314/3909 2795/4315/3910 2722/4316/3911
f 2722/4316/3911 2795/4315/3910 2723/4317/3912
f 2723/4317/3912 2795/4315/3910 2796/4318/3913
f 2723/4317/3912 2796/4318/3913 2724/4319/3914
f 2724/4319/3914 2796/4318/3913 2797/4320/3915
f 2724/4319/3914 2797/4320/3915 2725/4321/3916
f 2725/4321/3916 2797/4320/3915 2798/4322/3917
f 2725/4321/3916 2798/4322/3917 2726/4323/3918
f 2726/4323/3918 2798/4322/3917 2799/4324/3919
f 2726/4323/3918 2799/4324/3919 2727/4325/3920
f 2727/4325/3920 2799/4324/3919 2728/4326/3921
f 2728/4326/3921 2799/4324/3919 2800/4327/3922
f 2728/4326/3921 2800/4327/3922 2729/4328/3923
f 2729/4328/3923 2800/4327/3922 2801/4329/3924
f 2729/4328/3923 2801/4329/3924 2730/4263/3858
f 2730/4263/3858 2801/4329/3924 2771/4261/3856
f 2803/4330/3925 2881/4331/3926 2802/4332/3927
f 2802/4332/3927 2881/4331/3926 2842/4333/3928
f 2802/4334/3927 2842/4335/3928 2841/4336/3929
f 2841/4336/3929 2842/4335/3928 2843/4337/3930
f 2841/4336/3929 2843/4337/3930 2844/4338/3931
f 2803/4330/3925 2804/4339/3932 2881/4331/3926
f 2881/4331/3926 2804/4339/3932 2880/4340/3933
f 2880/4340/3933 2804/4339/3932 2805/4341/3934
f 2880/4340/3933 2805/4341/3934 2879/4342/3935
f 2879/4342/3935 2805/4341/3934 2806/4343/3936
f 2879/4342/3935 2806/4343/3936 2878/4344/3937
f 2878/4344/3937 2806/4343/3936 2807/4345/3938
f 2878/4344/3937 2807/4345/3938 2877/4346/3939
f 2877/4346/3939 2807/4345/3938 2808/4347/3940
f 2877/4346/3939 2808/4347/3940 2876/4348/3941
f 2876/4348/3941 2808/4347/3940 2809/4349/3942
f 2876/4348/3941 2809/4349/3942 2875/4350/3943
f 2875/4350/3943 2809/4349/3942 2810/4351/3944
f 2875/4350/3943 2810/4351/3944 2874/4352/3945
f 2874/4352/3945 2810/4351/3944 2811/4353/3946
f 2874/4352/3945 2811/4353/3946 2873/4354/3947
f 2873/4354/3947 2811/4353/3946 2812/4355/3948
f 2873/4354/3947 2812/4355/3948 2872/4356/3949
f 2872/4356/3949 2812/4355/3948 2813/4357/3950
f 2872/4356/3949 2813/4357/3950 2871/4358/3951
f 2871/4358/3951 2813/4357/3950 2814/4359/3952
f 2871/4358/3951 2814/4359/3952 2870/4360/3953
f 2870/4360/3953 2814/4359/3952 2815/4361/3954
f 2870/4360/3953 2815/4361/3954 2869/4362/3955
f 2869/4362/3955 2815/4361/3954 2816/4363/3956
f 2869/4362/3955 2816/4363/3956 2868/4364/3957
f 2868/4364/3957 2816/4363/3956 2817/4365/3958
f 2868/4364/3957 2817/4365/3958 2867/4366/3959
f 2867/4366/3959 2817/4365/3958 2818/4367/3960
f 2867/4366/3959 2818/4367/3960 2866/4368/3961
f 2866/4368/3961 2818/4367/3960 2819/4369/3962
f 2866/4368/3961 2819/4369/3962 2865/4370/3963
f 2865/4370/3963 2819/4369/3962 2820/4371/3964
f 2865/4370/3963 2820/4371/3964 2864/4372/3965
f 2864/4372/3965 2820/4371/3964 2821/4373/3966
f 2864/4372/3965 2821/4373/3966 2863/4374/3967
f 2863/4374/3967 2821/4373/3966 2822/4375/3968
f 2863/4374/3967 2822/4375/3968 2862/4376/3969
f 2862/4376/3969 2822/4375/3968 2823/4377/3970
f 2862/4376/3969 2823/4377/3970 2861/4378/3971
f 2861/4378/3971 2823/4377/3970 2824/4379/3972
f 2861/4378/3971 2824/4379/3972 2860/4380/3973
f 2860/4380/3973 2824/4379/3972 2825/4381/3974
f 2860/4380/3973 2825/4381/3974 2859/4382/3975
f 2859/4382/3975 2825/4381/3974 2826/4383/3976
f 2859/4382/3975 2826/4383/3976 2858/4384/3977
f 2858/4384/3977 2826/4383/3976 2827/4385/3978
f 2858/4384/3977 2827/4385/3978 2857/4386/3979
f 2857/4386/3979 2827/4385/3978 2828/4387/3980
f 2857/4386/3979 2828/4387/3980 2856/4388/3981
f 2856/4388/3981 2828/4387/3980 2829/4389/3982
f 2856/4388/3981 2829/4389/3982 2855/4390/3983
f 2855/4390/3983 2829/4389/3982 2830/4391/3984
f 2855/4390/3983 2830/4391/3984 2854/4392/3985
f 2854/4392/3985 2830/4391/3984 2831/4393/3986
f 2854/4392/3985 2831/4393/3986 2853/4394/3987
f 2853/4394/3987 2831/4393/3986 2832/4395/3988
f 2853/4394/3987 2832/4395/3988 2852/4396/3989
f 2852/4396/3989 2832/4395/3988 2833/4397/3990
f 2852/4396/3989 2833/4397/3990 2851/4398/3991
f 2851/4398/3991 2833/4397/3990 2834/4399/3992
f 2851/4398/3991 2834/4399/3992 2850/4400/3993
f 2850/4400/3993 2834/4399/3992 2835/4401/3994
f 2850/4400/3993 2835/4401/3994 2849/4402/3995
f 2849/4402/3995 2835/4401/3994 2836/4403/3996
f 2849/4402/3995 2836/4403/3996 2848/4404/3997
f 2848/4404/3997 2836/4403/3996 2837/4405/3998
f 2848/4404/3997 2837/4405/3998 2847/4406/3999
f 2847/4406/3999 2837/4405/3998 2838/4407/4000
f 2847/4406/3999 2838/4407/4000 2846/4408/4001
f 2846/4408/4001 2838/4407/4000 2839/4409/4002
f 2846/4408/4001 2839/4409/4002 2845/4410/4003
f 2845/4410/4003 2839/4409/4002 2840/4411/4004
f 2845/4410/4003 2840/4411/4004 2844/4338/3931
f 2844/4338/3931 2840/4411/4004 2841/4336/3929
f 2883/4412/4005 2803/4413/4006 2882/4414/4007
f 2882/4414/4007 2803/4413/4006 2802/4415/4008
f 2882/4414/4007 2802/4415/4008 2841/4416/4009
f 2803/4413/4006 2883/4412/4005 2804/4417/4010
f 2804/4417/4010 2883/4412/4005 2884/4418/4011
f 2804/4417/4010 2884/4418/4011 2805/4419/4012
f 2805/4419/4012 2884/4418/4011 2885/4420/4013
f 2805/4419/4012 2885/4420/4013 2806/4421/4014
f 2806/4421/4014 2885/4420/4013 2807/4422/4015
f 2807/4422/4015 2885/4420/4013 2886/4423/4016
f 2807/4422/4015 2886/4423/4016 2808/4424/4017
f 2808/4424/4017 2886/4423/4016 2887/4425/4018
f 2808/4424/4017 2887/4425/4018 2809/4426/4019
f 2809/4426/4019 2887/4425/4018 2888/4427/4020
f 2809/4426/4019 2888/4427/4020 2810/4428/4021
f 2810/4428/4021 2888/4427/4020 2889/4429/4022
f 2810/4428/4021 2889/4429/4022 2811/4430/4023
f 2811/4430/4023 2889/4429/4022 2812/4431/4024
f 2812/4431/4024 2889/4429/4022 2890/4432/4025
f 2812/4431/4024 2890/4432/4025 2813/4433/4026
f 2813/4433/4026 2890/4432/4025 2891/4434/4027
f 2813/4433/4026 2891/4434/4027 2814/4435/4028
f 2814/4435/4028 2891/4434/4027 2892/4436/4029
f 2814/4435/4028 2892/4436/4029 2815/4437/4030
f 2815/4437/4030 2892/4436/4029 2816/4438/4031
f 2816/4438/4031 2892/4436/4029 2893/4439/4032
f 2816/4438/4031 2893/4439/4032 2817/4440/4033
f 2817/4440/4033 2893/4439/4032 2894/4441/4034
f 2817/4440/4033 2894/4441/4034 2818/4442/4035
f 2818/4442/4035 2894/4441/4034 2895/4443/4036
f 2818/4442/4035 2895/4443/4036 2819/4444/4037
f 2819/4444/4037 2895/4443/4036 2896/4445/4038
f 2819/4444/4037 2896/4445/4038 2820/4446/4039
f 2820/4446/4039 2896/4445/4038 2821/4447/4040
f 2821/4447/4040 2896/4445/4038 2897/4448/4041
f 2821/4447/4040 2897/4448/4041 2822/4449/4042
f 2822/4449/4042 2897/4448/4041 2898/4450/4043
f 2822/4449/4042 2898/4450/4043 2823/4451/4044
f 2823/4451/4044 2898/4450/4043 2899/4452/4045
f 2823/4451/4044 2899/4452/4045 2824/4453/4046
f 2824/4453/4046 2899/4452/4045 2825/4454/4047
f 2825/4454/4047 2899/4452/4045 2900/4455/4048
f 2825/4454/4047 2900/4455/4048 2826/4456/4049
f 2826/4456/4049 2900/4455/4048 2901/4457/4050
f 2826/4456/4049 2901/4457/4050 2827/4458/4051
f 2827/4458/4051 2901/4457/4050 2902/4459/4052
f 2827/4458/4051 2902/4459/4052 2828/4460/4053
f 2828/4460/4053 2902/4459/4052 2903/4461/4054
f 2828/4460/4053 2903/4461/4054 2829/4462/4055
f 2829/4462/4055 2903/4461/4054 2830/4463/4056
f 2830/4463/4056 2903/4461/4054 2904/4464/4057
f 2830/4463/4056 2904/4464/4057 2831/4465/4058
f 2831/4465/4058 2904/4464/4057 2905/4466/4059
f 2831/4465/4058 2905/4466/4059 2832/4467/4060
f 2832/4467/4060 2905/4466/4059 2906/4468/4061
f 2832/4467/4060 2906/4468/4061 2833/4469/4062
f 2833/4469/4062 2906/4468/4061 2834/4470/4063
f 2834/4470/4063 2906/4468/4061 2907/4471/4064
f 2834/4470/4063 2907/4471/4064 2835/4472/4065
f 2835/4472/4065 2907/4471/4064 2908/4473/4066
f 2835/4472/4065 2908/4473/4066 2836/4474/4067
f 2836/4474/4067 2908/4473/4066 2909/4475/4068
f 2836/4474/4067 2909/4475/4068 2837/4476/4069
f 2837/4476/4069 2909/4475/4068 2910/4477/4070
f 2837/4476/4069 2910/4477/4070 2838/4478/4071
f 2838/4478/4071 2910/4477/4070 2839/4479/4072
f 2839/4479/4072 2910/4477/4070 2911/4480/4073
f 2839/4479/4072 2911/4480/4073 2840/4481/4074
f 2840/4481/4074 2911/4480/4073 2912/4482/4075
f 2840/4481/4074 2912/4482/4075 2841/4416/4009
f 2841/4416/4009 2912/4482/4075 2882/4414/4007
f 2498/4483/4076 2497/4484/4077 2578/4485/4078
f 2578/4485/4078 2497/4484/4077 2547/4486/4079
f 2578/4485/4078 2547/4486/4079 2548/4487/4080
f 2548/4487/4080 2547/4486/4079 2546/4488/4081
f 2548/4487/4080 2546/4488/4081 2545/4489/4082
f 2545/4489/4082 2544/4490/4083 2548/4487/4080
f 2548/4487/4080 2544/4490/4083 2543/4491/4084
f 2548/4487/4080 2543/4491/4084 2542/4492/4085
f 2542/4492/4085 2541/4493/4086 2548/4487/4080
f 2548/4487/4080 2541/4493/4086 2540/4494/4087
f 2548/4487/4080 2540/4494/4087 2549/4495/4088
f 2549/4495/4088 2540/4494/4087 2539/4496/4089
f 2549/4495/4088 2539/4496/4089 2550/4497/4090
f 2550/4497/4090 2539/4496/4089 2538/4498/4091
f 2550/4497/4090 2538/4498/4091 2551/4499/4092
f 2551/4499/4092 2538/4498/4091 2552/4500/4093
f 2552/4500/4093 2538/4498/4091 2537/4501/4094
f 2552/4500/4093 2537/4501/4094 2553/4502/4095
f 2553/4502/4095 2537/4501/4094 2536/4503/4096
f 2553/4502/4095 2536/4503/4096 2554/4504/4097
f 2554/4504/4097 2536/4503/4096 2535/4505/4098
f 2554/4504/4097 2535/4505/4098 2555/4506/4099
f 2555/4506/4099 2535/4505/4098 2556/4507/4100
f 2556/4507/4100 2535/4505/4098 2534/4508/4101
f 2556/4507/4100 2534/4508/4101 2557/4509/4102
f 2557/4509/4102 2534/4508/4101 2533/4510/4103
f 2557/4509/4102 2533/4510/4103 2558/4511/4104
f 2558/4511/4104 2533/4510/4103 2532/4512/4105
f 2558/4511/4104 2532/4512/4105 2559/4513/4106
f 2559/4513/4106 2532/4512/4105 2560/4514/4107
f 2560/4514/4107 2532/4512/4105 2531/4515/4108
f 2560/4514/4107 2531/4515/4108 2561/4516/4109
f 2561/4516/4109 2531/4515/4108 2530/4517/4110
f 2561/4516/4109 2530/4517/4110 2562/4518/4111
f 2562/4518/4111 2530/4517/4110 2529/4519/4112
f 2562/4518/4111 2529/4519/4112 2563/4520/4113
f 2563/4520/4113 2529/4519/4112 2564/4521/4114
f 2564/4521/4114 2529/4519/4112 2528/4522/4115
f 2564/4521/4114 2528/4522/4115 2565/4523/4116
f 2565/4523/4116 2528/4522/4115 2527/4524/4117
f 2565/4523/4116 2527/4524/4117 2566/4525/4118
f 2566/4525/4118 2527/4524/4117 2526/4526/4119
f 2566/4525/4118 2526/4526/4119 2567/4527/4120
f 2567/4527/4120 2526/4526/4119 2568/4528/4121
f 2568/4528/4121 2526/4526/4119 2525/4529/4122
f 2568/4528/4121 2525/4529/4122 2569/4530/4123
f 2569/4530/4123 2525/4529/4122 2524/4531/4124
f 2569/4530/4123 2524/4531/4124 2570/4532/4125
f 2570/4532/4125 2524/4531/4124 2571/4533/4126
f 2571/4533/4126 2524/4531/4124 2523/4534/4127
f 2571/4533/4126 2523/4534/4127 2572/4535/4128
f 2572/4535/4128 2523/4534/4127 2522/4536/4129
f 2572/4535/4128 2522/4536/4129 2573/4537/4130
f 2573/4537/4130 2522/4536/4129 2574/4538/4131
f 2574/4538/4131 2522/4536/4129 2521/4539/4132
f 2574/4538/4131 2521/4539/4132 2575/4540/4133
f 2575/4540/4133 2521/4539/4132 2520/4541/4134
f 2575/4540/4133 2520/4541/4134 2576/4542/4135
f 2576/4542/4135 2520/4541/4134 2577/4543/4136
f 2577/4543/4136 2520/4541/4134 2519/4544/4137
f 2577/4543/4136 2519/4544/4137 2518/4545/4138
f 2518/4545/4138 2517/4546/4139 2577/4543/4136
f 2577/4543/4136 2517/4546/4139 2516/4547/4140
f 2577/4543/4136 2516/4547/4140 2515/4548/4141
f 2515/4548/4141 2514/4549/4142 2577/4543/4136
f 2577/4543/4136 2514/4549/4142 2513/4550/4143
f 2577/4543/4136 2513/4550/4143 2512/4551/4144
f 2577/4543/4136 2512/4551/4144 2579/4552/4145
f 2579/4552/4145 2512/4551/4144 2511/4553/4146
f 2579/4552/4145 2511/4553/4146 2510/4554/4147
f 2510/4554/4147 2509/4555/4148 2579/4552/4145
f 2579/4552/4145 2509/4555/4148 2508/4556/4149
f 2579/4552/4145 2508/4556/4149 2507/4557/4150
f 2507/4557/4150 2506/4558/4151 2579/4552/4145
f 2579/4552/4145 2506/4558/4151 2759/4559/4152
f 2579/4552/4145 2759/4559/4152 2758/4560/4153
f 2506/4558/4151 2505/4561/4154 2759/4559/4152
f 2759/4559/4152 2505/4561/4154 2760/4562/4155
f 2760/4562/4155 2505/4561/4154 2644/4563/4156
f 2760/4562/4155 2644/4563/4156 2761/4564/4157
f 2761/4564/4157 2644/4563/4156 2643/4565/4158
f 2761/4564/4157 2643/4565/4158 2762/4566/4159
f 2762/4566/4159 2643/4565/4158 2642/4567/4160
f 2762/4566/4159 2642/4567/4160 2763/4568/4161
f 2763/4568/4161 2642/4567/4160 2641/4569/4162
f 2763/4568/4161 2641/4569/4162 2764/4570/4163
f 2764/4570/4163 2641/4569/4162 2640/4571/4164
f 2764/4570/4163 2640/4571/4164 2765/4572/4165
f 2765/4572/4165 2640/4571/4164 2639/4573/4166
f 2765/4572/4165 2639/4573/4166 2766/4574/4167
f 2766/4574/4167 2639/4573/4166 2638/4575/4168
f 2766/4574/4167 2638/4575/4168 2767/4576/4169
f 2767/4576/4169 2638/4575/4168 2637/4577/4170
f 2767/4576/4169 2637/4577/4170 2929/4578/4171
f 2929/4578/4171 2637/4577/4170 2928/4579/4172
f 2928/4579/4172 2637/4577/4170 2636/4580/4173
f 2928/4579/4172 2636/4580/4173 2635/4581/4174
f 2644/4563/4156 2505/4561/4154 2645/4582/4175
f 2645/4582/4175 2505/4561/4154 2504/4583/4176
f 2645/4582/4175 2504/4583/4176 2503/4584/4177
f 2645/4582/4175 2503/4584/4177 2646/4585/4178
f 2646/4585/4178 2503/4584/4177 2502/4586/4179
f 2646/4585/4178 2502/4586/4179 2647/4587/4180
f 2647/4587/4180 2502/4586/4179 2864/4588/4181
f 2647/4587/4180 2864/4588/4181 2648/4589/4182
f 2648/4589/4182 2864/4588/4181 2863/4590/4183
f 2648/4589/4182 2863/4590/4183 2649/4591/4184
f 2649/4591/4184 2863/4590/4183 2862/4592/4185
f 2649/4591/4184 2862/4592/4185 2650/4593/4186
f 2650/4593/4186 2862/4592/4185 2861/4594/4187
f 2650/4593/4186 2861/4594/4187 2651/4595/4188
f 2651/4595/4188 2861/4594/4187 2860/4596/4189
f 2651/4595/4188 2860/4596/4189 2652/4597/4190
f 2652/4597/4190 2860/4596/4189 2859/4598/4191
f 2652/4597/4190 2859/4598/4191 2653/4599/4192
f 2653/4599/4192 2859/4598/4191 2858/4600/4193
f 2653/4599/4192 2858/4600/4193 2654/4601/4194
f 2654/4601/4194 2858/4600/4193 2857/4602/4195
f 2654/4601/4194 2857/4602/4195 2920/4603/4196
f 2920/4603/4196 2857/4602/4195 2919/4604/4197
f 2919/4604/4197 2857/4602/4195 2856/4605/4198
f 2919/4604/4197 2856/4605/4198 2918/4606/4199
f 2918/4606/4199 2856/4605/4198 2855/4607/4200
f 2918/4606/4199 2855/4607/4200 2854/4608/4201
f 2864/4588/4181 2502/4586/4179 2865/4609/4202
f 2865/4609/4202 2502/4586/4179 2501/4610/4203
f 2865/4609/4202 2501/4610/4203 2578/4485/4078
f 2578/4485/4078 2501/4610/4203 2500/4611/4204
f 2578/4485/4078 2500/4611/4204 2499/4612/4205
f 2499/4612/4205 2498/4483/4076 2578/4485/4078
f 2621/4613/4206 2620/4614/4207 2922/4615/4208
f 2922/4615/4208 2620/4614/4207 2659/4616/4209
f 2922/4615/4208 2659/4616/4209 2658/4617/4210
f 2922/4615/4208 2658/4617/4210 2921/4618/4211
f 2921/4618/4211 2658/4617/4210 2657/4619/4212
f 2921/4618/4211 2657/4619/4212 2656/4620/4213
f 2921/4618/4211 2656/4620/4213 2920/4603/4196
f 2920/4603/4196 2656/4620/4213 2655/4621/4214
f 2920/4603/4196 2655/4621/4214 2654/4601/4194
f 2928/4579/4172 2635/4581/4174 2927/4622/4215
f 2927/4622/4215 2635/4581/4174 2634/4623/4216
f 2927/4622/4215 2634/4623/4216 2633/4624/4217
f 2927/4622/4215 2633/4624/4217 2926/4625/4218
f 2926/4625/4218 2633/4624/4217 2632/4626/4219
f 2926/4625/4218 2632/4626/4219 2631/4627/4220
f 2631/4627/4220 2630/4628/4221 2926/4625/4218
f 2926/4625/4218 2630/4628/4221 2925/4629/4222
f 2925/4629/4222 2630/4628/4221 2629/4630/4223
f 2925/4629/4222 2629/4630/4223 2628/4631/4224
f 2628/4631/4224 2627/4632/4225 2925/4629/4222
f 2925/4629/4222 2627/4632/4225 2924/4633/4226
f 2924/4633/4226 2627/4632/4225 2626/4634/4227
f 2924/4633/4226 2626/4634/4227 2625/4635/4228
f 2625/4635/4228 2624/4636/4229 2924/4633/4226
f 2924/4633/4226 2624/4636/4229 2923/4637/4230
f 2923/4637/4230 2624/4636/4229 2623/4638/4231
f 2923/4637/4230 2623/4638/4231 2622/4639/4232
f 2622/4639/4232 2621/4613/4206 2923/4637/4230
f 2923/4637/4230 2621/4613/4206 2922/4615/4208
f 2732/4640/4233 2731/4641/4234 2931/4642/4235
f 2931/4642/4235 2731/4641/4234 2770/4643/4236
f 2931/4642/4235 2770/4643/4236 2930/4644/4237
f 2930/4644/4237 2770/4643/4236 2769/4645/4238
f 2930/4644/4237 2769/4645/4238 2768/4646/4239
f 2930/4644/4237 2768/4646/4239 2929/4578/4171
f 2929/4578/4171 2768/4646/4239 2767/4576/4169
f 2758/4560/4153 2757/4647/4240 2579/4552/4145
f 2579/4552/4145 2757/4647/4240 2756/4648/4241
f 2579/4552/4145 2756/4648/4241 2755/4649/4242
f 2755/4649/4242 2754/4650/4243 2579/4552/4145
f 2579/4552/4145 2754/4650/4243 2753/4651/4244
f 2579/4552/4145 2753/4651/4244 2752/4652/4245
f 2752/4652/4245 2751/4653/4246 2579/4552/4145
f 2579/4552/4145 2751/4653/4246 2750/4654/4247
f 2579/4552/4145 2750/4654/4247 2749/4655/4248
f 2749/4655/4248 2748/4656/4249 2579/4552/4145
f 2579/4552/4145 2748/4656/4249 2935/4657/4250
f 2935/4657/4250 2748/4656/4249 2747/4658/4251
f 2935/4657/4250 2747/4658/4251 2746/4659/4252
f 2746/4659/4252 2745/4660/4253 2935/4657/4250
f 2935/4657/4250 2745/4660/4253 2744/4661/4254
f 2935/4657/4250 2744/4661/4254 2743/4662/4255
f 2743/4662/4255 2742/4663/4256 2935/4657/4250
f 2935/4657/4250 2742/4663/4256 2934/4664/4257
f 2934/4664/4257 2742/4663/4256 2741/4665/4258
f 2934/4664/4257 2741/4665/4258 2740/4666/4259
f 2740/4666/4259 2739/4667/4260 2934/4664/4257
f 2934/4664/4257 2739/4667/4260 2933/4668/4261
f 2933/4668/4261 2739/4667/4260 2738/4669/4262
f 2933/4668/4261 2738/4669/4262 2737/4670/4263
f 2737/4670/4263 2736/4671/4264 2933/4668/4261
f 2933/4668/4261 2736/4671/4264 2932/4672/4265
f 2932/4672/4265 2736/4671/4264 2735/4673/4266
f 2932/4672/4265 2735/4673/4266 2734/4674/4267
f 2734/4674/4267 2733/4675/4268 2932/4672/4265
f 2932/4672/4265 2733/4675/4268 2931/4642/4235
f 2931/4642/4235 2733/4675/4268 2732/4640/4233
f 2881/4676/4269 2913/4677/4270 2842/4678/4271
f 2842/4678/4271 2913/4677/4270 2914/4679/4272
f 2842/4678/4271 2914/4679/4272 2843/4680/4273
f 2843/4680/4273 2914/4679/4272 2844/4681/4274
f 2844/4681/4274 2914/4679/4272 2845/4682/4275
f 2845/4682/4275 2914/4679/4272 2915/4683/4276
f 2845/4682/4275 2915/4683/4276 2846/4684/4277
f 2846/4684/4277 2915/4683/4276 2847/4685/4278
f 2847/4685/4278 2915/4683/4276 2848/4686/4279
f 2848/4686/4279 2915/4683/4276 2916/4687/4280
f 2848/4686/4279 2916/4687/4280 2849/4688/4281
f 2849/4688/4281 2916/4687/4280 2850/4689/4282
f 2850/4689/4282 2916/4687/4280 2851/4690/4283
f 2851/4690/4283 2916/4687/4280 2917/4691/4284
f 2851/4690/4283 2917/4691/4284 2852/4692/4285
f 2852/4692/4285 2917/4691/4284 2853/4693/4286
f 2853/4693/4286 2917/4691/4284 2854/4608/4201
f 2854/4608/4201 2917/4691/4284 2918/4606/4199
f 2881/4676/4269 2880/4694/4287 2913/4677/4270
f 2913/4677/4270 2880/4694/4287 2879/4695/4288
f 2913/4677/4270 2879/4695/4288 2878/4696/4289
f 2878/4696/4289 2877/4697/4290 2913/4677/4270
f 2913/4677/4270 2877/4697/4290 2578/4485/4078
f 2578/4485/4078 2877/4697/4290 2876/4698/4291
f 2578/4485/4078 2876/4698/4291 2875/4699/4292
f 2875/4699/4292 2874/4700/4293 2578/4485/4078
f 2578/4485/4078 2874/4700/4293 2873/4701/4294
f 2578/4485/4078 2873/4701/4294 2872/4702/4295
f 2872/4702/4295 2871/4703/4296 2578/4485/4078
f 2578/4485/4078 2871/4703/4296 2870/4704/4297
f 2578/4485/4078 2870/4704/4297 2869/4705/4298
f 2869/4705/4298 2868/4706/4299 2578/4485/4078
f 2578/4485/4078 2868/4706/4299 2867/4707/4300
f 2578/4485/4078 2867/4707/4300 2866/4708/4301
f 2866/4708/4301 2865/4609/4202 2578/4485/4078
f 2801/4709/4302 2970/4710/4303 2771/4711/4304
f 2771/4711/4304 2970/4710/4303 2975/4712/4305
f 2771/4711/4304 2975/4712/4305 2772/4713/4306
f 2772/4713/4306 2975/4712/4305 3057/4714/4307
f 2772/4713/4306 3057/4714/4307 2773/4715/4308
f 2773/4715/4308 3057/4714/4307 3054/4716/4309
f 2773/4715/4308 3054/4716/4309 2774/4717/4310
f 2774/4717/4310 3054/4716/4309 3051/4718/4311
f 2774/4717/4310 3051/4718/4311 2775/4719/4312
f 2775/4719/4312 3051/4718/4311 3048/4720/4313
f 2775/4719/4312 3048/4720/4313 2776/4721/4314
f 2776/4721/4314 3048/4720/4313 3045/4722/4315
f 2776/4721/4314 3045/4722/4315 2777/4723/4316
f 2777/4723/4316 3045/4722/4315 3042/4724/4317
f 2777/4723/4316 3042/4724/4317 2778/4725/4318
f 2778/4725/4318 3042/4724/4317 3039/4726/4319
f 2778/4725/4318 3039/4726/4319 2779/4727/4320
f 2779/4727/4320 3039/4726/4319 3036/4728/4321
f 2779/4727/4320 3036/4728/4321 2780/4729/4322
f 2780/4729/4322 3036/4728/4321 3033/4730/4323
f 2780/4729/4322 3033/4730/4323 2781/4731/4324
f 2781/4731/4324 3033/4730/4323 3030/4732/4325
f 2781/4731/4324 3030/4732/4325 2782/4733/4326
f 2782/4733/4326 3030/4732/4325 3027/4734/4327
f 2782/4733/4326 3027/4734/4327 2783/4735/4328
f 2783/4735/4328 3027/4734/4327 3024/4736/4329
f 2783/4735/4328 3024/4736/4329 2784/4737/4330
f 2784/4737/4330 3024/4736/4329 3021/4738/4331
f 2784/4737/4330 3021/4738/4331 2785/4739/4332
f 2785/4739/4332 3021/4738/4331 3018/4740/4333
f 2785/4739/4332 3018/4740/4333 2786/4741/4334
f 2786/4741/4334 3018/4740/4333 3015/4742/4335
f 2786/4741/4334 3015/4742/4335 2787/4743/4336
f 2787/4743/4336 3015/4742/4335 3012/4744/4337
f 2787/4743/4336 3012/4744/4337 2788/4745/4338
f 2788/4745/4338 3012/4744/4337 3009/4746/4339
f 2788/4745/4338 3009/4746/4339 2789/4747/4340
f 2789/4747/4340 3009/4746/4339 3006/4748/4341
f 2789/4747/4340 3006/4748/4341 2790/4749/4342
f 2790/4749/4342 3006/4748/4341 3003/4750/4343
f 2790/4749/4342 3003/4750/4343 2791/4751/4344
f 2791/4751/4344 3003/4750/4343 3000/4752/4345
f 2791/4751/4344 3000/4752/4345 2792/4753/4346
f 2792/4753/4346 3000/4752/4345 2997/4754/4347
f 2792/4753/4346 2997/4754/4347 2793/4755/4348
f 2793/4755/4348 2997/4754/4347 2994/4756/4349
f 2793/4755/4348 2994/4756/4349 2794/4757/4350
f 2794/4757/4350 2994/4756/4349 2991/4758/4351
f 2794/4757/4350 2991/4758/4351 2795/4759/4352
f 2795/4759/4352 2991/4758/4351 2988/4760/4353
f 2795/4759/4352 2988/4760/4353 2796/4761/4354
f 2796/4761/4354 2988/4760/4353 2985/4762/4355
f 2796/4761/4354 2985/4762/4355 2797/4763/4356
f 2797/4763/4356 2985/4762/4355 2967/4764/4357
f 2797/4763/4356 2967/4764/4357 2798/4765/4358
f 2798/4766/4358 2967/4767/4357 2982/4768/4359
f 2798/4766/4358 2982/4768/4359 2799/4769/4360
f 2799/4769/4360 2982/4768/4359 2979/4770/4361
f 2799/4769/4360 2979/4770/4361 2800/4771/4362
f 2800/4771/4362 2979/4770/4361 2976/4772/4363
f 2800/4771/4362 2976/4772/4363 2801/4709/4302
f 2801/4709/4302 2976/4772/4363 2970/4710/4303
f 2937/4773/4364 2984/4774/4365 2936/4775/4366
f 2936/4775/4366 2984/4774/4365 2969/4776/4367
f 2936/4777/4366 2969/4778/4367 2966/4779/4368
f 2966/4779/4368 2969/4778/4367 2987/4780/4369
f 2966/4779/4368 2987/4780/4369 2965/4781/4370
f 2965/4781/4370 2987/4780/4369 2990/4782/4371
f 2965/4781/4370 2990/4782/4371 2964/4783/4372
f 2964/4783/4372 2990/4782/4371 2993/4784/4373
f 2964/4783/4372 2993/4784/4373 2963/4785/4374
f 2963/4785/4374 2993/4784/4373 2996/4786/4375
f 2963/4785/4374 2996/4786/4375 2962/4787/4376
f 2962/4787/4376 2996/4786/4375 2999/4788/4377
f 2962/4787/4376 2999/4788/4377 2961/4789/4378
f 2961/4789/4378 2999/4788/4377 3002/4790/4379
f 2961/4789/4378 3002/4790/4379 2960/4791/4380
f 2960/4791/4380 3002/4790/4379 3005/4792/4381
f 2960/4791/4380 3005/4792/4381 2959/4793/4382
f 2959/4793/4382 3005/4792/4381 3008/4794/4383
f 2959/4793/4382 3008/4794/4383 2958/4795/4384
f 2958/4795/4384 3008/4794/4383 3011/4796/4385
f 2958/4795/4384 3011/4796/4385 2957/4797/4386
f 2957/4797/4386 3011/4796/4385 3014/4798/4387
f 2957/4797/4386 3014/4798/4387 2956/4799/4388
f 2956/4799/4388 3014/4798/4387 3017/4800/4389
f 2956/4799/4388 3017/4800/4389 2955/4801/4390
f 2955/4801/4390 3017/4800/4389 3020/4802/4391
f 2955/4801/4390 3020/4802/4391 2954/4803/4392
f 2954/4803/4392 3020/4802/4391 3023/4804/4393
f 2954/4803/4392 3023/4804/4393 2953/4805/4394
f 2953/4805/4394 3023/4804/4393 3026/4806/4395
f 2953/4805/4394 3026/4806/4395 2952/4807/4396
f 2952/4807/4396 3026/4806/4395 3029/4808/4397
f 2952/4807/4396 3029/4808/4397 2951/4809/4398
f 2951/4809/4398 3029/4808/4397 3032/4810/4399
f 2951/4809/4398 3032/4810/4399 2950/4811/4400
f 2950/4811/4400 3032/4810/4399 3035/4812/4401
f 2950/4811/4400 3035/4812/4401 2949/4813/4402
f 2949/4813/4402 3035/4812/4401 3038/4814/4403
f 2949/4813/4402 3038/4814/4403 2948/4815/4404
f 2948/4815/4404 3038/4814/4403 3041/4816/4405
f 2948/4815/4404 3041/4816/4405 2947/4817/4406
f 2947/4817/4406 3041/4816/4405 3044/4818/4407
f 2947/4817/4406 3044/4818/4407 2946/4819/4408
f 2946/4819/4408 3044/4818/4407 3047/4820/4409
f 2946/4819/4408 3047/4820/4409 2945/4821/4410
f 2945/4821/4410 3047/4820/4409 3050/4822/4411
f 2945/4821/4410 3050/4822/4411 2944/4823/4412
f 2944/4823/4412 3050/4822/4411 3053/4824/4413
f 2944/4823/4412 3053/4824/4413 2943/4825/4414
f 2943/4825/4414 3053/4824/4413 3056/4826/4415
f 2943/4825/4414 3056/4826/4415 2942/4827/4416
f 2942/4827/4416 3056/4826/4415 3059/4828/4417
f 2942/4827/4416 3059/4828/4417 2941/4829/4418
f 2941/4829/4418 3059/4828/4417 2973/4830/4419
f 2941/4829/4418 2973/4830/4419 2940/4831/4420
f 2940/4831/4420 2973/4830/4419 2972/4832/4421
f 2940/4831/4420 2972/4832/4421 2939/4833/4422
f 2939/4833/4422 2972/4832/4421 2978/4834/4423
f 2939/4833/4422 2978/4834/4423 2938/4835/4424
f 2938/4835/4424 2978/4834/4423 2981/4836/4425
f 2938/4835/4424 2981/4836/4425 2937/4773/4364
f 2937/4773/4364 2981/4836/4425 2984/4774/4365
f 2967/4767/4357 2968/4837/4426 2982/4768/4359
f 2982/4768/4359 2968/4837/4426 2983/4838/4427
f 2982/4768/4359 2983/4838/4427 2979/4770/4361
f 2979/4770/4361 2983/4838/4427 2980/4839/4428
f 2979/4770/4361 2980/4839/4428 2976/4772/4363
f 2976/4772/4363 2980/4839/4428 2977/4840/4429
f 2976/4772/4363 2977/4840/4429 2970/4710/4303
f 2970/4710/4303 2977/4840/4429 2971/4841/4430
f 2970/4710/4303 2971/4841/4430 2975/4712/4305
f 2975/4712/4305 2971/4841/4430 2974/4842/4431
f 2975/4712/4305 2974/4842/4431 3057/4714/4307
f 3057/4714/4307 2974/4842/4431 3058/4843/4432
f 3057/4714/4307 3058/4843/4432 3054/4716/4309
f 3054/4716/4309 3058/4843/4432 3055/4844/4433
f 3054/4716/4309 3055/4844/4433 3051/4718/4311
f 3051/4718/4311 3055/4844/4433 3052/4845/4434
f 3051/4718/4311 3052/4845/4434 3048/4720/4313
f 3048/4720/4313 3052/4845/4434 3049/4846/4435
f 3048/4720/4313 3049/4846/4435 3045/4722/4315
f 3045/4722/4315 3049/4846/4435 3046/4847/4436
f 3045/4722/4315 3046/4847/4436 3042/4724/4317
f 3042/4724/4317 3046/4847/4436 3043/4848/4437
f 3042/4724/4317 3043/4848/4437 3039/4726/4319
f 3039/4726/4319 3043/4848/4437 3040/4849/4438
f 3039/4726/4319 3040/4849/4438 3036/4728/4321
f 3036/4728/4321 3040/4849/4438 3037/4850/4439
f 3036/4728/4321 3037/4850/4439 3033/4730/4323
f 3033/4730/4323 3037/4850/4439 3034/4851/4440
f 3033/4730/4323 3034/4851/4440 3030/4732/4325
f 3030/4732/4325 3034/4851/4440 3031/4852/4441
f 3030/4732/4325 3031/4852/4441 3027/4734/4327
f 3027/4734/4327 3031/4852/4441 3028/4853/4442
f 3027/4734/4327 3028/4853/4442 3024/4736/4329
f 3024/4736/4329 3028/4853/4442 3025/4854/4443
f 3024/4736/4329 3025/4854/4443 3021/4738/4331
f 3021/4738/4331 3025/4854/4443 3022/4855/4444
f 3021/4738/4331 3022/4855/4444 3018/4740/4333
f 3018/4740/4333 3022/4855/4444 3019/4856/4445
f 3018/4740/4333 3019/4856/4445 3015/4742/4335
f 3015/4742/4335 3019/4856/4445 3016/4857/4446
f 3015/4742/4335 3016/4857/4446 3012/4744/4337
f 3012/4744/4337 3016/4857/4446 3013/4858/4447
f 3012/4744/4337 3013/4858/4447 3009/4746/4339
f 3009/4746/4339 3013/4858/4447 3010/4859/4448
f 3009/4746/4339 3010/4859/4448 3006/4748/4341
f 3006/4748/4341 3010/4859/4448 3007/4860/4449
f 3006/4748/4341 3007/4860/4449 3003/4750/4343
f 3003/4750/4343 3007/4860/4449 3004/4861/4450
f 3003/4750/4343 3004/4861/4450 3000/4752/4345
f 3000/4752/4345 3004/4861/4450 3001/4862/4451
f 3000/4752/4345 3001/4862/4451 2997/4754/4347
f 2997/4754/4347 3001/4862/4451 2998/4863/4452
f 2997/4754/4347 2998/4863/4452 2994/4756/4349
f 2994/4756/4349 2998/4863/4452 2995/4864/4453
f 2994/4756/4349 2995/4864/4453 2991/4758/4351
f 2991/4758/4351 2995/4864/4453 2992/4865/4454
f 2991/4758/4351 2992/4865/4454 2988/4760/4353
f 2988/4760/4353 2992/4865/4454 2989/4866/4455
f 2988/4760/4353 2989/4866/4455 2985/4762/4355
f 2985/4762/4355 2989/4866/4455 2986/4867/4456
f 2985/4762/4355 2986/4867/4456 2967/4764/4357
f 2967/4764/4357 2986/4867/4456 2968/4868/4426
f 2968/4837/4426 2969/4776/4367 2983/4838/4427
f 2983/4838/4427 2969/4776/4367 2984/4774/4365
f 2983/4838/4427 2984/4774/4365 2980/4839/4428
f 2980/4839/4428 2984/4774/4365 2981/4836/4425
f 2980/4839/4428 2981/4836/4425 2977/4840/4429
f 2977/4840/4429 2981/4836/4425 2978/4834/4423
f 2977/4840/4429 2978/4834/4423 2971/4841/4430
f 2971/4841/4430 2978/4834/4423 2972/4832/4421
f 2971/4841/4430 2972/4832/4421 2974/4842/4431
f 2974/4842/4431 2972/4832/4421 2973/4830/4419
f 2974/4842/4431 2973/4830/4419 3058/4843/4432
f 3058/4843/4432 2973/4830/4419 3059/4828/4417
f 3058/4843/4432 3059/4828/4417 3055/4844/4433
f 3055/4844/4433 3059/4828/4417 3056/4826/4415
f 3055/4844/4433 3056/4826/4415 3052/4845/4434
f 3052/4845/4434 3056/4826/4415 3053/4824/4413
f 3052/4845/4434 3053/4824/4413 3049/4846/4435
f 3049/4846/4435 3053/4824/4413 3050/4822/4411
f 3049/4846/4435 3050/4822/4411 3046/4847/4436
f 3046/4847/4436 3050/4822/4411 3047/4820/4409
f 3046/4847/4436 3047/4820/4409 3043/4848/4437
f 3043/4848/4437 3047/4820/4409 3044/4818/4407
f 3043/4848/4437 3044/4818/4407 3040/4849/4438
f 3040/4849/4438 3044/4818/4407 3041/4816/4405
f 3040/4849/4438 3041/4816/4405 3037/4850/4439
f 3037/4850/4439 3041/4816/4405 3038/4814/4403
f 3037/4850/4439 3038/4814/4403 3034/4851/4440
f 3034/4851/4440 3038/4814/4403 3035/4812/4401
f 3034/4851/4440 3035/4812/4401 3031/4852/4441
f 3031/4852/4441 3035/4812/4401 3032/4810/4399
f 3031/4852/4441 3032/4810/4399 3028/4853/4442
f 3028/4853/4442 3032/4810/4399 3029/4808/4397
f 3028/4853/4442 3029/4808/4397 3025/4854/4443
f 3025/4854/4443 3029/4808/4397 3026/4806/4395
f 3025/4854/4443 3026/4806/4395 3022/4855/4444
f 3022/4855/4444 3026/4806/4395 3023/4804/4393
f 3022/4855/4444 3023/4804/4393 3019/4856/4445
f 3019/4856/4445 3023/4804/4393 3020/4802/4391
f 3019/4856/4445 3020/4802/4391 3016/4857/4446
f 3016/4857/4446 3020/4802/4391 3017/4800/4389
f 3016/4857/4446 3017/4800/4389 3013/4858/4447
f 3013/4858/4447 3017/4800/4389 3014/4798/4387
f 3013/4858/4447 3014/4798/4387 3010/4859/4448
f 3010/4859/4448 3014/4798/4387 3011/4796/4385
f 3010/4859/4448 3011/4796/4385 3007/4860/4449
f 3007/4860/4449 3011/4796/4385 3008/4794/4383
f 3007/4860/4449 3008/4794/4383 3004/4861/4450
f 3004/4861/4450 3008/4794/4383 3005/4792/4381
f 3004/4861/4450 3005/4792/4381 3001/4862/4451
f 3001/4862/4451 3005/4792/4381 3002/4790/4379
f 3001/4862/4451 3002/4790/4379 2998/4863/4452
f 2998/4863/4452 3002/4790/4379 2999/4788/4377
f 2998/4863/4452 2999/4788/4377 2995/4864/4453
f 2995/4864/4453 2999/4788/4377 2996/4786/4375
f 2995/4864/4453 2996/4786/4375 2992/4865/4454
f 2992/4865/4454 2996/4786/4375 2993/4784/4373
f 2992/4865/4454 2993/4784/4373 2989/4866/4455
f 2989/4866/4455 2993/4784/4373 2990/4782/4371
f 2989/4866/4455 2990/4782/4371 2986/4867/4456
f 2986/4867/4456 2990/4782/4371 2987/4780/4369
f 2986/4867/4456 2987/4780/4369 2968/4868/4426
f 2968/4868/4426 2987/4780/4369 2969/4778/4367
f 2912/4869/4457 3094/4870/4458 2882/4871/4459
f 2882/4871/4459 3094/4870/4458 3099/4872/4460
f 2882/4871/4459 3099/4872/4460 2883/4873/4461
f 2883/4873/4461 3099/4872/4460 3181/4874/4462
f 2883/4873/4461 3181/4874/4462 2884/4875/4463
f 2884/4875/4463 3181/4874/4462 3178/4876/4464
f 2884/4875/4463 3178/4876/4464 2885/4877/4465
f 2885/4877/4465 3178/4876/4464 3175/4878/4466
f 2885/4877/4465 3175/4878/4466 2886/4879/4467
f 2886/4879/4467 3175/4878/4466 3172/4880/4468
f 2886/4879/4467 3172/4880/4468 2887/4881/4469
f 2887/4881/4469 3172/4880/4468 3169/4882/4470
f 2887/4881/4469 3169/4882/4470 2888/4883/4471
f 2888/4883/4471 3169/4882/4470 3166/4884/4472
f 2888/4883/4471 3166/4884/4472 2889/4885/4473
f 2889/4885/4473 3166/4884/4472 3163/4886/4474
f 2889/4885/4473 3163/4886/4474 2890/4887/4475
f 2890/4887/4475 3163/4886/4474 3160/4888/4476
f 2890/4887/4475 3160/4888/4476 2891/4889/4477
f 2891/4889/4477 3160/4888/4476 3157/4890/4478
f 2891/4889/4477 3157/4890/4478 2892/4891/4479
f 2892/4891/4479 3157/4890/4478 3154/4892/4480
f 2892/4891/4479 3154/4892/4480 2893/4893/4481
f 2893/4893/4481 3154/4892/4480 3151/4894/4482
f 2893/4893/4481 3151/4894/4482 2894/4895/4483
f 2894/4895/4483 3151/4894/4482 3148/4896/4484
f 2894/4895/4483 3148/4896/4484 2895/4897/4485
f 2895/4897/4485 3148/4896/4484 3145/4898/4486
f 2895/4897/4485 3145/4898/4486 2896/4899/4487
f 2896/4899/4487 3145/4898/4486 3142/4900/4488
f 2896/4899/4487 3142/4900/4488 2897/4901/4489
f 2897/4901/4489 3142/4900/4488 3139/4902/4490
f 2897/4901/4489 3139/4902/4490 2898/4903/4491
f 2898/4903/4491 3139/4902/4490 3136/4904/4492
f 2898/4903/4491 3136/4904/4492 2899/4905/4493
f 2899/4905/4493 3136/4904/4492 3133/4906/4494
f 2899/4905/4493 3133/4906/4494 2900/4907/4495
f 2900/4907/4495 3133/4906/4494 3130/4908/4496
f 2900/4907/4495 3130/4908/4496 2901/4909/4497
f 2901/4909/4497 3130/4908/4496 3127/4910/4498
f 2901/4909/4497 3127/4910/4498 2902/4911/4499
f 2902/4911/4499 3127/4910/4498 3124/4912/4500
f 2902/4911/4499 3124/4912/4500 2903/4913/4501
f 2903/4913/4501 3124/4912/4500 3121/4914/4502
f 2903/4913/4501 3121/4914/4502 2904/4915/4503
f 2904/4915/4503 3121/4914/4502 3118/4916/4504
f 2904/4915/4503 3118/4916/4504 2905/4917/4505
f 2905/4917/4505 3118/4916/4504 3115/4918/4506
f 2905/4917/4505 3115/4918/4506 2906/4919/4507
f 2906/4919/4507 3115/4918/4506 3112/4920/4508
f 2906/4919/4507 3112/4920/4508 2907/4921/4509
f 2907/4921/4509 3112/4920/4508 3109/4922/4510
f 2907/4921/4509 3109/4922/4510 2908/4923/4511
f 2908/4923/4511 3109/4922/4510 3091/4924/4512
f 2908/4923/4511 3091/4924/4512 2909/4925/4513
f 2909/4926/4513 3091/4927/4512 3106/4928/4514
f 2909/4926/4513 3106/4928/4514 2910/4929/4515
f 2910/4929/4515 3106/4928/4514 3103/4930/4516
f 2910/4929/4515 3103/4930/4516 2911/4931/4517
f 2911/4931/4517 3103/4930/4516 3100/4932/4518
f 2911/4931/4517 3100/4932/4518 2912/4869/4457
f 2912/4869/4457 3100/4932/4518 3094/4870/4458
f 3061/4933/4519 3108/4934/4520 3060/4935/4521
f 3060/4935/4521 3108/4934/4520 3093/4936/4522
f 3060/4937/4521 3093/4938/4522 3090/4939/4523
f 3090/4939/4523 3093/4938/4522 3111/4940/4524
f 3090/4939/4523 3111/4940/4524 3089/4941/4525
f 3089/4941/4525 3111/4940/4524 3114/4942/4526
f 3089/4941/4525 3114/4942/4526 3088/4943/4527
f 3088/4943/4527 3114/4942/4526 3117/4944/4528
f 3088/4943/4527 3117/4944/4528 3087/4945/4529
f 3087/4945/4529 3117/4944/4528 3120/4946/4530
f 3087/4945/4529 3120/4946/4530 3086/4947/4531
f 3086/4947/4531 3120/4946/4530 3123/4948/4532
f 3086/4947/4531 3123/4948/4532 3085/4949/4533
f 3085/4949/4533 3123/4948/4532 3126/4950/4534
f 3085/4949/4533 3126/4950/4534 3084/4951/4535
f 3084/4951/4535 3126/4950/4534 3129/4952/4536
f 3084/4951/4535 3129/4952/4536 3083/4953/4537
f 3083/4953/4537 3129/4952/4536 3132/4954/4538
f 3083/4953/4537 3132/4954/4538 3082/4955/4539
f 3082/4955/4539 3132/4954/4538 3135/4956/4540
f 3082/4955/4539 3135/4956/4540 3081/4957/4541
f 3081/4957/4541 3135/4956/4540 3138/4958/4542
f 3081/4957/4541 3138/4958/4542 3080/4959/4543
f 3080/4959/4543 3138/4958/4542 3141/4960/4544
f 3080/4959/4543 3141/4960/4544 3079/4961/4545
f 3079/4961/4545 3141/4960/4544 3144/4962/4546
f 3079/4961/4545 3144/4962/4546 3078/4963/4547
f 3078/4963/4547 3144/4962/4546 3147/4964/4548
f 3078/4963/4547 3147/4964/4548 3077/4965/4549
f 3077/4965/4549 3147/4964/4548 3150/4966/4550
f 3077/4965/4549 3150/4966/4550 3076/4967/4551
f 3076/4967/4551 3150/4966/4550 3153/4968/4552
f 3076/4967/4551 3153/4968/4552 3075/4969/4553
f 3075/4969/4553 3153/4968/4552 3156/4970/4554
f 3075/4969/4553 3156/4970/4554 3074/4971/4555
f 3074/4971/4555 3156/4970/4554 3159/4972/4556
f 3074/4971/4555 3159/4972/4556 3073/4973/4557
f 3073/4973/4557 3159/4972/4556 3162/4974/4558
f 3073/4973/4557 3162/4974/4558 3072/4975/4559
f 3072/4975/4559 3162/4974/4558 3165/4976/4560
f 3072/4975/4559 3165/4976/4560 3071/4977/4561
f 3071/4977/4561 3165/4976/4560 3168/4978/4562
f 3071/4977/4561 3168/4978/4562 3070/4979/4563
f 3070/4979/4563 3168/4978/4562 3171/4980/4564
f 3070/4979/4563 3171/4980/4564 3069/4981/4565
f 3069/4981/4565 3171/4980/4564 3174/4982/4566
f 3069/4981/4565 3174/4982/4566 3068/4983/4567
f 3068/4983/4567 3174/4982/4566 3177/4984/4568
f 3068/4983/4567 3177/4984/4568 3067/4985/4569
f 3067/4985/4569 3177/4984/4568 3180/4986/4570
f 3067/4985/4569 3180/4986/4570 3066/4987/4571
f 3066/4987/4571 3180/4986/4570 3183/4988/4572
f 3066/4987/4571 3183/4988/4572 3065/4989/4573
f 3065/4989/4573 3183/4988/4572 3097/4990/4574
f 3065/4989/4573 3097/4990/4574 3064/4991/4575
f 3064/4991/4575 3097/4990/4574 3096/4992/4576
f 3064/4991/4575 3096/4992/4576 3063/4993/4577
f 3063/4993/4577 3096/4992/4576 3102/4994/4578
f 3063/4993/4577 3102/4994/4578 3062/4995/4579
f 3062/4995/4579 3102/4994/4578 3105/4996/4580
f 3062/4995/4579 3105/4996/4580 3061/4933/4519
f 3061/4933/4519 3105/4996/4580 3108/4934/4520
f 3091/4927/4512 3092/4997/4581 3106/4928/4514
f 3106/4928/4514 3092/4997/4581 3107/4998/4582
f 3106/4928/4514 3107/4998/4582 3103/4930/4516
f 3103/4930/4516 3107/4998/4582 3104/4999/4583
f 3103/4930/4516 3104/4999/4583 3100/4932/4518
f 3100/4932/4518 3104/4999/4583 3101/5000/4584
f 3100/4932/4518 3101/5000/4584 3094/4870/4458
f 3094/4870/4458 3101/5000/4584 3095/5001/4585
f 3094/4870/4458 3095/5001/4585 3099/4872/4460
f 3099/4872/4460 3095/5001/4585 3098/5002/4586
f 3099/4872/4460 3098/5002/4586 3181/4874/4462
f 3181/4874/4462 3098/5002/4586 3182/5003/4587
f 3181/4874/4462 3182/5003/4587 3178/4876/4464
f 3178/4876/4464 3182/5003/4587 3179/5004/4588
f 3178/4876/4464 3179/5004/4588 3175/4878/4466
f 3175/4878/4466 3179/5004/4588 3176/5005/4589
f 3175/4878/4466 3176/5005/4589 3172/4880/4468
f 3172/4880/4468 3176/5005/4589 3173/5006/4590
f 3172/4880/4468 3173/5006/4590 3169/4882/4470
f 3169/4882/4470 3173/5006/4590 3170/5007/4591
f 3169/4882/4470 3170/5007/4591 3166/4884/4472
f 3166/4884/4472 3170/5007/4591 3167/5008/4592
f 3166/4884/4472 3167/5008/4592 3163/4886/4474
f 3163/4886/4474 3167/5008/4592 3164/5009/4593
f 3163/4886/4474 3164/5009/4593 3160/4888/4476
f 3160/4888/4476 3164/5009/4593 3161/5010/4594
f 3160/4888/4476 3161/5010/4594 3157/4890/4478
f 3157/4890/4478 3161/5010/4594 3158/5011/4595
f 3157/4890/4478 3158/5011/4595 3154/4892/4480
f 3154/4892/4480 3158/5011/4595 3155/5012/4596
f 3154/4892/4480 3155/5012/4596 3151/4894/4482
f 3151/4894/4482 3155/5012/4596 3152/5013/4597
f 3151/4894/4482 3152/5013/4597 3148/4896/4484
f 3148/4896/4484 3152/5013/4597 3149/5014/4598
f 3148/4896/4484 3149/5014/4598 3145/4898/4486
f 3145/4898/4486 3149/5014/4598 3146/5015/4599
f 3145/4898/4486 3146/5015/4599 3142/4900/4488
f 3142/4900/4488 3146/5015/4599 3143/5016/4600
f 3142/4900/4488 3143/5016/4600 3139/4902/4490
f 3139/4902/4490 3143/5016/4600 3140/5017/4601
f 3139/4902/4490 3140/5017/4601 3136/4904/4492
f 3136/4904/4492 3140/5017/4601 3137/5018/4602
f 3136/4904/4492 3137/5018/4602 3133/4906/4494
f 3133/4906/4494 3137/5018/4602 3134/5019/4603
f 3133/4906/4494 3134/5019/4603 3130/4908/4496
f 3130/4908/4496 3134/5019/4603 3131/5020/4604
f 3130/4908/4496 3131/5020/4604 3127/4910/4498
f 3127/4910/4498 3131/5020/4604 3128/5021/4605
f 3127/4910/4498 3128/5021/4605 3124/4912/4500
f 3124/4912/4500 3128/5021/4605 3125/5022/4606
f 3124/4912/4500 3125/5022/4606 3121/4914/4502
f 3121/4914/4502 3125/5022/4606 3122/5023/4607
f 3121/4914/4502 3122/5023/4607 3118/4916/4504
f 3118/4916/4504 3122/5023/4607 3119/5024/4608
f 3118/4916/4504 3119/5024/4608 3115/4918/4506
f 3115/4918/4506 3119/5024/4608 3116/5025/4609
f 3115/4918/4506 3116/5025/4609 3112/4920/4508
f 3112/4920/4508 3116/5025/4609 3113/5026/4610
f 3112/4920/4508 3113/5026/4610 3109/4922/4510
f 3109/4922/4510 3113/5026/4610 3110/5027/4611
f 3109/4922/4510 3110/5027/4611 3091/4924/4512
f 3091/4924/4512 3110/5027/4611 3092/5028/4581
f 3092/4997/4581 3093/4936/4522 3107/4998/4582
f 3107/4998/4582 3093/4936/4522 3108/4934/4520
f 3107/4998/4582 3108/4934/4520 3104/4999/4583
f 3104/4999/4583 3108/4934/4520 3105/4996/4580
f 3104/4999/4583 3105/4996/4580 3101/5000/4584
f 3101/5000/4584 3105/4996/4580 3102/4994/4578
f 3101/5000/4584 3102/4994/4578 3095/5001/4585
f 3095/5001/4585 3102/4994/4578 3096/4992/4576
f 3095/5001/4585 3096/4992/4576 3098/5002/4586
f 3098/5002/4586 3096/4992/4576 3097/4990/4574
f 3098/5002/4586 3097/4990/4574 3182/5003/4587
f 3182/5003/4587 3097/4990/4574 3183/4988/4572
f 3182/5003/4587 3183/4988/4572 3179/5004/4588
f 3179/5004/4588 3183/4988/4572 3180/4986/4570
f 3179/5004/4588 3180/4986/4570 3176/5005/4589
f 3176/5005/4589 3180/4986/4570 3177/4984/4568
f 3176/5005/4589 3177/4984/4568 3173/5006/4590
f 3173/5006/4590 3177/4984/4568 3174/4982/4566
f 3173/5006/4590 3174/4982/4566 3170/5007/4591
f 3170/5007/4591 3174/4982/4566 3171/4980/4564
f 3170/5007/4591 3171/4980/4564 3167/5008/4592
f 3167/5008/4592 3171/4980/4564 3168/4978/4562
f 3167/5008/4592 3168/4978/4562 3164/5009/4593
f 3164/5009/4593 3168/4978/4562 3165/4976/4560
f 3164/5009/4593 3165/4976/4560 3161/5010/4594
f 3161/5010/4594 3165/4976/4560 3162/4974/4558
f 3161/5010/4594 3162/4974/4558 3158/5011/4595
f 3158/5011/4595 3162/4974/4558 3159/4972/4556
f 3158/5011/4595 3159/4972/4556 3155/5012/4596
f 3155/5012/4596 3159/4972/4556 3156/4970/4554
f 3155/5012/4596 3156/4970/4554 3152/5013/4597
f 3152/5013/4597 3156/4970/4554 3153/4968/4552
f 3152/5013/4597 3153/4968/4552 3149/5014/4598
f 3149/5014/4598 3153/4968/4552 3150/4966/4550
f 3149/5014/4598 3150/4966/4550 3146/5015/4599
f 3146/5015/4599 3150/4966/4550 3147/4964/4548
f 3146/5015/4599 3147/4964/4548 3143/5016/4600
f 3143/5016/4600 3147/4964/4548 3144/4962/4546
f 3143/5016/4600 3144/4962/4546 3140/5017/4601
f 3140/5017/4601 3144/4962/4546 3141/4960/4544
f 3140/5017/4601 3141/4960/4544 3137/5018/4602
f 3137/5018/4602 3141/4960/4544 3138/4958/4542
f 3137/5018/4602 3138/4958/4542 3134/5019/4603
f 3134/5019/4603 3138/4958/4542 3135/4956/4540
f 3134/5019/4603 3135/4956/4540 3131/5020/4604
f 3131/5020/4604 3135/4956/4540 3132/4954/4538
f 3131/5020/4604 3132/4954/4538 3128/5021/4605
f 3128/5021/4605 3132/4954/4538 3129/4952/4536
f 3128/5021/4605 3129/4952/4536 3125/5022/4606
f 3125/5022/4606 3129/4952/4536 3126/4950/4534
f 3125/5022/4606 3126/4950/4534 3122/5023/4607
f 3122/5023/4607 3126/4950/4534 3123/4948/4532
f 3122/5023/4607 3123/4948/4532 3119/5024/4608
f 3119/5024/4608 3123/4948/4532 3120/4946/4530
f 3119/5024/4608 3120/4946/4530 3116/5025/4609
f 3116/5025/4609 3120/4946/4530 3117/4944/4528
f 3116/5025/4609 3117/4944/4528 3113/5026/4610
f 3113/5026/4610 3117/4944/4528 3114/4942/4526
f 3113/5026/4610 3114/4942/4526 3110/5027/4611
f 3110/5027/4611 3114/4942/4526 3111/4940/4524
f 3110/5027/4611 3111/4940/4524 3092/5028/4581
f 3092/5028/4581 3111/4940/4524 3093/4938/4522
f 2690/5029/4612 3218/5030/4613 2660/5031/4614
f 2660/5031/4614 3218/5030/4613 3223/5032/4615
f 2660/5031/4614 3223/5032/4615 2661/5033/4616
f 2661/5033/4616 3223/5032/4615 3305/5034/4617
f 2661/5033/4616 3305/5034/4617 2662/5035/4618
f 2662/5035/4618 3305/5034/4617 3302/5036/4619
f 2662/5035/4618 3302/5036/4619 2663/5037/4620
f 2663/5037/4620 3302/5036/4619 3299/5038/4621
f 2663/5037/4620 3299/5038/4621 2664/5039/4622
f 2664/5039/4622 3299/5038/4621 3296/5040/4623
f 2664/5039/4622 3296/5040/4623 2665/5041/4624
f 2665/5041/4624 3296/5040/4623 3293/5042/4625
f 2665/5041/4624 3293/5042/4625 2666/5043/4626
f 2666/5043/4626 3293/5042/4625 3290/5044/4627
f 2666/5043/4626 3290/5044/4627 2667/5045/4628
f 2667/5045/4628 3290/5044/4627 3287/5046/4629
f 2667/5045/4628 3287/5046/4629 2668/5047/4630
f 2668/5047/4630 3287/5046/4629 3284/5048/4631
f 2668/5047/4630 3284/5048/4631 2669/5049/4632
f 2669/5049/4632 3284/5048/4631 3281/5050/4633
f 2669/5049/4632 3281/5050/4633 2670/5051/4634
f 2670/5051/4634 3281/5050/4633 3278/5052/4635
f 2670/5051/4634 3278/5052/4635 2671/5053/4636
f 2671/5053/4636 3278/5052/4635 3275/5054/4637
f 2671/5053/4636 3275/5054/4637 2672/5055/4638
f 2672/5055/4638 3275/5054/4637 3272/5056/4639
f 2672/5055/4638 3272/5056/4639 2673/5057/4640
f 2673/5057/4640 3272/5056/4639 3269/5058/4641
f 2673/5057/4640 3269/5058/4641 2674/5059/4642
f 2674/5059/4642 3269/5058/4641 3266/5060/4643
f 2674/5059/4642 3266/5060/4643 2675/5061/4644
f 2675/5061/4644 3266/5060/4643 3263/5062/4645
f 2675/5061/4644 3263/5062/4645 2676/5063/4646
f 2676/5063/4646 3263/5062/4645 3260/5064/4647
f 2676/5063/4646 3260/5064/4647 2677/5065/4648
f 2677/5065/4648 3260/5064/4647 3257/5066/4649
f 2677/5065/4648 3257/5066/4649 2678/5067/4650
f 2678/5067/4650 3257/5066/4649 3254/5068/4651
f 2678/5067/4650 3254/5068/4651 2679/5069/4652
f 2679/5069/4652 3254/5068/4651 3251/5070/4653
f 2679/5069/4652 3251/5070/4653 2680/5071/4654
f 2680/5071/4654 3251/5070/4653 3248/5072/4655
f 2680/5071/4654 3248/5072/4655 2681/5073/4656
f 2681/5073/4656 3248/5072/4655 3245/5074/4657
f 2681/5073/4656 3245/5074/4657 2682/5075/4658
f 2682/5075/4658 3245/5074/4657 3242/5076/4659
f 2682/5075/4658 3242/5076/4659 2683/5077/4660
f 2683/5077/4660 3242/5076/4659 3239/5078/4661
f 2683/5077/4660 3239/5078/4661 2684/5079/4662
f 2684/5079/4662 3239/5078/4661 3236/5080/4663
f 2684/5079/4662 3236/5080/4663 2685/5081/4664
f 2685/5081/4664 3236/5080/4663 3233/5082/4665
f 2685/5081/4664 3233/5082/4665 2686/5083/4666
f 2686/5083/4666 3233/5082/4665 3215/5084/4667
f 2686/5083/4666 3215/5084/4667 2687/5085/4668
f 2687/5086/4668 3215/5087/4667 3230/5088/4669
f 2687/5086/4668 3230/5088/4669 2688/5089/4670
f 2688/5089/4670 3230/5088/4669 3227/5090/4671
f 2688/5089/4670 3227/5090/4671 2689/5091/4672
f 2689/5091/4672 3227/5090/4671 3224/5092/4673
f 2689/5091/4672 3224/5092/4673 2690/5029/4612
f 2690/5029/4612 3224/5092/4673 3218/5030/4613
f 3185/5093/4674 3232/5094/4675 3184/5095/4676
f 3184/5095/4676 3232/5094/4675 3217/5096/4677
f 3184/5097/4676 3217/5098/4677 3214/5099/4678
f 3214/5099/4678 3217/5098/4677 3235/5100/4679
f 3214/5099/4678 3235/5100/4679 3213/5101/4680
f 3213/5101/4680 3235/5100/4679 3238/5102/4681
f 3213/5101/4680 3238/5102/4681 3212/5103/4682
f 3212/5103/4682 3238/5102/4681 3241/5104/4683
f 3212/5103/4682 3241/5104/4683 3211/5105/4684
f 3211/5105/4684 3241/5104/4683 3244/5106/4685
f 3211/5105/4684 3244/5106/4685 3210/5107/4686
f 3210/5107/4686 3244/5106/4685 3247/5108/4687
f 3210/5107/4686 3247/5108/4687 3209/5109/4688
f 3209/5109/4688 3247/5108/4687 3250/5110/4689
f 3209/5109/4688 3250/5110/4689 3208/5111/4690
f 3208/5111/4690 3250/5110/4689 3253/5112/4691
f 3208/5111/4690 3253/5112/4691 3207/5113/4692
f 3207/5113/4692 3253/5112/4691 3256/5114/4693
f 3207/5113/4692 3256/5114/4693 3206/5115/4694
f 3206/5115/4694 3256/5114/4693 3259/5116/4695
f 3206/5115/4694 3259/5116/4695 3205/5117/4696
f 3205/5117/4696 3259/5116/4695 3262/5118/4697
f 3205/5117/4696 3262/5118/4697 3204/5119/4698
f 3204/5119/4698 3262/5118/4697 3265/5120/4699
f 3204/5119/4698 3265/5120/4699 3203/5121/4700
f 3203/5121/4700 3265/5120/4699 3268/5122/4701
f 3203/5121/4700 3268/5122/4701 3202/5123/4702
f 3202/5123/4702 3268/5122/4701 3271/5124/4703
f 3202/5123/4702 3271/5124/4703 3201/5125/4704
f 3201/5125/4704 3271/5124/4703 3274/5126/4705
f 3201/5125/4704 3274/5126/4705 3200/5127/4706
f 3200/5127/4706 3274/5126/4705 3277/5128/4707
f 3200/5127/4706 3277/5128/4707 3199/5129/4708
f 3199/5129/4708 3277/5128/4707 3280/5130/4709
f 3199/5129/4708 3280/5130/4709 3198/5131/4710
f 3198/5131/4710 3280/5130/4709 3283/5132/4711
f 3198/5131/4710 3283/5132/4711 3197/5133/4712
f 3197/5133/4712 3283/5132/4711 3286/5134/4713
f 3197/5133/4712 3286/5134/4713 3196/5135/4714
f 3196/5135/4714 3286/5134/4713 3289/5136/4715
f 3196/5135/4714 3289/5136/4715 3195/5137/4716
f 3195/5137/4716 3289/5136/4715 3292/5138/4717
f 3195/5137/4716 3292/5138/4717 3194/5139/4718
f 3194/5139/4718 3292/5138/4717 3295/5140/4719
f 3194/5139/4718 3295/5140/4719 3193/5141/4720
f 3193/5141/4720 3295/5140/4719 3298/5142/4721
f 3193/5141/4720 3298/5142/4721 3192/5143/4722
f 3192/5143/4722 3298/5142/4721 3301/5144/4723
f 3192/5143/4722 3301/5144/4723 3191/5145/4724
f 3191/5145/4724 3301/5144/4723 3304/5146/4725
f 3191/5145/4724 3304/5146/4725 3190/5147/4726
f 3190/5147/4726 3304/5146/4725 3307/5148/4727
f 3190/5147/4726 3307/5148/4727 3189/5149/4728
f 3189/5149/4728 3307/5148/4727 3221/5150/4729
f 3189/5149/4728 3221/5150/4729 3188/5151/4730
f 3188/5151/4730 3221/5150/4729 3220/5152/4731
f 3188/5151/4730 3220/5152/4731 3187/5153/4732
f 3187/5153/4732 3220/5152/4731 3226/5154/4733
f 3187/5153/4732 3226/5154/4733 3186/5155/4734
f 3186/5155/4734 3226/5154/4733 3229/5156/4735
f 3186/5155/4734 3229/5156/4735 3185/5093/4674
f 3185/5093/4674 3229/5156/4735 3232/5094/4675
f 3215/5087/4667 3216/5157/4736 3230/5088/4669
f 3230/5088/4669 3216/5157/4736 3231/5158/4737
f 3230/5088/4669 3231/5158/4737 3227/5090/4671
f 3227/5090/4671 3231/5158/4737 3228/5159/4738
f 3227/5090/4671 3228/5159/4738 3224/5092/4673
f 3224/5092/4673 3228/5159/4738 3225/5160/4739
f 3224/5092/4673 3225/5160/4739 3218/5030/4613
f 3218/5030/4613 3225/5160/4739 3219/5161/4740
f 3218/5030/4613 3219/5161/4740 3223/5032/4615
f 3223/5032/4615 3219/5161/4740 3222/5162/4741
f 3223/5032/4615 3222/5162/4741 3305/5034/4617
f 3305/5034/4617 3222/5162/4741 3306/5163/4742
f 3305/5034/4617 3306/5163/4742 3302/5036/4619
f 3302/5036/4619 3306/5163/4742 3303/5164/4743
f 3302/5036/4619 3303/5164/4743 3299/5038/4621
f 3299/5038/4621 3303/5164/4743 3300/5165/4744
f 3299/5038/4621 3300/5165/4744 3296/5040/4623
f 3296/5040/4623 3300/5165/4744 3297/5166/4745
f 3296/5040/4623 3297/5166/4745 3293/5042/4625
f 3293/5042/4625 3297/5166/4745 3294/5167/4746
f 3293/5042/4625 3294/5167/4746 3290/5044/4627
f 3290/5044/4627 3294/5167/4746 3291/5168/4747
f 3290/5044/4627 3291/5168/4747 3287/5046/4629
f 3287/5046/4629 3291/5168/4747 3288/5169/4748
f 3287/5046/4629 3288/5169/4748 3284/5048/4631
f 3284/5048/4631 3288/5169/4748 3285/5170/4749
f 3284/5048/4631 3285/5170/4749 3281/5050/4633
f 3281/5050/4633 3285/5170/4749 3282/5171/4750
f 3281/5050/4633 3282/5171/4750 3278/5052/4635
f 3278/5052/4635 3282/5171/4750 3279/5172/4751
f 3278/5052/4635 3279/5172/4751 3275/5054/4637
f 3275/5054/4637 3279/5172/4751 3276/5173/4752
f 3275/5054/4637 3276/5173/4752 3272/5056/4639
f 3272/5056/4639 3276/5173/4752 3273/5174/4753
f 3272/5056/4639 3273/5174/4753 3269/5058/4641
f 3269/5058/4641 3273/5174/4753 3270/5175/4754
f 3269/5058/4641 3270/5175/4754 3266/5060/4643
f 3266/5060/4643 3270/5175/4754 3267/5176/4755
f 3266/5060/4643 3267/5176/4755 3263/5062/4645
f 3263/5062/4645 3267/5176/4755 3264/5177/4756
f 3263/5062/4645 3264/5177/4756 3260/5064/4647
f 3260/5064/4647 3264/5177/4756 3261/5178/4757
f 3260/5064/4647 3261/5178/4757 3257/5066/4649
f 3257/5066/4649 3261/5178/4757 3258/5179/4758
f 3257/5066/4649 3258/5179/4758 3254/5068/4651
f 3254/5068/4651 3258/5179/4758 3255/5180/4759
f 3254/5068/4651 3255/5180/4759 3251/5070/4653
f 3251/5070/4653 3255/5180/4759 3252/5181/4760
f 3251/5070/4653 3252/5181/4760 3248/5072/4655
f 3248/5072/4655 3252/5181/4760 3249/5182/4761
f 3248/5072/4655 3249/5182/4761 3245/5074/4657
f 3245/5074/4657 3249/5182/4761 3246/5183/4762
f 3245/5074/4657 3246/5183/4762 3242/5076/4659
f 3242/5076/4659 3246/5183/4762 3243/5184/4763
f 3242/5076/4659 3243/5184/4763 3239/5078/4661
f 3239/5078/4661 3243/5184/4763 3240/5185/4764
f 3239/5078/4661 3240/5185/4764 3236/5080/4663
f 3236/5080/4663 3240/5185/4764 3237/5186/4765
f 3236/5080/4663 3237/5186/4765 3233/5082/4665
f 3233/5082/4665 3237/5186/4765 3234/5187/4766
f 3233/5082/4665 3234/5187/4766 3215/5084/4667
f 3215/5084/4667 3234/5187/4766 3216/5188/4736
f 3216/5157/4736 3217/5096/4677 3231/5158/4737
f 3231/5158/4737 3217/5096/4677 3232/5094/4675
f 3231/5158/4737 3232/5094/4675 3228/5159/4738
f 3228/5159/4738 3232/5094/4675 3229/5156/4735
f 3228/5159/4738 3229/5156/4735 3225/5160/4739
f 3225/5160/4739 3229/5156/4735 3226/5154/4733
f 3225/5160/4739 3226/5154/4733 3219/5161/4740
f 3219/5161/4740 3226/5154/4733 3220/5152/4731
f 3219/5161/4740 3220/5152/4731 3222/5162/4741
f 3222/5162/4741 3220/5152/4731 3221/5150/4729
f 3222/5162/4741 3221/5150/4729 3306/5163/4742
f 3306/5163/4742 3221/5150/4729 3307/5148/4727
f 3306/5163/4742 3307/5148/4727 3303/5164/4743
f 3303/5164/4743 3307/5148/4727 3304/5146/4725
f 3303/5164/4743 3304/5146/4725 3300/5165/4744
f 3300/5165/4744 3304/5146/4725 3301/5144/4723
f 3300/5165/4744 3301/5144/4723 3297/5166/4745
f 3297/5166/4745 3301/5144/4723 3298/5142/4721
f 3297/5166/4745 3298/5142/4721 3294/5167/4746
f 3294/5167/4746 3298/5142/4721 3295/5140/4719
f 3294/5167/4746 3295/5140/4719 3291/5168/4747
f 3291/5168/4747 3295/5140/4719 3292/5138/4717
f 3291/5168/4747 3292/5138/4717 3288/5169/4748
f 3288/5169/4748 3292/5138/4717 3289/5136/4715
f 3288/5169/4748 3289/5136/4715 3285/5170/4749
f 3285/5170/4749 3289/5136/4715 3286/5134/4713
f 3285/5170/4749 3286/5134/4713 3282/5171/4750
f 3282/5171/4750 3286/5134/4713 3283/5132/4711
f 3282/5171/4750 3283/5132/4711 3279/5172/4751
f 3279/5172/4751 3283/5132/4711 3280/5130/4709
f 3279/5172/4751 3280/5130/4709 3276/5173/4752
f 3276/5173/4752 3280/5130/4709 3277/5128/4707
f 3276/5173/4752 3277/5128/4707 3273/5174/4753
f 3273/5174/4753 3277/5128/4707 3274/5126/4705
f 3273/5174/4753 3274/5126/4705 3270/5175/4754
f 3270/5175/4754 3274/5126/4705 3271/5124/4703
f 3270/5175/4754 3271/5124/4703 3267/5176/4755
f 3267/5176/4755 3271/5124/4703 3268/5122/4701
f 3267/5176/4755 3268/5122/4701 3264/5177/4756
f 3264/5177/4756 3268/5122/4701 3265/5120/4699
f 3264/5177/4756 3265/5120/4699 3261/5178/4757
f 3261/5178/4757 3265/5120/4699 3262/5118/4697
f 3261/5178/4757 3262/5118/4697 3258/5179/4758
f 3258/5179/4758 3262/5118/4697 3259/5116/4695
f 3258/5179/4758 3259/5116/4695 3255/5180/4759
f 3255/5180/4759 3259/5116/4695 3256/5114/4693
f 3255/5180/4759 3256/5114/4693 3252/5181/4760
f 3252/5181/4760 3256/5114/4693 3253/5112/4691
f 3252/5181/4760 3253/5112/4691 3249/5182/4761
f 3249/5182/4761 3253/5112/4691 3250/5110/4689
f 3249/5182/4761 3250/5110/4689 3246/5183/4762
f 3246/5183/4762 3250/5110/4689 3247/5108/4687
f 3246/5183/4762 3247/5108/4687 3243/5184/4763
f 3243/5184/4763 3247/5108/4687 3244/5106/4685
f 3243/5184/4763 3244/5106/4685 3240/5185/4764
f 3240/5185/4764 3244/5106/4685 3241/5104/4683
f 3240/5185/4764 3241/5104/4683 3237/5186/4765
f 3237/5186/4765 3241/5104/4683 3238/5102/4681
f 3237/5186/4765 3238/5102/4681 3234/5187/4766
f 3234/5187/4766 3238/5102/4681 3235/5100/4679
f 3234/5187/4766 3235/5100/4679 3216/5188/4736
f 3216/5188/4736 3235/5100/4679 3217/5098/4677
f 3332/5189/4767 2496/5190/4768 3331/5191/4769
f 3331/5191/4769 2496/5190/4768 2495/5192/4770
f 3331/5191/4769 2495/5192/4770 3330/5193/4771
f 3330/5193/4771 2495/5192/4770 2494/5194/4772
f 3330/5193/4771 2494/5194/4772 3329/5195/4773
f 3329/5195/4773 2494/5194/4772 2493/5196/4774
f 3329/5195/4773 2493/5196/4774 3328/5197/4775
f 3328/5197/4775 2493/5196/4774 2492/5198/4776
f 3328/5197/4775 2492/5198/4776 3327/5199/4777
f 3327/5199/4777 2492/5198/4776 2491/5200/4778
f 3327/5199/4777 2491/5200/4778 3326/5201/4779
f 3326/5201/4779 2491/5200/4778 2490/5202/4780
f 3326/5201/4779 2490/5202/4780 3325/5203/4781
f 3325/5203/4781 2490/5202/4780 2489/5204/4782
f 3325/5203/4781 2489/5204/4782 3324/5205/4783
f 3324/5205/4783 2489/5204/4782 2488/5206/4784
f 3324/5205/4783 2488/5206/4784 3323/5207/4785
f 3323/5207/4785 2488/5206/4784 2487/5208/4786
f 3323/5207/4785 2487/5208/4786 3322/5209/4787
f 3322/5209/4787 2487/5208/4786 2486/5210/4788
f 3322/5209/4787 2486/5210/4788 3321/5211/4789
f 3321/5211/4789 2486/5210/4788 2485/5212/4790
f 3321/5211/4789 2485/5212/4790 3320/5213/4791
f 3320/5213/4791 2485/5212/4790 2484/5214/4792
f 3320/5213/4791 2484/5214/4792 3319/5215/4793
f 3319/5215/4793 2484/5214/4792 2483/5216/4794
f 3319/5215/4793 2483/5216/4794 3318/5217/4795
f 3318/5217/4795 2483/5216/4794 2482/5218/4796
f 3318/5217/4795 2482/5218/4796 3317/5219/4797
f 3317/5219/4797 2482/5218/4796 2481/5220/4798
f 3317/5219/4797 2481/5220/4798 3316/5221/4799
f 3316/5221/4799 2481/5220/4798 2480/5222/4800
f 3316/5221/4799 2480/5222/4800 3315/5223/4801
f 3315/5223/4801 2480/5222/4800 2479/5224/4802
f 3315/5223/4801 2479/5224/4802 3314/5225/4803
f 3314/5225/4803 2479/5224/4802 2478/5226/4804
f 3314/5225/4803 2478/5226/4804 3313/5227/4805
f 3313/5227/4805 2478/5226/4804 2477/5228/4806
f 3313/5227/4805 2477/5228/4806 3312/5229/4807
f 3312/5229/4807 2477/5228/4806 2476/5230/4808
f 3312/5229/4807 2476/5230/4808 3311/5231/4809
f 3311/5231/4809 2476/5230/4808 2475/5232/4810
f 3311/5231/4809 2475/5232/4810 3310/5233/4811
f 3310/5233/4811 2475/5232/4810 2474/5234/4812
f 3310/5233/4811 2474/5234/4812 3309/5235/4813
f 3309/5235/4813 2474/5234/4812 2473/5236/4814
f 3309/5235/4813 2473/5236/4814 3308/5237/4815
f 3308/5237/4815 2473/5236/4814 2472/5238/4816
f 3308/5239/4817 2472/5240/4818 3333/5241/4819
f 3333/5241/4819 2472/5240/4818 2935/5242/4820
f 2935/5242/4820 2472/5240/4818 2579/5243/4821
f 2913/5244/4822 3334/5245/4823 2914/5246/4824
f 2914/5246/4824 3334/5245/4823 3335/5247/4825
f 2914/5246/4824 3335/5247/4825 3336/5248/4826
f 2914/5246/4824 3336/5248/4826 2915/5249/4827
f 2915/5249/4827 3336/5248/4826 3337/5250/4828
f 2915/5249/4827 3337/5250/4828 2916/5251/4829
f 2916/5251/4829 3337/5250/4828 3338/5252/4830
f 2916/5251/4829 3338/5252/4830 2917/5253/4831
f 2917/5253/4831 3338/5252/4830 3339/5254/4832
f 2917/5253/4831 3339/5254/4832 2918/5255/4833
f 2918/5255/4833 3339/5254/4832 3340/5256/4834
f 2918/5255/4833 3340/5256/4834 2919/5257/4835
f 2919/5257/4835 3340/5256/4834 3341/5258/4836
f 2919/5257/4835 3341/5258/4836 2920/5259/4837
f 2920/5259/4837 3341/5258/4836 3342/5260/4838
f 2920/5259/4837 3342/5260/4838 2921/5261/4839
f 2921/5261/4839 3342/5260/4838 3343/5262/4840
f 2921/5261/4839 3343/5262/4840 2922/5263/4841
f 2922/5263/4841 3343/5262/4840 3344/5264/4842
f 2922/5263/4841 3344/5264/4842 2923/5265/4843
f 2923/5265/4843 3344/5264/4842 3345/5266/4844
f 2923/5265/4843 3345/5266/4844 2924/5267/4845
f 2924/5267/4845 3345/5266/4844 3346/5268/4846
f 2924/5267/4845 3346/5268/4846 2925/5269/4847
f 2925/5269/4847 3346/5268/4846 3347/5270/4848
f 2925/5269/4847 3347/5270/4848 2926/5271/4849
f 2926/5271/4849 3347/5270/4848 3348/5272/4850
f 2926/5271/4849 3348/5272/4850 2927/5273/4851
f 2927/5273/4851 3348/5272/4850 3349/5274/4852
f 2927/5273/4851 3349/5274/4852 2928/5275/4853
f 2928/5275/4853 3349/5274/4852 3350/5276/4854
f 2928/5275/4853 3350/5276/4854 2929/5277/4855
f 2929/5277/4855 3350/5276/4854 3351/5278/4856
f 2929/5277/4855 3351/5278/4856 2930/5279/4857
f 2930/5279/4857 3351/5278/4856 3352/5280/4858
f 2930/5279/4857 3352/5280/4858 2931/5281/4859
f 2931/5281/4859 3352/5280/4858 3353/5282/4860
f 2931/5281/4859 3353/5282/4860 2932/5283/4861
f 2932/5283/4861 3353/5282/4860 3354/5284/4862
f 2932/5283/4861 3354/5284/4862 2933/5285/4863
f 2933/5285/4863 3354/5284/4862 3355/5286/4864
f 2933/5285/4863 3355/5286/4864 2934/5287/4865
f 2934/5287/4865 3355/5286/4864 2935/5288/4866
f 2935/5288/4866 3355/5286/4864 3333/5289/4867
f 3332/5290/4868 3334/5291/4869 2496/5292/4870
f 2496/5292/4870 3334/5291/4869 2913/5293/4871
f 2496/5292/4870 2913/5293/4871 2578/5294/4872
f 3214/5295/4873 3346/5296/4874 3184/5297/4875
f 3184/5297/4875 3346/5296/4874 3345/5298/4876
f 3184/5297/4875 3345/5298/4876 3344/5299/4877
f 3213/5300/4878 3348/5301/4879 3214/5295/4873
f 3214/5295/4873 3348/5301/4879 3347/5302/4880
f 3214/5295/4873 3347/5302/4880 3346/5296/4874
f 3348/5301/4879 3213/5300/4878 3349/5303/4881
f 3349/5303/4881 3213/5300/4878 3212/5304/4882
f 3349/5303/4881 3212/5304/4882 3350/5305/4883
f 3350/5305/4883 3212/5304/4882 3211/5306/4884
f 3350/5305/4883 3211/5306/4884 3351/5307/4885
f 3351/5307/4885 3211/5306/4884 3210/5308/4886
f 3351/5307/4885 3210/5308/4886 3209/5309/4887
f 3351/5307/4885 3209/5309/4887 3352/5310/4888
f 3352/5310/4888 3209/5309/4887 3208/5311/4889
f 3352/5310/4888 3208/5311/4889 3353/5312/4890
f 3353/5312/4890 3208/5311/4889 2938/5313/4891
f 3353/5312/4890 2938/5313/4891 2937/5314/4892
f 3208/5311/4889 3207/5315/4893 2938/5313/4891
f 2938/5313/4891 3207/5315/4893 2939/5316/4894
f 2939/5316/4894 3207/5315/4893 3206/5317/4895
f 2939/5316/4894 3206/5317/4895 2940/5318/4896
f 2940/5318/4896 3206/5317/4895 3205/5319/4897
f 2940/5318/4896 3205/5319/4897 2941/5320/4898
f 2941/5320/4898 3205/5319/4897 3204/5321/4899
f 2941/5320/4898 3204/5321/4899 2942/5322/4900
f 2942/5322/4900 3204/5321/4899 3203/5323/4901
f 2942/5322/4900 3203/5323/4901 3317/5324/4902
f 3317/5324/4902 3203/5323/4901 3318/5325/4903
f 3318/5325/4903 3203/5323/4901 3202/5326/4904
f 3318/5325/4903 3202/5326/4904 3201/5327/4905
f 3318/5325/4903 3201/5327/4905 3319/5328/4906
f 3319/5328/4906 3201/5327/4905 3200/5329/4907
f 3319/5328/4906 3200/5329/4907 3320/5330/4908
f 3320/5330/4908 3200/5329/4907 3199/5331/4909
f 3320/5330/4908 3199/5331/4909 3321/5332/4910
f 3321/5332/4910 3199/5331/4909 3198/5333/4911
f 3321/5332/4910 3198/5333/4911 3322/5334/4912
f 3322/5334/4912 3198/5333/4911 3197/5335/4913
f 3322/5334/4912 3197/5335/4913 3196/5336/4914
f 3195/5337/4915 3085/5338/4916 3196/5336/4914
f 3196/5336/4914 3085/5338/4916 3323/5339/4917
f 3196/5336/4914 3323/5339/4917 3322/5334/4912
f 3085/5338/4916 3195/5337/4915 3086/5340/4918
f 3086/5340/4918 3195/5337/4915 3194/5341/4919
f 3086/5340/4918 3194/5341/4919 3087/5342/4920
f 3087/5342/4920 3194/5341/4919 3193/5343/4921
f 3087/5342/4920 3193/5343/4921 3088/5344/4922
f 3088/5344/4922 3193/5343/4921 3192/5345/4923
f 3088/5344/4922 3192/5345/4923 3089/5346/4924
f 3089/5346/4924 3192/5345/4923 3191/5347/4925
f 3089/5346/4924 3191/5347/4925 3337/5348/4926
f 3337/5348/4926 3191/5347/4925 3338/5349/4927
f 3338/5349/4927 3191/5347/4925 3190/5350/4928
f 3338/5349/4927 3190/5350/4928 3339/5351/4929
f 3339/5351/4929 3190/5350/4928 3189/5352/4930
f 3339/5351/4929 3189/5352/4930 3188/5353/4931
f 3339/5351/4929 3188/5353/4931 3340/5354/4932
f 3340/5354/4932 3188/5353/4931 3187/5355/4933
f 3340/5354/4932 3187/5355/4933 3341/5356/4934
f 3341/5356/4934 3187/5355/4933 3186/5357/4935
f 3341/5356/4934 3186/5357/4935 3342/5358/4936
f 3342/5358/4936 3186/5357/4935 3185/5359/4937
f 3342/5358/4936 3185/5359/4937 3343/5360/4938
f 3343/5360/4938 3185/5359/4937 3344/5299/4877
f 3344/5299/4877 3185/5359/4937 3184/5297/4875
f 3090/5361/4939 3336/5362/4940 3060/5363/4941
f 3060/5363/4941 3336/5362/4940 3335/5364/4942
f 3060/5363/4941 3335/5364/4942 3061/5365/4943
f 3061/5365/4943 3335/5364/4942 3334/5366/4944
f 3061/5365/4943 3334/5366/4944 3062/5367/4945
f 3062/5367/4945 3334/5366/4944 3063/5368/4946
f 3063/5368/4946 3334/5366/4944 3064/5369/4947
f 3064/5369/4947 3334/5366/4944 3065/5370/4948
f 3065/5370/4948 3334/5366/4944 3066/5371/4949
f 3066/5371/4949 3334/5366/4944 3067/5372/4950
f 3067/5372/4950 3334/5366/4944 3068/5373/4951
f 3068/5373/4951 3334/5366/4944 3069/5374/4952
f 3069/5374/4952 3334/5366/4944 3332/5375/4953
f 3069/5374/4952 3332/5375/4953 3070/5376/4954
f 3070/5376/4954 3332/5375/4953 3071/5377/4955
f 3071/5377/4955 3332/5375/4953 3331/5378/4956
f 3071/5377/4955 3331/5378/4956 3072/5379/4957
f 3072/5379/4957 3331/5378/4956 3330/5380/4958
f 3072/5379/4957 3330/5380/4958 3073/5381/4959
f 3073/5381/4959 3330/5380/4958 3074/5382/4960
f 3074/5382/4960 3330/5380/4958 3329/5383/4961
f 3074/5382/4960 3329/5383/4961 3075/5384/4962
f 3075/5384/4962 3329/5383/4961 3328/5385/4963
f 3075/5384/4962 3328/5385/4963 3076/5386/4964
f 3076/5386/4964 3328/5385/4963 3327/5387/4965
f 3076/5386/4964 3327/5387/4965 3077/5388/4966
f 3077/5388/4966 3327/5387/4965 3078/5389/4967
f 3078/5389/4967 3327/5387/4965 3326/5390/4968
f 3078/5389/4967 3326/5390/4968 3079/5391/4969
f 3079/5391/4969 3326/5390/4968 3080/5392/4970
f 3080/5392/4970 3326/5390/4968 3325/5393/4971
f 3080/5392/4970 3325/5393/4971 3081/5394/4972
f 3081/5394/4972 3325/5393/4971 3082/5395/4973
f 3082/5395/4973 3325/5393/4971 3324/5396/4974
f 3082/5395/4973 3324/5396/4974 3083/5397/4975
f 3083/5397/4975 3324/5396/4974 3084/5398/4976
f 3084/5398/4976 3324/5396/4974 3323/5339/4917
f 3084/5398/4976 3323/5339/4917 3085/5338/4916
f 3336/5362/4940 3090/5361/4939 3337/5348/4926
f 3337/5348/4926 3090/5361/4939 3089/5346/4924
f 2966/5399/4977 3355/5400/4978 2936/5401/4979
f 2936/5401/4979 3355/5400/4978 3354/5402/4980
f 2936/5401/4979 3354/5402/4980 2937/5314/4892
f 2937/5314/4892 3354/5402/4980 3353/5312/4890
f 3355/5400/4978 2966/5399/4977 3333/5403/4981
f 3333/5403/4981 2966/5399/4977 2965/5404/4982
f 3333/5403/4981 2965/5404/4982 2964/5405/4983
f 2964/5405/4983 2963/5406/4984 3333/5403/4981
f 3333/5403/4981 2963/5406/4984 2962/5407/4985
f 3333/5403/4981 2962/5407/4985 2961/5408/4986
f 2961/5408/4986 2960/5409/4987 3333/5403/4981
f 3333/5403/4981 2960/5409/4987 2959/5410/4988
f 3333/5403/4981 2959/5410/4988 2958/5411/4989
f 3333/5403/4981 2958/5411/4989 3308/5412/4990
f 3308/5412/4990 2958/5411/4989 2957/5413/4991
f 3308/5412/4990 2957/5413/4991 2956/5414/4992
f 3308/5412/4990 2956/5414/4992 3309/5415/4993
f 3309/5415/4993 2956/5414/4992 2955/5416/4994
f 3309/5415/4993 2955/5416/4994 3310/5417/4995
f 3310/5417/4995 2955/5416/4994 2954/5418/4996
f 3310/5417/4995 2954/5418/4996 2953/5419/4997
f 3310/5417/4995 2953/5419/4997 3311/5420/4998
f 3311/5420/4998 2953/5419/4997 2952/5421/4999
f 3311/5420/4998 2952/5421/4999 3312/5422/5000
f 3312/5422/5000 2952/5421/4999 2951/5423/5001
f 3312/5422/5000 2951/5423/5001 3313/5424/5002
f 3313/5424/5002 2951/5423/5001 2950/5425/5003
f 3313/5424/5002 2950/5425/5003 2949/5426/5004
f 3313/5424/5002 2949/5426/5004 3314/5427/5005
f 3314/5427/5005 2949/5426/5004 2948/5428/5006
f 3314/5427/5005 2948/5428/5006 2947/5429/5007
f 3314/5427/5005 2947/5429/5007 3315/5430/5008
f 3315/5430/5008 2947/5429/5007 2946/5431/5009
f 3315/5430/5008 2946/5431/5009 2945/5432/5010
f 3315/5430/5008 2945/5432/5010 3316/5433/5011
f 3316/5433/5011 2945/5432/5010 2944/5434/5012
f 3316/5433/5011 2944/5434/5012 2943/5435/5013
f 3316/5433/5011 2943/5435/5013 3317/5324/4902
f 3317/5324/4902 2943/5435/5013 2942/5322/4900
# 3355 vertices
# 5435 texture params
# 5013 normals
# 6706 facets

# 6 groups
