# WaveFront *.obj file (generated by Autodesk ATF)

mtllib spider motor bearing mount.mtl

g Body1

v -0.065988 -0.075766 -0.040500
v -0.065945 -0.075397 -0.040500
v -0.065818 -0.075048 -0.040500
v -0.065614 -0.074737 -0.040500
v -0.065344 -0.074482 -0.040500
v -0.065022 -0.074297 -0.040500
v -0.064666 -0.074190 -0.040500
v -0.064295 -0.074169 -0.040500
v -0.063930 -0.074233 -0.040500
v -0.063588 -0.074380 -0.040500
v -0.063290 -0.074602 -0.040500
v -0.063052 -0.074887 -0.040500
v -0.062885 -0.075219 -0.040500
v -0.062799 -0.075580 -0.040500
v -0.062799 -0.075952 -0.040500
v -0.062885 -0.076313 -0.040500
v -0.063052 -0.076645 -0.040500
v -0.063290 -0.076930 -0.040500
v -0.063588 -0.077151 -0.040500
v -0.063930 -0.077299 -0.040500
v -0.064295 -0.077363 -0.040500
v -0.064666 -0.077342 -0.040500
v -0.065022 -0.077235 -0.040500
v -0.065344 -0.077049 -0.040500
v -0.065614 -0.076794 -0.040500
v -0.065818 -0.076484 -0.040500
v -0.065945 -0.076135 -0.040500
v -0.065988 -0.075766 -0.020500
v -0.065945 -0.076135 -0.020500
v -0.065818 -0.076484 -0.020500
v -0.065614 -0.076794 -0.020500
v -0.065344 -0.077049 -0.020500
v -0.065022 -0.077235 -0.020500
v -0.064666 -0.077342 -0.020500
v -0.064295 -0.077363 -0.020500
v -0.063930 -0.077299 -0.020500
v -0.063588 -0.077151 -0.020500
v -0.063290 -0.076930 -0.020500
v -0.063052 -0.076645 -0.020500
v -0.062885 -0.076313 -0.020500
v -0.062799 -0.075952 -0.020500
v -0.062799 -0.075580 -0.020500
v -0.062885 -0.075219 -0.020500
v -0.063052 -0.074887 -0.020500
v -0.063290 -0.074602 -0.020500
v -0.063588 -0.074380 -0.020500
v -0.063930 -0.074233 -0.020500
v -0.064295 -0.074169 -0.020500
v -0.064666 -0.074190 -0.020500
v -0.065022 -0.074297 -0.020500
v -0.065344 -0.074482 -0.020500
v -0.065614 -0.074737 -0.020500
v -0.065818 -0.075048 -0.020500
v -0.065945 -0.075397 -0.020500
v -0.065988 -0.075766 -0.033833
v -0.065988 -0.075766 -0.027167
v -0.065945 -0.075397 -0.033833
v -0.065945 -0.075397 -0.027167
v -0.065818 -0.075048 -0.033833
v -0.065818 -0.075048 -0.027167
v -0.065614 -0.074737 -0.033833
v -0.065614 -0.074737 -0.027167
v -0.065344 -0.074482 -0.033833
v -0.065344 -0.074482 -0.027167
v -0.065022 -0.074297 -0.033833
v -0.065022 -0.074297 -0.027167
v -0.064666 -0.074190 -0.033833
v -0.064666 -0.074190 -0.027167
v -0.064295 -0.074169 -0.033833
v -0.064295 -0.074169 -0.027167
v -0.063930 -0.074233 -0.033833
v -0.063930 -0.074233 -0.027167
v -0.063588 -0.074380 -0.033833
v -0.063588 -0.074380 -0.027167
v -0.063290 -0.074602 -0.033833
v -0.063290 -0.074602 -0.027167
v -0.063052 -0.074887 -0.033833
v -0.063052 -0.074887 -0.027167
v -0.062885 -0.075219 -0.033833
v -0.062885 -0.075219 -0.027167
v -0.062799 -0.075580 -0.033833
v -0.062799 -0.075580 -0.027167
v -0.062799 -0.075952 -0.033833
v -0.062799 -0.075952 -0.027167
v -0.062885 -0.076313 -0.033833
v -0.062885 -0.076313 -0.027167
v -0.063052 -0.076645 -0.033833
v -0.063052 -0.076645 -0.027167
v -0.063290 -0.076930 -0.033833
v -0.063290 -0.076930 -0.027167
v -0.063588 -0.077151 -0.033833
v -0.063588 -0.077151 -0.027167
v -0.063930 -0.077299 -0.033833
v -0.063930 -0.077299 -0.027167
v -0.064295 -0.077363 -0.033833
v -0.064295 -0.077363 -0.027167
v -0.064666 -0.077342 -0.033833
v -0.064666 -0.077342 -0.027167
v -0.065022 -0.077235 -0.033833
v -0.065022 -0.077235 -0.027167
v -0.065344 -0.077049 -0.033833
v -0.065344 -0.077049 -0.027167
v -0.065614 -0.076794 -0.033833
v -0.065614 -0.076794 -0.027167
v -0.065818 -0.076484 -0.033833
v -0.065818 -0.076484 -0.027167
v -0.065945 -0.076135 -0.033833
v -0.065945 -0.076135 -0.027167
v -0.019455 -0.100024 -0.040500
v -0.019413 -0.099682 -0.040500
v -0.019291 -0.099360 -0.040500
v -0.019095 -0.099076 -0.040500
v -0.018837 -0.098847 -0.040500
v -0.018532 -0.098687 -0.040500
v -0.018197 -0.098605 -0.040500
v -0.017853 -0.098605 -0.040500
v -0.017518 -0.098687 -0.040500
v -0.017213 -0.098847 -0.040500
v -0.016955 -0.099076 -0.040500
v -0.016759 -0.099360 -0.040500
v -0.016637 -0.099682 -0.040500
v -0.016596 -0.100024 -0.040500
v -0.016637 -0.100366 -0.040500
v -0.016759 -0.100688 -0.040500
v -0.016955 -0.100972 -0.040500
v -0.017213 -0.101200 -0.040500
v -0.017518 -0.101360 -0.040500
v -0.017853 -0.101443 -0.040500
v -0.018197 -0.101443 -0.040500
v -0.018532 -0.101360 -0.040500
v -0.018837 -0.101200 -0.040500
v -0.019095 -0.100972 -0.040500
v -0.019291 -0.100688 -0.040500
v -0.019413 -0.100366 -0.040500
v -0.019455 -0.100024 -0.020500
v -0.019413 -0.100366 -0.020500
v -0.019291 -0.100688 -0.020500
v -0.019095 -0.100972 -0.020500
v -0.018837 -0.101200 -0.020500
v -0.018532 -0.101360 -0.020500
v -0.018197 -0.101443 -0.020500
v -0.017853 -0.101443 -0.020500
v -0.017518 -0.101360 -0.020500
v -0.017213 -0.101200 -0.020500
v -0.016955 -0.100972 -0.020500
v -0.016759 -0.100688 -0.020500
v -0.016637 -0.100366 -0.020500
v -0.016596 -0.100024 -0.020500
v -0.016637 -0.099682 -0.020500
v -0.016759 -0.099360 -0.020500
v -0.016955 -0.099076 -0.020500
v -0.017213 -0.098847 -0.020500
v -0.017518 -0.098687 -0.020500
v -0.017853 -0.098605 -0.020500
v -0.018197 -0.098605 -0.020500
v -0.018532 -0.098687 -0.020500
v -0.018837 -0.098847 -0.020500
v -0.019095 -0.099076 -0.020500
v -0.019291 -0.099360 -0.020500
v -0.019413 -0.099682 -0.020500
v -0.019455 -0.100024 -0.033833
v -0.019455 -0.100024 -0.027167
v -0.019410 -0.099668 -0.033833
v -0.019410 -0.099668 -0.027167
v -0.019278 -0.099335 -0.033833
v -0.019278 -0.099335 -0.027167
v -0.019067 -0.099045 -0.033833
v -0.019067 -0.099045 -0.027167
v -0.018791 -0.098817 -0.033833
v -0.018791 -0.098817 -0.027167
v -0.018467 -0.098664 -0.033833
v -0.018467 -0.098664 -0.027167
v -0.018115 -0.098597 -0.033833
v -0.018115 -0.098597 -0.027167
v -0.017757 -0.098620 -0.033833
v -0.017757 -0.098620 -0.027167
v -0.017417 -0.098730 -0.033833
v -0.017417 -0.098730 -0.027167
v -0.017114 -0.098922 -0.033833
v -0.017114 -0.098922 -0.027167
v -0.016869 -0.099184 -0.033833
v -0.016869 -0.099184 -0.027167
v -0.016696 -0.099498 -0.033833
v -0.016696 -0.099498 -0.027167
v -0.016607 -0.099845 -0.033833
v -0.016607 -0.099845 -0.027167
v -0.016607 -0.100203 -0.033833
v -0.016607 -0.100203 -0.027167
v -0.016696 -0.100550 -0.033833
v -0.016696 -0.100550 -0.027167
v -0.016869 -0.100864 -0.033833
v -0.016869 -0.100864 -0.027167
v -0.017114 -0.101125 -0.033833
v -0.017114 -0.101125 -0.027167
v -0.017417 -0.101317 -0.033833
v -0.017417 -0.101317 -0.027167
v -0.017757 -0.101428 -0.033833
v -0.017757 -0.101428 -0.027167
v -0.018115 -0.101451 -0.033833
v -0.018115 -0.101451 -0.027167
v -0.018467 -0.101383 -0.033833
v -0.018467 -0.101383 -0.027167
v -0.018791 -0.101231 -0.033833
v -0.018791 -0.101231 -0.027167
v -0.019067 -0.101002 -0.033833
v -0.019067 -0.101002 -0.027167
v -0.019278 -0.100712 -0.033833
v -0.019278 -0.100712 -0.027167
v -0.019410 -0.100379 -0.033833
v -0.019410 -0.100379 -0.027167
v -0.043713 -0.146387 -0.040500
v -0.043671 -0.146045 -0.040500
v -0.043549 -0.145723 -0.040500
v -0.043353 -0.145439 -0.040500
v -0.043095 -0.145211 -0.040500
v -0.042790 -0.145050 -0.040500
v -0.042455 -0.144968 -0.040500
v -0.042111 -0.144968 -0.040500
v -0.041776 -0.145050 -0.040500
v -0.041471 -0.145211 -0.040500
v -0.041213 -0.145439 -0.040500
v -0.041017 -0.145723 -0.040500
v -0.040895 -0.146045 -0.040500
v -0.040854 -0.146387 -0.040500
v -0.040895 -0.146729 -0.040500
v -0.041017 -0.147051 -0.040500
v -0.041213 -0.147335 -0.040500
v -0.041471 -0.147564 -0.040500
v -0.041776 -0.147724 -0.040500
v -0.042111 -0.147806 -0.040500
v -0.042455 -0.147806 -0.040500
v -0.042790 -0.147724 -0.040500
v -0.043095 -0.147564 -0.040500
v -0.043353 -0.147335 -0.040500
v -0.043549 -0.147051 -0.040500
v -0.043671 -0.146729 -0.040500
v -0.043713 -0.146387 -0.020500
v -0.043671 -0.146729 -0.020500
v -0.043549 -0.147051 -0.020500
v -0.043353 -0.147335 -0.020500
v -0.043095 -0.147564 -0.020500
v -0.042790 -0.147724 -0.020500
v -0.042455 -0.147806 -0.020500
v -0.042111 -0.147806 -0.020500
v -0.041776 -0.147724 -0.020500
v -0.041471 -0.147564 -0.020500
v -0.041213 -0.147335 -0.020500
v -0.041017 -0.147051 -0.020500
v -0.040895 -0.146729 -0.020500
v -0.040854 -0.146387 -0.020500
v -0.040895 -0.146045 -0.020500
v -0.041017 -0.145723 -0.020500
v -0.041213 -0.145439 -0.020500
v -0.041471 -0.145211 -0.020500
v -0.041776 -0.145050 -0.020500
v -0.042111 -0.144968 -0.020500
v -0.042455 -0.144968 -0.020500
v -0.042790 -0.145050 -0.020500
v -0.043095 -0.145211 -0.020500
v -0.043353 -0.145439 -0.020500
v -0.043549 -0.145723 -0.020500
v -0.043671 -0.146045 -0.020500
v -0.043713 -0.146387 -0.033833
v -0.043713 -0.146387 -0.027167
v -0.043668 -0.146032 -0.033833
v -0.043668 -0.146032 -0.027167
v -0.043536 -0.145698 -0.033833
v -0.043536 -0.145698 -0.027167
v -0.043325 -0.145408 -0.033833
v -0.043325 -0.145408 -0.027167
v -0.043049 -0.145180 -0.033833
v -0.043049 -0.145180 -0.027167
v -0.042725 -0.145028 -0.033833
v -0.042725 -0.145028 -0.027167
v -0.042373 -0.144960 -0.033833
v -0.042373 -0.144960 -0.027167
v -0.042015 -0.144983 -0.033833
v -0.042015 -0.144983 -0.027167
v -0.041675 -0.145094 -0.033833
v -0.041675 -0.145094 -0.027167
v -0.041372 -0.145286 -0.033833
v -0.041372 -0.145286 -0.027167
v -0.041127 -0.145547 -0.033833
v -0.041127 -0.145547 -0.027167
v -0.040954 -0.145861 -0.033833
v -0.040954 -0.145861 -0.027167
v -0.040865 -0.146208 -0.033833
v -0.040865 -0.146208 -0.027167
v -0.040865 -0.146566 -0.033833
v -0.040865 -0.146566 -0.027167
v -0.040954 -0.146913 -0.033833
v -0.040954 -0.146913 -0.027167
v -0.041127 -0.147227 -0.033833
v -0.041127 -0.147227 -0.027167
v -0.041372 -0.147489 -0.033833
v -0.041372 -0.147489 -0.027167
v -0.041675 -0.147681 -0.033833
v -0.041675 -0.147681 -0.027167
v -0.042015 -0.147791 -0.033833
v -0.042015 -0.147791 -0.027167
v -0.042373 -0.147814 -0.033833
v -0.042373 -0.147814 -0.027167
v -0.042725 -0.147747 -0.033833
v -0.042725 -0.147747 -0.027167
v -0.043049 -0.147594 -0.033833
v -0.043049 -0.147594 -0.027167
v -0.043325 -0.147366 -0.033833
v -0.043325 -0.147366 -0.027167
v -0.043536 -0.147076 -0.033833
v -0.043536 -0.147076 -0.027167
v -0.043668 -0.146743 -0.033833
v -0.043668 -0.146743 -0.027167
v -0.090076 -0.122129 -0.040500
v -0.090034 -0.121787 -0.040500
v -0.089912 -0.121465 -0.040500
v -0.089716 -0.121181 -0.040500
v -0.089458 -0.120953 -0.040500
v -0.089153 -0.120792 -0.040500
v -0.088819 -0.120710 -0.040500
v -0.088474 -0.120710 -0.040500
v -0.088140 -0.120792 -0.040500
v -0.087834 -0.120953 -0.040500
v -0.087576 -0.121181 -0.040500
v -0.087381 -0.121465 -0.040500
v -0.087258 -0.121787 -0.040500
v -0.087217 -0.122129 -0.040500
v -0.087258 -0.122471 -0.040500
v -0.087381 -0.122793 -0.040500
v -0.087576 -0.123077 -0.040500
v -0.087834 -0.123306 -0.040500
v -0.088140 -0.123466 -0.040500
v -0.088474 -0.123548 -0.040500
v -0.088819 -0.123548 -0.040500
v -0.089153 -0.123466 -0.040500
v -0.089458 -0.123306 -0.040500
v -0.089716 -0.123077 -0.040500
v -0.089912 -0.122793 -0.040500
v -0.090034 -0.122471 -0.040500
v -0.090076 -0.122129 -0.020500
v -0.090034 -0.122471 -0.020500
v -0.089912 -0.122793 -0.020500
v -0.089716 -0.123077 -0.020500
v -0.089458 -0.123306 -0.020500
v -0.089153 -0.123466 -0.020500
v -0.088819 -0.123548 -0.020500
v -0.088474 -0.123548 -0.020500
v -0.088140 -0.123466 -0.020500
v -0.087834 -0.123306 -0.020500
v -0.087576 -0.123077 -0.020500
v -0.087381 -0.122793 -0.020500
v -0.087258 -0.122471 -0.020500
v -0.087217 -0.122129 -0.020500
v -0.087258 -0.121787 -0.020500
v -0.087381 -0.121465 -0.020500
v -0.087576 -0.121181 -0.020500
v -0.087834 -0.120953 -0.020500
v -0.088140 -0.120792 -0.020500
v -0.088474 -0.120710 -0.020500
v -0.088819 -0.120710 -0.020500
v -0.089153 -0.120792 -0.020500
v -0.089458 -0.120953 -0.020500
v -0.089716 -0.121181 -0.020500
v -0.089912 -0.121465 -0.020500
v -0.090034 -0.121787 -0.020500
v -0.090076 -0.122129 -0.033833
v -0.090076 -0.122129 -0.027167
v -0.090031 -0.121774 -0.033833
v -0.090031 -0.121774 -0.027167
v -0.089899 -0.121440 -0.033833
v -0.089899 -0.121440 -0.027167
v -0.089688 -0.121151 -0.033833
v -0.089688 -0.121151 -0.027167
v -0.089412 -0.120922 -0.033833
v -0.089412 -0.120922 -0.027167
v -0.089088 -0.120770 -0.033833
v -0.089088 -0.120770 -0.027167
v -0.088736 -0.120702 -0.033833
v -0.088736 -0.120702 -0.027167
v -0.088379 -0.120725 -0.033833
v -0.088379 -0.120725 -0.027167
v -0.088038 -0.120836 -0.033833
v -0.088038 -0.120836 -0.027167
v -0.087735 -0.121028 -0.033833
v -0.087735 -0.121028 -0.027167
v -0.087490 -0.121289 -0.033833
v -0.087490 -0.121289 -0.027167
v -0.087317 -0.121603 -0.033833
v -0.087317 -0.121603 -0.027167
v -0.087228 -0.121950 -0.033833
v -0.087228 -0.121950 -0.027167
v -0.087228 -0.122308 -0.033833
v -0.087228 -0.122308 -0.027167
v -0.087317 -0.122655 -0.033833
v -0.087317 -0.122655 -0.027167
v -0.087490 -0.122969 -0.033833
v -0.087490 -0.122969 -0.027167
v -0.087735 -0.123231 -0.033833
v -0.087735 -0.123231 -0.027167
v -0.088038 -0.123423 -0.033833
v -0.088038 -0.123423 -0.027167
v -0.088379 -0.123533 -0.033833
v -0.088379 -0.123533 -0.027167
v -0.088736 -0.123556 -0.033833
v -0.088736 -0.123556 -0.027167
v -0.089088 -0.123489 -0.033833
v -0.089088 -0.123489 -0.027167
v -0.089412 -0.123336 -0.033833
v -0.089412 -0.123336 -0.027167
v -0.089688 -0.123108 -0.033833
v -0.089688 -0.123108 -0.027167
v -0.089899 -0.122818 -0.033833
v -0.089899 -0.122818 -0.027167
v -0.090031 -0.122485 -0.033833
v -0.090031 -0.122485 -0.027167
v -0.045083 -0.146387 -0.040500
v -0.045041 -0.146873 -0.040500
v -0.044914 -0.147345 -0.040500
v -0.044708 -0.147787 -0.040500
v -0.044428 -0.148187 -0.040500
v -0.044083 -0.148532 -0.040500
v -0.043683 -0.148812 -0.040500
v -0.043241 -0.149018 -0.040500
v -0.042769 -0.149145 -0.040500
v -0.042283 -0.149187 -0.040500
v -0.041797 -0.149145 -0.040500
v -0.041326 -0.149018 -0.040500
v -0.040883 -0.148812 -0.040500
v -0.040483 -0.148532 -0.040500
v -0.040138 -0.148187 -0.040500
v -0.039858 -0.147787 -0.040500
v -0.039652 -0.147345 -0.040500
v -0.039526 -0.146873 -0.040500
v -0.039483 -0.146387 -0.040500
v -0.039526 -0.145901 -0.040500
v -0.039652 -0.145429 -0.040500
v -0.039858 -0.144987 -0.040500
v -0.040138 -0.144587 -0.040500
v -0.040483 -0.144242 -0.040500
v -0.040883 -0.143962 -0.040500
v -0.041326 -0.143756 -0.040500
v -0.041797 -0.143630 -0.040500
v -0.042283 -0.143587 -0.040500
v -0.042769 -0.143630 -0.040500
v -0.043241 -0.143756 -0.040500
v -0.043683 -0.143962 -0.040500
v -0.044083 -0.144242 -0.040500
v -0.044428 -0.144587 -0.040500
v -0.044708 -0.144987 -0.040500
v -0.044914 -0.145429 -0.040500
v -0.045041 -0.145901 -0.040500
v -0.045083 -0.146387 -0.043500
v -0.045041 -0.145901 -0.043500
v -0.044914 -0.145429 -0.043500
v -0.044708 -0.144987 -0.043500
v -0.044428 -0.144587 -0.043500
v -0.044083 -0.144242 -0.043500
v -0.043683 -0.143962 -0.043500
v -0.043241 -0.143756 -0.043500
v -0.042769 -0.143630 -0.043500
v -0.042283 -0.143587 -0.043500
v -0.041797 -0.143630 -0.043500
v -0.041326 -0.143756 -0.043500
v -0.040883 -0.143962 -0.043500
v -0.040483 -0.144242 -0.043500
v -0.040138 -0.144587 -0.043500
v -0.039858 -0.144987 -0.043500
v -0.039652 -0.145429 -0.043500
v -0.039526 -0.145901 -0.043500
v -0.039483 -0.146387 -0.043500
v -0.039526 -0.146873 -0.043500
v -0.039652 -0.147345 -0.043500
v -0.039858 -0.147787 -0.043500
v -0.040138 -0.148187 -0.043500
v -0.040483 -0.148532 -0.043500
v -0.040883 -0.148812 -0.043500
v -0.041326 -0.149018 -0.043500
v -0.041797 -0.149145 -0.043500
v -0.042283 -0.149187 -0.043500
v -0.042769 -0.149145 -0.043500
v -0.043241 -0.149018 -0.043500
v -0.043683 -0.148812 -0.043500
v -0.044083 -0.148532 -0.043500
v -0.044428 -0.148187 -0.043500
v -0.044708 -0.147787 -0.043500
v -0.044914 -0.147345 -0.043500
v -0.045041 -0.146873 -0.043500
v -0.020825 -0.100024 -0.040500
v -0.020783 -0.100510 -0.040500
v -0.020656 -0.100981 -0.040500
v -0.020450 -0.101424 -0.040500
v -0.020170 -0.101824 -0.040500
v -0.019825 -0.102169 -0.040500
v -0.019425 -0.102449 -0.040500
v -0.018983 -0.102655 -0.040500
v -0.018511 -0.102781 -0.040500
v -0.018025 -0.102824 -0.040500
v -0.017539 -0.102781 -0.040500
v -0.017068 -0.102655 -0.040500
v -0.016625 -0.102449 -0.040500
v -0.016225 -0.102169 -0.040500
v -0.015880 -0.101824 -0.040500
v -0.015600 -0.101424 -0.040500
v -0.015394 -0.100981 -0.040500
v -0.015268 -0.100510 -0.040500
v -0.015225 -0.100024 -0.040500
v -0.015268 -0.099538 -0.040500
v -0.015394 -0.099066 -0.040500
v -0.015600 -0.098624 -0.040500
v -0.015880 -0.098224 -0.040500
v -0.016225 -0.097879 -0.040500
v -0.016625 -0.097599 -0.040500
v -0.017068 -0.097393 -0.040500
v -0.017539 -0.097266 -0.040500
v -0.018025 -0.097224 -0.040500
v -0.018511 -0.097266 -0.040500
v -0.018983 -0.097393 -0.040500
v -0.019425 -0.097599 -0.040500
v -0.019825 -0.097879 -0.040500
v -0.020170 -0.098224 -0.040500
v -0.020450 -0.098624 -0.040500
v -0.020656 -0.099066 -0.040500
v -0.020783 -0.099538 -0.040500
v -0.020825 -0.100024 -0.043500
v -0.020783 -0.099538 -0.043500
v -0.020656 -0.099066 -0.043500
v -0.020450 -0.098624 -0.043500
v -0.020170 -0.098224 -0.043500
v -0.019825 -0.097879 -0.043500
v -0.019425 -0.097599 -0.043500
v -0.018983 -0.097393 -0.043500
v -0.018511 -0.097266 -0.043500
v -0.018025 -0.097224 -0.043500
v -0.017539 -0.097266 -0.043500
v -0.017068 -0.097393 -0.043500
v -0.016625 -0.097599 -0.043500
v -0.016225 -0.097879 -0.043500
v -0.015880 -0.098224 -0.043500
v -0.015600 -0.098624 -0.043500
v -0.015394 -0.099066 -0.043500
v -0.015268 -0.099538 -0.043500
v -0.015225 -0.100024 -0.043500
v -0.015268 -0.100510 -0.043500
v -0.015394 -0.100981 -0.043500
v -0.015600 -0.101424 -0.043500
v -0.015880 -0.101824 -0.043500
v -0.016225 -0.102169 -0.043500
v -0.016625 -0.102449 -0.043500
v -0.017068 -0.102655 -0.043500
v -0.017539 -0.102781 -0.043500
v -0.018025 -0.102824 -0.043500
v -0.018511 -0.102781 -0.043500
v -0.018983 -0.102655 -0.043500
v -0.019425 -0.102449 -0.043500
v -0.019825 -0.102169 -0.043500
v -0.020170 -0.101824 -0.043500
v -0.020450 -0.101424 -0.043500
v -0.020656 -0.100981 -0.043500
v -0.020783 -0.100510 -0.043500
v -0.091446 -0.122129 -0.040500
v -0.091404 -0.122615 -0.040500
v -0.091278 -0.123087 -0.040500
v -0.091071 -0.123529 -0.040500
v -0.090791 -0.123929 -0.040500
v -0.090446 -0.124274 -0.040500
v -0.090046 -0.124554 -0.040500
v -0.089604 -0.124760 -0.040500
v -0.089133 -0.124887 -0.040500
v -0.088646 -0.124929 -0.040500
v -0.088160 -0.124887 -0.040500
v -0.087689 -0.124760 -0.040500
v -0.087246 -0.124554 -0.040500
v -0.086847 -0.124274 -0.040500
v -0.086501 -0.123929 -0.040500
v -0.086222 -0.123529 -0.040500
v -0.086015 -0.123087 -0.040500
v -0.085889 -0.122615 -0.040500
v -0.085846 -0.122129 -0.040500
v -0.085889 -0.121643 -0.040500
v -0.086015 -0.121171 -0.040500
v -0.086222 -0.120729 -0.040500
v -0.086501 -0.120329 -0.040500
v -0.086847 -0.119984 -0.040500
v -0.087246 -0.119704 -0.040500
v -0.087689 -0.119498 -0.040500
v -0.088160 -0.119372 -0.040500
v -0.088646 -0.119329 -0.040500
v -0.089133 -0.119372 -0.040500
v -0.089604 -0.119498 -0.040500
v -0.090046 -0.119704 -0.040500
v -0.090446 -0.119984 -0.040500
v -0.090791 -0.120329 -0.040500
v -0.091071 -0.120729 -0.040500
v -0.091278 -0.121171 -0.040500
v -0.091404 -0.121643 -0.040500
v -0.091446 -0.122129 -0.043500
v -0.091404 -0.121643 -0.043500
v -0.091278 -0.121171 -0.043500
v -0.091071 -0.120729 -0.043500
v -0.090791 -0.120329 -0.043500
v -0.090446 -0.119984 -0.043500
v -0.090046 -0.119704 -0.043500
v -0.089604 -0.119498 -0.043500
v -0.089133 -0.119372 -0.043500
v -0.088646 -0.119329 -0.043500
v -0.088160 -0.119372 -0.043500
v -0.087689 -0.119498 -0.043500
v -0.087246 -0.119704 -0.043500
v -0.086847 -0.119984 -0.043500
v -0.086501 -0.120329 -0.043500
v -0.086222 -0.120729 -0.043500
v -0.086015 -0.121171 -0.043500
v -0.085889 -0.121643 -0.043500
v -0.085846 -0.122129 -0.043500
v -0.085889 -0.122615 -0.043500
v -0.086015 -0.123087 -0.043500
v -0.086222 -0.123529 -0.043500
v -0.086501 -0.123929 -0.043500
v -0.086847 -0.124274 -0.043500
v -0.087246 -0.124554 -0.043500
v -0.087689 -0.124760 -0.043500
v -0.088160 -0.124887 -0.043500
v -0.088646 -0.124929 -0.043500
v -0.089133 -0.124887 -0.043500
v -0.089604 -0.124760 -0.043500
v -0.090046 -0.124554 -0.043500
v -0.090446 -0.124274 -0.043500
v -0.090791 -0.123929 -0.043500
v -0.091071 -0.123529 -0.043500
v -0.091278 -0.123087 -0.043500
v -0.091404 -0.122615 -0.043500
v -0.067188 -0.075766 -0.040500
v -0.067146 -0.076252 -0.040500
v -0.067020 -0.076723 -0.040500
v -0.066813 -0.077166 -0.040500
v -0.066533 -0.077566 -0.040500
v -0.066188 -0.077911 -0.040500
v -0.065788 -0.078191 -0.040500
v -0.065346 -0.078397 -0.040500
v -0.064875 -0.078523 -0.040500
v -0.064388 -0.078566 -0.040500
v -0.063902 -0.078523 -0.040500
v -0.063431 -0.078397 -0.040500
v -0.062988 -0.078191 -0.040500
v -0.062589 -0.077911 -0.040500
v -0.062243 -0.077566 -0.040500
v -0.061964 -0.077166 -0.040500
v -0.061757 -0.076723 -0.040500
v -0.061631 -0.076252 -0.040500
v -0.061588 -0.075766 -0.040500
v -0.061631 -0.075280 -0.040500
v -0.061757 -0.074808 -0.040500
v -0.061964 -0.074366 -0.040500
v -0.062243 -0.073966 -0.040500
v -0.062589 -0.073621 -0.040500
v -0.062988 -0.073341 -0.040500
v -0.063431 -0.073135 -0.040500
v -0.063902 -0.073008 -0.040500
v -0.064388 -0.072966 -0.040500
v -0.064875 -0.073008 -0.040500
v -0.065346 -0.073135 -0.040500
v -0.065788 -0.073341 -0.040500
v -0.066188 -0.073621 -0.040500
v -0.066533 -0.073966 -0.040500
v -0.066813 -0.074366 -0.040500
v -0.067020 -0.074808 -0.040500
v -0.067146 -0.075280 -0.040500
v -0.067188 -0.075766 -0.043500
v -0.067146 -0.075280 -0.043500
v -0.067020 -0.074808 -0.043500
v -0.066813 -0.074366 -0.043500
v -0.066533 -0.073966 -0.043500
v -0.066188 -0.073621 -0.043500
v -0.065788 -0.073341 -0.043500
v -0.065346 -0.073135 -0.043500
v -0.064875 -0.073008 -0.043500
v -0.064388 -0.072966 -0.043500
v -0.063902 -0.073008 -0.043500
v -0.063431 -0.073135 -0.043500
v -0.062988 -0.073341 -0.043500
v -0.062589 -0.073621 -0.043500
v -0.062243 -0.073966 -0.043500
v -0.061964 -0.074366 -0.043500
v -0.061757 -0.074808 -0.043500
v -0.061631 -0.075280 -0.043500
v -0.061588 -0.075766 -0.043500
v -0.061631 -0.076252 -0.043500
v -0.061757 -0.076723 -0.043500
v -0.061964 -0.077166 -0.043500
v -0.062243 -0.077566 -0.043500
v -0.062589 -0.077911 -0.043500
v -0.062988 -0.078191 -0.043500
v -0.063431 -0.078397 -0.043500
v -0.063902 -0.078523 -0.043500
v -0.064388 -0.078566 -0.043500
v -0.064875 -0.078523 -0.043500
v -0.065346 -0.078397 -0.043500
v -0.065788 -0.078191 -0.043500
v -0.066188 -0.077911 -0.043500
v -0.066533 -0.077566 -0.043500
v -0.066813 -0.077166 -0.043500
v -0.067020 -0.076723 -0.043500
v -0.067146 -0.076252 -0.043500
v -0.061386 -0.111076 -0.043500
v -0.061342 -0.111918 -0.043500
v -0.061210 -0.112750 -0.043500
v -0.060992 -0.113564 -0.043500
v -0.060690 -0.114351 -0.043500
v -0.060307 -0.115101 -0.043500
v -0.059848 -0.115808 -0.043500
v -0.059318 -0.116463 -0.043500
v -0.058722 -0.117059 -0.043500
v -0.058067 -0.117589 -0.043500
v -0.057361 -0.118048 -0.043500
v -0.056610 -0.118430 -0.043500
v -0.055823 -0.118732 -0.043500
v -0.055009 -0.118951 -0.043500
v -0.054177 -0.119082 -0.043500
v -0.053336 -0.119126 -0.043500
v -0.052494 -0.119082 -0.043500
v -0.051662 -0.118951 -0.043500
v -0.050848 -0.118732 -0.043500
v -0.050062 -0.118430 -0.043500
v -0.049311 -0.118048 -0.043500
v -0.048604 -0.117589 -0.043500
v -0.047949 -0.117059 -0.043500
v -0.047353 -0.116463 -0.043500
v -0.046823 -0.115808 -0.043500
v -0.046364 -0.115101 -0.043500
v -0.045982 -0.114351 -0.043500
v -0.045680 -0.113564 -0.043500
v -0.045462 -0.112750 -0.043500
v -0.045330 -0.111918 -0.043500
v -0.045286 -0.111076 -0.043500
v -0.045330 -0.110235 -0.043500
v -0.045462 -0.109403 -0.043500
v -0.045680 -0.108589 -0.043500
v -0.045982 -0.107802 -0.043500
v -0.046364 -0.107051 -0.043500
v -0.046823 -0.106345 -0.043500
v -0.047353 -0.105690 -0.043500
v -0.047949 -0.105094 -0.043500
v -0.048604 -0.104564 -0.043500
v -0.049311 -0.104105 -0.043500
v -0.050062 -0.103722 -0.043500
v -0.050848 -0.103420 -0.043500
v -0.051662 -0.103202 -0.043500
v -0.052494 -0.103071 -0.043500
v -0.053336 -0.103026 -0.043500
v -0.054177 -0.103071 -0.043500
v -0.055009 -0.103202 -0.043500
v -0.055823 -0.103420 -0.043500
v -0.056610 -0.103722 -0.043500
v -0.057361 -0.104105 -0.043500
v -0.058067 -0.104564 -0.043500
v -0.058722 -0.105094 -0.043500
v -0.059318 -0.105690 -0.043500
v -0.059848 -0.106345 -0.043500
v -0.060307 -0.107051 -0.043500
v -0.060690 -0.107802 -0.043500
v -0.060992 -0.108589 -0.043500
v -0.061210 -0.109403 -0.043500
v -0.061342 -0.110235 -0.043500
v -0.016397 -0.094469 -0.043500
v -0.015708 -0.096096 -0.043500
v -0.015090 -0.097752 -0.043500
v -0.014546 -0.099433 -0.043500
v -0.014075 -0.101136 -0.043500
v -0.013678 -0.102858 -0.043500
v -0.013358 -0.104596 -0.043500
v -0.020267 -0.105716 -0.043500
v -0.039400 -0.118578 -0.043500
v -0.039599 -0.141631 -0.043500
v -0.036729 -0.148015 -0.043500
v -0.038356 -0.148704 -0.043500
v -0.040011 -0.149322 -0.043500
v -0.041692 -0.149867 -0.043500
v -0.043395 -0.150338 -0.043500
v -0.045117 -0.150734 -0.043500
v -0.046855 -0.151055 -0.043500
v -0.047975 -0.144145 -0.043500
v -0.060837 -0.125012 -0.043500
v -0.083890 -0.124813 -0.043500
v -0.090274 -0.127684 -0.043500
v -0.090964 -0.126057 -0.043500
v -0.091581 -0.124401 -0.043500
v -0.092126 -0.122720 -0.043500
v -0.092597 -0.121017 -0.043500
v -0.092993 -0.119295 -0.043500
v -0.093314 -0.117557 -0.043500
v -0.086404 -0.116437 -0.043500
v -0.067272 -0.103575 -0.043500
v -0.067073 -0.080522 -0.043500
v -0.069943 -0.074138 -0.043500
v -0.068316 -0.073449 -0.043500
v -0.066660 -0.072831 -0.043500
v -0.064979 -0.072286 -0.043500
v -0.063276 -0.071815 -0.043500
v -0.061554 -0.071419 -0.043500
v -0.059817 -0.071098 -0.043500
v -0.058697 -0.078008 -0.043500
v -0.045835 -0.097141 -0.043500
v -0.022782 -0.097340 -0.043500
v -0.047336 -0.111076 -0.038500
v -0.047380 -0.110353 -0.038500
v -0.047510 -0.109641 -0.038500
v -0.047726 -0.108949 -0.038500
v -0.048023 -0.108288 -0.038500
v -0.048398 -0.107668 -0.038500
v -0.048845 -0.107098 -0.038500
v -0.049357 -0.106585 -0.038500
v -0.049927 -0.106139 -0.038500
v -0.050547 -0.105764 -0.038500
v -0.051208 -0.105466 -0.038500
v -0.051900 -0.105251 -0.038500
v -0.052613 -0.105120 -0.038500
v -0.053336 -0.105076 -0.038500
v -0.054059 -0.105120 -0.038500
v -0.054772 -0.105251 -0.038500
v -0.055463 -0.105466 -0.038500
v -0.056124 -0.105764 -0.038500
v -0.056744 -0.106139 -0.038500
v -0.057315 -0.106585 -0.038500
v -0.057827 -0.107098 -0.038500
v -0.058274 -0.107668 -0.038500
v -0.058649 -0.108288 -0.038500
v -0.058946 -0.108949 -0.038500
v -0.059161 -0.109641 -0.038500
v -0.059292 -0.110353 -0.038500
v -0.059336 -0.111076 -0.038500
v -0.059292 -0.111800 -0.038500
v -0.059161 -0.112512 -0.038500
v -0.058946 -0.113204 -0.038500
v -0.058649 -0.113865 -0.038500
v -0.058274 -0.114485 -0.038500
v -0.057827 -0.115055 -0.038500
v -0.057315 -0.115568 -0.038500
v -0.056744 -0.116014 -0.038500
v -0.056124 -0.116389 -0.038500
v -0.055463 -0.116687 -0.038500
v -0.054772 -0.116902 -0.038500
v -0.054059 -0.117033 -0.038500
v -0.053336 -0.117076 -0.038500
v -0.052613 -0.117033 -0.038500
v -0.051900 -0.116902 -0.038500
v -0.051208 -0.116687 -0.038500
v -0.050547 -0.116389 -0.038500
v -0.049927 -0.116014 -0.038500
v -0.049357 -0.115568 -0.038500
v -0.048845 -0.115055 -0.038500
v -0.048398 -0.114485 -0.038500
v -0.048023 -0.113865 -0.038500
v -0.047726 -0.113204 -0.038500
v -0.047510 -0.112512 -0.038500
v -0.047380 -0.111800 -0.038500
v -0.061386 -0.111076 -0.038500
v -0.061342 -0.110235 -0.038500
v -0.061210 -0.109403 -0.038500
v -0.060992 -0.108589 -0.038500
v -0.060690 -0.107802 -0.038500
v -0.060307 -0.107051 -0.038500
v -0.059848 -0.106345 -0.038500
v -0.059318 -0.105690 -0.038500
v -0.058722 -0.105094 -0.038500
v -0.058067 -0.104564 -0.038500
v -0.057361 -0.104105 -0.038500
v -0.056610 -0.103722 -0.038500
v -0.055823 -0.103420 -0.038500
v -0.055009 -0.103202 -0.038500
v -0.054177 -0.103071 -0.038500
v -0.053336 -0.103026 -0.038500
v -0.052494 -0.103071 -0.038500
v -0.051662 -0.103202 -0.038500
v -0.050848 -0.103420 -0.038500
v -0.050062 -0.103722 -0.038500
v -0.049311 -0.104105 -0.038500
v -0.048604 -0.104564 -0.038500
v -0.047949 -0.105094 -0.038500
v -0.047353 -0.105690 -0.038500
v -0.046823 -0.106345 -0.038500
v -0.046364 -0.107051 -0.038500
v -0.045982 -0.107802 -0.038500
v -0.045680 -0.108589 -0.038500
v -0.045462 -0.109403 -0.038500
v -0.045330 -0.110235 -0.038500
v -0.045286 -0.111076 -0.038500
v -0.045330 -0.111918 -0.038500
v -0.045462 -0.112750 -0.038500
v -0.045680 -0.113564 -0.038500
v -0.045982 -0.114351 -0.038500
v -0.046364 -0.115101 -0.038500
v -0.046823 -0.115808 -0.038500
v -0.047353 -0.116463 -0.038500
v -0.047949 -0.117059 -0.038500
v -0.048604 -0.117589 -0.038500
v -0.049311 -0.118048 -0.038500
v -0.050062 -0.118430 -0.038500
v -0.050848 -0.118732 -0.038500
v -0.051662 -0.118951 -0.038500
v -0.052494 -0.119082 -0.038500
v -0.053336 -0.119126 -0.038500
v -0.054177 -0.119082 -0.038500
v -0.055009 -0.118951 -0.038500
v -0.055823 -0.118732 -0.038500
v -0.056610 -0.118430 -0.038500
v -0.057361 -0.118048 -0.038500
v -0.058067 -0.117589 -0.038500
v -0.058722 -0.117059 -0.038500
v -0.059318 -0.116463 -0.038500
v -0.059848 -0.115808 -0.038500
v -0.060307 -0.115101 -0.038500
v -0.060690 -0.114351 -0.038500
v -0.060992 -0.113564 -0.038500
v -0.061210 -0.112750 -0.038500
v -0.061342 -0.111918 -0.038500
v -0.047336 -0.111076 -0.037500
v -0.047380 -0.110353 -0.037500
v -0.047510 -0.109641 -0.037500
v -0.047726 -0.108949 -0.037500
v -0.048023 -0.108288 -0.037500
v -0.048398 -0.107668 -0.037500
v -0.048845 -0.107098 -0.037500
v -0.049357 -0.106585 -0.037500
v -0.049927 -0.106139 -0.037500
v -0.050547 -0.105764 -0.037500
v -0.051208 -0.105466 -0.037500
v -0.051900 -0.105251 -0.037500
v -0.052613 -0.105120 -0.037500
v -0.053336 -0.105076 -0.037500
v -0.054059 -0.105120 -0.037500
v -0.054772 -0.105251 -0.037500
v -0.055463 -0.105466 -0.037500
v -0.056124 -0.105764 -0.037500
v -0.056744 -0.106139 -0.037500
v -0.057315 -0.106585 -0.037500
v -0.057827 -0.107098 -0.037500
v -0.058274 -0.107668 -0.037500
v -0.058649 -0.108288 -0.037500
v -0.058946 -0.108949 -0.037500
v -0.059161 -0.109641 -0.037500
v -0.059292 -0.110353 -0.037500
v -0.059336 -0.111076 -0.037500
v -0.059292 -0.111800 -0.037500
v -0.059161 -0.112512 -0.037500
v -0.058946 -0.113204 -0.037500
v -0.058649 -0.113865 -0.037500
v -0.058274 -0.114485 -0.037500
v -0.057827 -0.115055 -0.037500
v -0.057315 -0.115568 -0.037500
v -0.056744 -0.116014 -0.037500
v -0.056124 -0.116389 -0.037500
v -0.055463 -0.116687 -0.037500
v -0.054772 -0.116902 -0.037500
v -0.054059 -0.117033 -0.037500
v -0.053336 -0.117076 -0.037500
v -0.052613 -0.117033 -0.037500
v -0.051900 -0.116902 -0.037500
v -0.051208 -0.116687 -0.037500
v -0.050547 -0.116389 -0.037500
v -0.049927 -0.116014 -0.037500
v -0.049357 -0.115568 -0.037500
v -0.048845 -0.115055 -0.037500
v -0.048398 -0.114485 -0.037500
v -0.048023 -0.113865 -0.037500
v -0.047726 -0.113204 -0.037500
v -0.047510 -0.112512 -0.037500
v -0.047380 -0.111800 -0.037500
v -0.067272 -0.103575 -0.037500
v -0.086404 -0.116437 -0.037500
v -0.086139 -0.117874 -0.037500
v -0.085811 -0.119299 -0.037500
v -0.085421 -0.120708 -0.037500
v -0.084971 -0.122098 -0.037500
v -0.084460 -0.123467 -0.037500
v -0.083890 -0.124813 -0.037500
v -0.060837 -0.125012 -0.037500
v -0.047975 -0.144145 -0.037500
v -0.046538 -0.143879 -0.037500
v -0.045113 -0.143552 -0.037500
v -0.043705 -0.143162 -0.037500
v -0.042314 -0.142711 -0.037500
v -0.040945 -0.142201 -0.037500
v -0.039599 -0.141631 -0.037500
v -0.039400 -0.118578 -0.037500
v -0.020267 -0.105716 -0.037500
v -0.020533 -0.104278 -0.037500
v -0.020861 -0.102854 -0.037500
v -0.021250 -0.101445 -0.037500
v -0.021701 -0.100055 -0.037500
v -0.022212 -0.098686 -0.037500
v -0.022782 -0.097340 -0.037500
v -0.045835 -0.097141 -0.037500
v -0.058697 -0.078008 -0.037500
v -0.060134 -0.078273 -0.037500
v -0.061558 -0.078601 -0.037500
v -0.062967 -0.078991 -0.037500
v -0.064357 -0.079441 -0.037500
v -0.065727 -0.079952 -0.037500
v -0.067073 -0.080522 -0.037500
v -0.047975 -0.144145 -0.020500
v -0.046538 -0.143879 -0.020500
v -0.045113 -0.143552 -0.020500
v -0.043705 -0.143162 -0.020500
v -0.042314 -0.142711 -0.020500
v -0.040945 -0.142201 -0.020500
v -0.039599 -0.141631 -0.020500
v -0.086404 -0.116437 -0.020500
v -0.086139 -0.117874 -0.020500
v -0.085811 -0.119299 -0.020500
v -0.085421 -0.120708 -0.020500
v -0.084971 -0.122098 -0.020500
v -0.084460 -0.123467 -0.020500
v -0.083890 -0.124813 -0.020500
v -0.058697 -0.078008 -0.020500
v -0.060134 -0.078273 -0.020500
v -0.061558 -0.078601 -0.020500
v -0.062967 -0.078991 -0.020500
v -0.064357 -0.079441 -0.020500
v -0.065727 -0.079952 -0.020500
v -0.067073 -0.080522 -0.020500
v -0.069943 -0.074138 -0.020500
v -0.059817 -0.071098 -0.020500
v -0.068316 -0.073449 -0.020500
v -0.066660 -0.072831 -0.020500
v -0.064979 -0.072286 -0.020500
v -0.063276 -0.071815 -0.020500
v -0.061554 -0.071419 -0.020500
v -0.093314 -0.117557 -0.020500
v -0.090274 -0.127684 -0.020500
v -0.090964 -0.126057 -0.020500
v -0.091581 -0.124401 -0.020500
v -0.092126 -0.122720 -0.020500
v -0.092597 -0.121017 -0.020500
v -0.092993 -0.119295 -0.020500
v -0.036729 -0.148015 -0.020500
v -0.046855 -0.151055 -0.020500
v -0.038356 -0.148704 -0.020500
v -0.040011 -0.149322 -0.020500
v -0.041692 -0.149867 -0.020500
v -0.043395 -0.150338 -0.020500
v -0.045117 -0.150734 -0.020500
v -0.020267 -0.105716 -0.020500
v -0.020533 -0.104278 -0.020500
v -0.020861 -0.102854 -0.020500
v -0.021250 -0.101445 -0.020500
v -0.021701 -0.100055 -0.020500
v -0.022212 -0.098686 -0.020500
v -0.022782 -0.097340 -0.020500
v -0.016397 -0.094469 -0.020500
v -0.013358 -0.104596 -0.020500
v -0.015708 -0.096096 -0.020500
v -0.015090 -0.097752 -0.020500
v -0.014546 -0.099433 -0.020500
v -0.014075 -0.101136 -0.020500
v -0.013678 -0.102858 -0.020500
vt 0.300000 0.465421 0.000000
vt 0.966667 0.465421 0.000000
vt 0.300000 0.502655 0.000000
vt 0.966667 0.502655 0.000000
vt 0.300000 -0.502655 0.000000
vt 0.966667 -0.502655 0.000000
vt 0.300000 -0.465421 0.000000
vt 0.966667 -0.465421 0.000000
vt 0.300000 -0.428187 0.000000
vt 0.966667 -0.428187 0.000000
vt 0.300000 -0.390954 0.000000
vt 0.966667 -0.390954 0.000000
vt 0.300000 -0.353720 0.000000
vt 0.966667 -0.353720 0.000000
vt 0.300000 -0.316486 0.000000
vt 0.966667 -0.316486 0.000000
vt 0.300000 -0.279253 0.000000
vt 0.966667 -0.279253 0.000000
vt 0.300000 -0.242019 0.000000
vt 0.966667 -0.242019 0.000000
vt 0.300000 -0.204785 0.000000
vt 0.966667 -0.204785 0.000000
vt 0.300000 -0.167552 0.000000
vt 0.966667 -0.167552 0.000000
vt 0.300000 -0.130318 0.000000
vt 0.966667 -0.130318 0.000000
vt 0.300000 -0.093084 0.000000
vt 0.966667 -0.093084 0.000000
vt 0.300000 -0.055851 0.000000
vt 0.966667 -0.055851 0.000000
vt 0.300000 -0.018617 0.000000
vt 0.966667 -0.018617 0.000000
vt 0.300000 0.018617 0.000000
vt 0.966667 0.018617 0.000000
vt 0.300000 0.055851 0.000000
vt 0.966667 0.055851 0.000000
vt 0.300000 0.093084 0.000000
vt 0.966667 0.093084 0.000000
vt 0.300000 0.130318 0.000000
vt 0.966667 0.130318 0.000000
vt 0.300000 0.167552 0.000000
vt 0.966667 0.167552 0.000000
vt 0.300000 0.204785 0.000000
vt 0.966667 0.204785 0.000000
vt 0.300000 0.242019 0.000000
vt 0.966667 0.242019 0.000000
vt 0.300000 0.279253 0.000000
vt 0.966667 0.279253 0.000000
vt 0.300000 0.316486 0.000000
vt 0.966667 0.316486 0.000000
vt 0.300000 0.353720 0.000000
vt 0.966667 0.353720 0.000000
vt 0.300000 0.390954 0.000000
vt 0.966667 0.390954 0.000000
vt 0.300000 0.428187 0.000000
vt 0.966667 0.428187 0.000000
vt 2.300000 -0.465421 0.000000
vt 1.633333 -0.465421 0.000000
vt 2.300000 -0.502655 0.000000
vt 1.633333 -0.502655 0.000000
vt 2.300000 0.502655 0.000000
vt 1.633333 0.502655 0.000000
vt 2.300000 0.465421 0.000000
vt 1.633333 0.465421 0.000000
vt 2.300000 0.428187 0.000000
vt 1.633333 0.428187 0.000000
vt 2.300000 0.390954 0.000000
vt 1.633333 0.390954 0.000000
vt 2.300000 0.353720 0.000000
vt 1.633333 0.353720 0.000000
vt 2.300000 0.316486 0.000000
vt 1.633333 0.316486 0.000000
vt 2.300000 0.279253 0.000000
vt 1.633333 0.279253 0.000000
vt 2.300000 0.242019 0.000000
vt 1.633333 0.242019 0.000000
vt 2.300000 0.204785 0.000000
vt 1.633333 0.204785 0.000000
vt 2.300000 0.167552 0.000000
vt 1.633333 0.167552 0.000000
vt 2.300000 0.130318 0.000000
vt 1.633333 0.130318 0.000000
vt 2.300000 0.093084 0.000000
vt 1.633333 0.093084 0.000000
vt 2.300000 0.055851 0.000000
vt 1.633333 0.055851 0.000000
vt 2.300000 0.018617 0.000000
vt 1.633333 0.018617 0.000000
vt 2.300000 -0.018617 0.000000
vt 1.633333 -0.018617 0.000000
vt 2.300000 -0.055851 0.000000
vt 1.633333 -0.055851 0.000000
vt 2.300000 -0.093084 0.000000
vt 1.633333 -0.093084 0.000000
vt 2.300000 -0.130318 0.000000
vt 1.633333 -0.130318 0.000000
vt 2.300000 -0.167552 0.000000
vt 1.633333 -0.167552 0.000000
vt 2.300000 -0.204785 0.000000
vt 1.633333 -0.204785 0.000000
vt 2.300000 -0.242019 0.000000
vt 1.633333 -0.242019 0.000000
vt 2.300000 -0.279253 0.000000
vt 1.633333 -0.279253 0.000000
vt 2.300000 -0.316486 0.000000
vt 1.633333 -0.316486 0.000000
vt 2.300000 -0.353720 0.000000
vt 1.633333 -0.353720 0.000000
vt 2.300000 -0.390954 0.000000
vt 1.633333 -0.390954 0.000000
vt 2.300000 -0.428187 0.000000
vt 1.633333 -0.428187 0.000000
vt 0.300000 -0.414545 0.000000
vt 0.300000 -0.449091 0.000000
vt 0.966667 -0.449091 0.000000
vt 0.966667 0.449091 0.000000
vt 0.300000 0.449091 0.000000
vt 0.300000 0.414545 0.000000
vt 0.966667 0.413163 0.000000
vt 0.300000 0.380000 0.000000
vt 0.966667 0.377236 0.000000
vt 0.300000 0.345454 0.000000
vt 0.966667 0.341309 0.000000
vt 0.300000 0.310909 0.000000
vt 0.966667 0.305382 0.000000
vt 0.300000 0.276363 0.000000
vt 0.966667 0.269454 0.000000
vt 0.300000 0.241818 0.000000
vt 0.966667 0.233527 0.000000
vt 0.300000 0.207273 0.000000
vt 0.966667 0.197600 0.000000
vt 0.300000 0.172727 0.000000
vt 0.966667 0.161673 0.000000
vt 0.300000 0.138182 0.000000
vt 0.966667 0.125745 0.000000
vt 0.300000 0.103636 0.000000
vt 0.966667 0.089818 0.000000
vt 0.300000 0.069091 0.000000
vt 0.966667 0.053891 0.000000
vt 0.300000 0.034545 0.000000
vt 0.966667 0.017964 0.000000
vt 0.300000 0.000000 0.000000
vt 0.966667 -0.017964 0.000000
vt 0.300000 -0.034545 0.000000
vt 0.966667 -0.053891 0.000000
vt 0.300000 -0.069091 0.000000
vt 0.966667 -0.089818 0.000000
vt 0.300000 -0.103636 0.000000
vt 0.966667 -0.125745 0.000000
vt 0.300000 -0.138182 0.000000
vt 0.966667 -0.161673 0.000000
vt 0.300000 -0.172727 0.000000
vt 0.966667 -0.197600 0.000000
vt 0.300000 -0.207273 0.000000
vt 0.966667 -0.233527 0.000000
vt 0.300000 -0.241818 0.000000
vt 0.966667 -0.269454 0.000000
vt 0.300000 -0.276363 0.000000
vt 0.966667 -0.305382 0.000000
vt 0.300000 -0.310909 0.000000
vt 0.966667 -0.341309 0.000000
vt 0.300000 -0.345454 0.000000
vt 0.966667 -0.377236 0.000000
vt 0.300000 -0.380000 0.000000
vt 0.966667 -0.413163 0.000000
vt 2.300000 0.414545 0.000000
vt 2.300000 0.449091 0.000000
vt 1.633333 0.449091 0.000000
vt 1.633333 -0.449091 0.000000
vt 2.300000 -0.449091 0.000000
vt 2.300000 -0.414545 0.000000
vt 1.633333 -0.413163 0.000000
vt 2.300000 -0.380000 0.000000
vt 1.633333 -0.377236 0.000000
vt 2.300000 -0.345454 0.000000
vt 1.633333 -0.341309 0.000000
vt 2.300000 -0.310909 0.000000
vt 1.633333 -0.305382 0.000000
vt 2.300000 -0.276363 0.000000
vt 1.633333 -0.269454 0.000000
vt 2.300000 -0.241818 0.000000
vt 1.633333 -0.233527 0.000000
vt 2.300000 -0.207273 0.000000
vt 1.633333 -0.197600 0.000000
vt 2.300000 -0.172727 0.000000
vt 1.633333 -0.161673 0.000000
vt 2.300000 -0.138182 0.000000
vt 1.633333 -0.125745 0.000000
vt 2.300000 -0.103636 0.000000
vt 1.633333 -0.089818 0.000000
vt 2.300000 -0.069091 0.000000
vt 1.633333 -0.053891 0.000000
vt 2.300000 -0.034545 0.000000
vt 1.633333 -0.017964 0.000000
vt 2.300000 0.000000 0.000000
vt 1.633333 0.017964 0.000000
vt 2.300000 0.034545 0.000000
vt 1.633333 0.053891 0.000000
vt 2.300000 0.069091 0.000000
vt 1.633333 0.089818 0.000000
vt 2.300000 0.103636 0.000000
vt 1.633333 0.125745 0.000000
vt 2.300000 0.138182 0.000000
vt 1.633333 0.161673 0.000000
vt 2.300000 0.172727 0.000000
vt 1.633333 0.197600 0.000000
vt 2.300000 0.207273 0.000000
vt 1.633333 0.233527 0.000000
vt 2.300000 0.241818 0.000000
vt 1.633333 0.269454 0.000000
vt 2.300000 0.276363 0.000000
vt 1.633333 0.305382 0.000000
vt 2.300000 0.310909 0.000000
vt 1.633333 0.341309 0.000000
vt 2.300000 0.345454 0.000000
vt 1.633333 0.377236 0.000000
vt 2.300000 0.380000 0.000000
vt 1.633333 0.413163 0.000000
vt 0.300000 -0.414545 0.000000
vt 0.300000 -0.449091 0.000000
vt 0.966667 -0.449091 0.000000
vt 0.966667 0.449091 0.000000
vt 0.300000 0.449091 0.000000
vt 0.300000 0.414545 0.000000
vt 0.966667 0.413163 0.000000
vt 0.300000 0.380000 0.000000
vt 0.966667 0.377236 0.000000
vt 0.300000 0.345454 0.000000
vt 0.966667 0.341309 0.000000
vt 0.300000 0.310909 0.000000
vt 0.966667 0.305382 0.000000
vt 0.300000 0.276363 0.000000
vt 0.966667 0.269454 0.000000
vt 0.300000 0.241818 0.000000
vt 0.966667 0.233527 0.000000
vt 0.300000 0.207273 0.000000
vt 0.966667 0.197600 0.000000
vt 0.300000 0.172727 0.000000
vt 0.966667 0.161673 0.000000
vt 0.300000 0.138182 0.000000
vt 0.966667 0.125745 0.000000
vt 0.300000 0.103636 0.000000
vt 0.966667 0.089818 0.000000
vt 0.300000 0.069091 0.000000
vt 0.966667 0.053891 0.000000
vt 0.300000 0.034545 0.000000
vt 0.966667 0.017964 0.000000
vt 0.300000 0.000000 0.000000
vt 0.966667 -0.017964 0.000000
vt 0.300000 -0.034545 0.000000
vt 0.966667 -0.053891 0.000000
vt 0.300000 -0.069091 0.000000
vt 0.966667 -0.089818 0.000000
vt 0.300000 -0.103636 0.000000
vt 0.966667 -0.125745 0.000000
vt 0.300000 -0.138182 0.000000
vt 0.966667 -0.161673 0.000000
vt 0.300000 -0.172727 0.000000
vt 0.966667 -0.197600 0.000000
vt 0.300000 -0.207273 0.000000
vt 0.966667 -0.233527 0.000000
vt 0.300000 -0.241818 0.000000
vt 0.966667 -0.269454 0.000000
vt 0.300000 -0.276363 0.000000
vt 0.966667 -0.305382 0.000000
vt 0.300000 -0.310909 0.000000
vt 0.966667 -0.341309 0.000000
vt 0.300000 -0.345454 0.000000
vt 0.966667 -0.377236 0.000000
vt 0.300000 -0.380000 0.000000
vt 0.966667 -0.413163 0.000000
vt 2.300000 0.414545 0.000000
vt 2.300000 0.449091 0.000000
vt 1.633333 0.449091 0.000000
vt 1.633333 -0.449091 0.000000
vt 2.300000 -0.449091 0.000000
vt 2.300000 -0.414545 0.000000
vt 1.633333 -0.413163 0.000000
vt 2.300000 -0.380000 0.000000
vt 1.633333 -0.377236 0.000000
vt 2.300000 -0.345454 0.000000
vt 1.633333 -0.341309 0.000000
vt 2.300000 -0.310909 0.000000
vt 1.633333 -0.305382 0.000000
vt 2.300000 -0.276363 0.000000
vt 1.633333 -0.269454 0.000000
vt 2.300000 -0.241818 0.000000
vt 1.633333 -0.233527 0.000000
vt 2.300000 -0.207273 0.000000
vt 1.633333 -0.197600 0.000000
vt 2.300000 -0.172727 0.000000
vt 1.633333 -0.161673 0.000000
vt 2.300000 -0.138182 0.000000
vt 1.633333 -0.125745 0.000000
vt 2.300000 -0.103636 0.000000
vt 1.633333 -0.089818 0.000000
vt 2.300000 -0.069091 0.000000
vt 1.633333 -0.053891 0.000000
vt 2.300000 -0.034545 0.000000
vt 1.633333 -0.017964 0.000000
vt 2.300000 0.000000 0.000000
vt 1.633333 0.017964 0.000000
vt 2.300000 0.034545 0.000000
vt 1.633333 0.053891 0.000000
vt 2.300000 0.069091 0.000000
vt 1.633333 0.089818 0.000000
vt 2.300000 0.103636 0.000000
vt 1.633333 0.125745 0.000000
vt 2.300000 0.138182 0.000000
vt 1.633333 0.161673 0.000000
vt 2.300000 0.172727 0.000000
vt 1.633333 0.197600 0.000000
vt 2.300000 0.207273 0.000000
vt 1.633333 0.233527 0.000000
vt 2.300000 0.241818 0.000000
vt 1.633333 0.269454 0.000000
vt 2.300000 0.276363 0.000000
vt 1.633333 0.305382 0.000000
vt 2.300000 0.310909 0.000000
vt 1.633333 0.341309 0.000000
vt 2.300000 0.345454 0.000000
vt 1.633333 0.377236 0.000000
vt 2.300000 0.380000 0.000000
vt 1.633333 0.413163 0.000000
vt 0.300000 -0.414545 0.000000
vt 0.300000 -0.449091 0.000000
vt 0.966667 -0.449091 0.000000
vt 0.966667 0.449091 0.000000
vt 0.300000 0.449091 0.000000
vt 0.300000 0.414545 0.000000
vt 0.966667 0.413163 0.000000
vt 0.300000 0.380000 0.000000
vt 0.966667 0.377236 0.000000
vt 0.300000 0.345454 0.000000
vt 0.966667 0.341309 0.000000
vt 0.300000 0.310909 0.000000
vt 0.966667 0.305382 0.000000
vt 0.300000 0.276363 0.000000
vt 0.966667 0.269454 0.000000
vt 0.300000 0.241818 0.000000
vt 0.966667 0.233527 0.000000
vt 0.300000 0.207273 0.000000
vt 0.966667 0.197600 0.000000
vt 0.300000 0.172727 0.000000
vt 0.966667 0.161673 0.000000
vt 0.300000 0.138182 0.000000
vt 0.966667 0.125745 0.000000
vt 0.300000 0.103636 0.000000
vt 0.966667 0.089818 0.000000
vt 0.300000 0.069091 0.000000
vt 0.966667 0.053891 0.000000
vt 0.300000 0.034545 0.000000
vt 0.966667 0.017964 0.000000
vt 0.300000 0.000000 0.000000
vt 0.966667 -0.017964 0.000000
vt 0.300000 -0.034545 0.000000
vt 0.966667 -0.053891 0.000000
vt 0.300000 -0.069091 0.000000
vt 0.966667 -0.089818 0.000000
vt 0.300000 -0.103636 0.000000
vt 0.966667 -0.125745 0.000000
vt 0.300000 -0.138182 0.000000
vt 0.966667 -0.161673 0.000000
vt 0.300000 -0.172727 0.000000
vt 0.966667 -0.197600 0.000000
vt 0.300000 -0.207273 0.000000
vt 0.966667 -0.233527 0.000000
vt 0.300000 -0.241818 0.000000
vt 0.966667 -0.269454 0.000000
vt 0.300000 -0.276363 0.000000
vt 0.966667 -0.305382 0.000000
vt 0.300000 -0.310909 0.000000
vt 0.966667 -0.341309 0.000000
vt 0.300000 -0.345454 0.000000
vt 0.966667 -0.377236 0.000000
vt 0.300000 -0.380000 0.000000
vt 0.966667 -0.413163 0.000000
vt 2.300000 0.414545 0.000000
vt 2.300000 0.449091 0.000000
vt 1.633333 0.449091 0.000000
vt 1.633333 -0.449091 0.000000
vt 2.300000 -0.449091 0.000000
vt 2.300000 -0.414545 0.000000
vt 1.633333 -0.413163 0.000000
vt 2.300000 -0.380000 0.000000
vt 1.633333 -0.377236 0.000000
vt 2.300000 -0.345454 0.000000
vt 1.633333 -0.341309 0.000000
vt 2.300000 -0.310909 0.000000
vt 1.633333 -0.305382 0.000000
vt 2.300000 -0.276363 0.000000
vt 1.633333 -0.269454 0.000000
vt 2.300000 -0.241818 0.000000
vt 1.633333 -0.233527 0.000000
vt 2.300000 -0.207273 0.000000
vt 1.633333 -0.197600 0.000000
vt 2.300000 -0.172727 0.000000
vt 1.633333 -0.161673 0.000000
vt 2.300000 -0.138182 0.000000
vt 1.633333 -0.125745 0.000000
vt 2.300000 -0.103636 0.000000
vt 1.633333 -0.089818 0.000000
vt 2.300000 -0.069091 0.000000
vt 1.633333 -0.053891 0.000000
vt 2.300000 -0.034545 0.000000
vt 1.633333 -0.017964 0.000000
vt 2.300000 0.000000 0.000000
vt 1.633333 0.017964 0.000000
vt 2.300000 0.034545 0.000000
vt 1.633333 0.053891 0.000000
vt 2.300000 0.069091 0.000000
vt 1.633333 0.089818 0.000000
vt 2.300000 0.103636 0.000000
vt 1.633333 0.125745 0.000000
vt 2.300000 0.138182 0.000000
vt 1.633333 0.161673 0.000000
vt 2.300000 0.172727 0.000000
vt 1.633333 0.197600 0.000000
vt 2.300000 0.207273 0.000000
vt 1.633333 0.233527 0.000000
vt 2.300000 0.241818 0.000000
vt 1.633333 0.269454 0.000000
vt 2.300000 0.276363 0.000000
vt 1.633333 0.305382 0.000000
vt 2.300000 0.310909 0.000000
vt 1.633333 0.341309 0.000000
vt 2.300000 0.345454 0.000000
vt 1.633333 0.377236 0.000000
vt 2.300000 0.380000 0.000000
vt 1.633333 0.413163 0.000000
vt 0.300000 -0.830777 0.000000
vt 0.000000 -0.830777 0.000000
vt 0.300000 -0.879646 0.000000
vt 0.000000 -0.879646 0.000000
vt 0.300000 0.879646 0.000000
vt 0.000000 0.879646 0.000000
vt 0.300000 0.830777 0.000000
vt 0.000000 0.830777 0.000000
vt 0.000000 0.781908 0.000000
vt 0.300000 -0.781908 0.000000
vt 0.000000 -0.781908 0.000000
vt 0.300000 -0.733038 0.000000
vt 0.000000 -0.733038 0.000000
vt 0.300000 -0.684169 0.000000
vt 0.000000 -0.684169 0.000000
vt 0.300000 -0.635300 0.000000
vt 0.000000 -0.635300 0.000000
vt 0.300000 -0.586431 0.000000
vt 0.000000 -0.586431 0.000000
vt 0.300000 -0.537561 0.000000
vt 0.000000 -0.537561 0.000000
vt 0.300000 -0.488692 0.000000
vt 0.000000 -0.488692 0.000000
vt 0.300000 -0.439823 0.000000
vt 0.000000 -0.439823 0.000000
vt 0.300000 -0.390954 0.000000
vt 0.000000 -0.390954 0.000000
vt 0.300000 -0.342085 0.000000
vt 0.000000 -0.342085 0.000000
vt 0.300000 -0.293215 0.000000
vt 0.000000 -0.293215 0.000000
vt 0.300000 -0.244346 0.000000
vt 0.000000 -0.244346 0.000000
vt 0.300000 -0.195477 0.000000
vt 0.000000 -0.195477 0.000000
vt 0.300000 -0.146608 0.000000
vt 0.000000 -0.146608 0.000000
vt 0.300000 -0.097738 0.000000
vt 0.000000 -0.097738 0.000000
vt 0.300000 -0.048869 0.000000
vt 0.000000 -0.048869 0.000000
vt 0.300000 0.000000 0.000000
vt 0.000000 0.000000 0.000000
vt 0.300000 0.048869 0.000000
vt 0.000000 0.048869 0.000000
vt 0.300000 0.097738 0.000000
vt 0.000000 0.097738 0.000000
vt 0.300000 0.146608 0.000000
vt 0.000000 0.146608 0.000000
vt 0.300000 0.195477 0.000000
vt 0.000000 0.195477 0.000000
vt 0.300000 0.244346 0.000000
vt 0.000000 0.244346 0.000000
vt 0.300000 0.293215 0.000000
vt 0.000000 0.293215 0.000000
vt 0.300000 0.342085 0.000000
vt 0.000000 0.342085 0.000000
vt 0.300000 0.390954 0.000000
vt 0.000000 0.390954 0.000000
vt 0.300000 0.439823 0.000000
vt 0.000000 0.439823 0.000000
vt 0.300000 0.488692 0.000000
vt 0.000000 0.488692 0.000000
vt 0.300000 0.537561 0.000000
vt 0.000000 0.537561 0.000000
vt 0.300000 0.586431 0.000000
vt 0.000000 0.586431 0.000000
vt 0.300000 0.635300 0.000000
vt 0.000000 0.635300 0.000000
vt 0.300000 0.684169 0.000000
vt 0.000000 0.684169 0.000000
vt 0.300000 0.733038 0.000000
vt 0.000000 0.733038 0.000000
vt 0.300000 0.781908 0.000000
vt -0.138796 0.034210 0.000000
vt -0.275746 0.048621 0.000000
vt -0.142950 0.000000 0.000000
vt -0.280000 0.000000 0.000000
vt -0.275746 -0.048621 0.000000
vt -0.263114 0.095766 0.000000
vt -0.126576 0.066432 0.000000
vt -0.242487 0.140000 0.000000
vt -0.107000 0.094793 0.000000
vt -0.214492 0.179981 0.000000
vt -0.179981 0.214492 0.000000
vt -0.081205 0.117646 0.000000
vt -0.140000 0.242487 0.000000
vt -0.050691 0.133661 0.000000
vt -0.095766 0.263114 0.000000
vt -0.048621 0.275746 0.000000
vt -0.017231 0.141908 0.000000
vt 0.000000 0.280000 0.000000
vt 0.017231 0.141908 0.000000
vt 0.048621 0.275746 0.000000
vt 0.050691 0.133661 0.000000
vt 0.095766 0.263114 0.000000
vt 0.140000 0.242487 0.000000
vt 0.081205 0.117646 0.000000
vt 0.179981 0.214492 0.000000
vt 0.107000 0.094793 0.000000
vt 0.214492 0.179981 0.000000
vt 0.242487 0.140000 0.000000
vt 0.126576 0.066432 0.000000
vt 0.263114 0.095766 0.000000
vt 0.138796 0.034210 0.000000
vt 0.275746 0.048621 0.000000
vt 0.142950 0.000000 0.000000
vt 0.280000 0.000000 0.000000
vt 0.275746 -0.048621 0.000000
vt 0.138796 -0.034210 0.000000
vt 0.263114 -0.095766 0.000000
vt 0.126576 -0.066432 0.000000
vt 0.242487 -0.140000 0.000000
vt 0.107000 -0.094793 0.000000
vt 0.214492 -0.179981 0.000000
vt 0.179981 -0.214492 0.000000
vt 0.081205 -0.117646 0.000000
vt 0.140000 -0.242487 0.000000
vt 0.050691 -0.133661 0.000000
vt 0.095766 -0.263114 0.000000
vt 0.048621 -0.275746 0.000000
vt 0.017231 -0.141908 0.000000
vt 0.000000 -0.280000 0.000000
vt -0.017231 -0.141908 0.000000
vt -0.048621 -0.275746 0.000000
vt -0.050691 -0.133661 0.000000
vt -0.095766 -0.263114 0.000000
vt -0.140000 -0.242487 0.000000
vt -0.081205 -0.117646 0.000000
vt -0.179981 -0.214492 0.000000
vt -0.107000 -0.094793 0.000000
vt -0.214492 -0.179981 0.000000
vt -0.242487 -0.140000 0.000000
vt -0.126576 -0.066432 0.000000
vt -0.263114 -0.095766 0.000000
vt -0.138796 -0.034210 0.000000
vt 0.300000 -0.830777 0.000000
vt 0.000000 -0.830777 0.000000
vt 0.300000 -0.879646 0.000000
vt 0.000000 -0.879646 0.000000
vt 0.300000 0.879646 0.000000
vt 0.000000 0.879646 0.000000
vt 0.300000 0.830777 0.000000
vt 0.000000 0.830777 0.000000
vt 0.000000 0.781908 0.000000
vt 0.300000 -0.781908 0.000000
vt 0.000000 -0.781908 0.000000
vt 0.300000 -0.733038 0.000000
vt 0.000000 -0.733038 0.000000
vt 0.300000 -0.684169 0.000000
vt 0.000000 -0.684169 0.000000
vt 0.300000 -0.635300 0.000000
vt 0.000000 -0.635300 0.000000
vt 0.300000 -0.586431 0.000000
vt 0.000000 -0.586431 0.000000
vt 0.300000 -0.537561 0.000000
vt 0.000000 -0.537561 0.000000
vt 0.300000 -0.488692 0.000000
vt 0.000000 -0.488692 0.000000
vt 0.300000 -0.439823 0.000000
vt 0.000000 -0.439823 0.000000
vt 0.300000 -0.390954 0.000000
vt 0.000000 -0.390954 0.000000
vt 0.300000 -0.342085 0.000000
vt 0.000000 -0.342085 0.000000
vt 0.300000 -0.293215 0.000000
vt 0.000000 -0.293215 0.000000
vt 0.300000 -0.244346 0.000000
vt 0.000000 -0.244346 0.000000
vt 0.300000 -0.195477 0.000000
vt 0.000000 -0.195477 0.000000
vt 0.300000 -0.146608 0.000000
vt 0.000000 -0.146608 0.000000
vt 0.300000 -0.097738 0.000000
vt 0.000000 -0.097738 0.000000
vt 0.300000 -0.048869 0.000000
vt 0.000000 -0.048869 0.000000
vt 0.300000 0.000000 0.000000
vt 0.000000 0.000000 0.000000
vt 0.300000 0.048869 0.000000
vt 0.000000 0.048869 0.000000
vt 0.300000 0.097738 0.000000
vt 0.000000 0.097738 0.000000
vt 0.300000 0.146608 0.000000
vt 0.000000 0.146608 0.000000
vt 0.300000 0.195477 0.000000
vt 0.000000 0.195477 0.000000
vt 0.300000 0.244346 0.000000
vt 0.000000 0.244346 0.000000
vt 0.300000 0.293215 0.000000
vt 0.000000 0.293215 0.000000
vt 0.300000 0.342085 0.000000
vt 0.000000 0.342085 0.000000
vt 0.300000 0.390954 0.000000
vt 0.000000 0.390954 0.000000
vt 0.300000 0.439823 0.000000
vt 0.000000 0.439823 0.000000
vt 0.300000 0.488692 0.000000
vt 0.000000 0.488692 0.000000
vt 0.300000 0.537561 0.000000
vt 0.000000 0.537561 0.000000
vt 0.300000 0.586431 0.000000
vt 0.000000 0.586431 0.000000
vt 0.300000 0.635300 0.000000
vt 0.000000 0.635300 0.000000
vt 0.300000 0.684169 0.000000
vt 0.000000 0.684169 0.000000
vt 0.300000 0.733038 0.000000
vt 0.000000 0.733038 0.000000
vt 0.300000 0.781908 0.000000
vt -0.138796 0.034210 0.000000
vt -0.275746 0.048621 0.000000
vt -0.142950 0.000000 0.000000
vt -0.280000 0.000000 0.000000
vt -0.275746 -0.048621 0.000000
vt -0.263114 0.095766 0.000000
vt -0.126576 0.066432 0.000000
vt -0.242487 0.140000 0.000000
vt -0.107000 0.094793 0.000000
vt -0.214492 0.179981 0.000000
vt -0.179981 0.214492 0.000000
vt -0.081205 0.117646 0.000000
vt -0.140000 0.242487 0.000000
vt -0.050691 0.133661 0.000000
vt -0.095766 0.263114 0.000000
vt -0.048621 0.275746 0.000000
vt -0.017231 0.141908 0.000000
vt 0.000000 0.280000 0.000000
vt 0.017231 0.141908 0.000000
vt 0.048621 0.275746 0.000000
vt 0.050691 0.133661 0.000000
vt 0.095766 0.263114 0.000000
vt 0.140000 0.242487 0.000000
vt 0.081205 0.117646 0.000000
vt 0.179981 0.214492 0.000000
vt 0.107000 0.094793 0.000000
vt 0.214492 0.179981 0.000000
vt 0.242487 0.140000 0.000000
vt 0.126576 0.066432 0.000000
vt 0.263114 0.095766 0.000000
vt 0.138796 0.034210 0.000000
vt 0.275746 0.048621 0.000000
vt 0.142950 0.000000 0.000000
vt 0.280000 0.000000 0.000000
vt 0.275746 -0.048621 0.000000
vt 0.138796 -0.034210 0.000000
vt 0.263114 -0.095766 0.000000
vt 0.126576 -0.066432 0.000000
vt 0.242487 -0.140000 0.000000
vt 0.107000 -0.094793 0.000000
vt 0.214492 -0.179981 0.000000
vt 0.179981 -0.214492 0.000000
vt 0.081205 -0.117646 0.000000
vt 0.140000 -0.242487 0.000000
vt 0.050691 -0.133661 0.000000
vt 0.095766 -0.263114 0.000000
vt 0.048621 -0.275746 0.000000
vt 0.017231 -0.141908 0.000000
vt 0.000000 -0.280000 0.000000
vt -0.017231 -0.141908 0.000000
vt -0.048621 -0.275746 0.000000
vt -0.050691 -0.133661 0.000000
vt -0.095766 -0.263114 0.000000
vt -0.140000 -0.242487 0.000000
vt -0.081205 -0.117646 0.000000
vt -0.179981 -0.214492 0.000000
vt -0.107000 -0.094793 0.000000
vt -0.214492 -0.179981 0.000000
vt -0.242487 -0.140000 0.000000
vt -0.126576 -0.066432 0.000000
vt -0.263114 -0.095766 0.000000
vt -0.138796 -0.034210 0.000000
vt 0.300000 -0.830777 0.000000
vt 0.000000 -0.830777 0.000000
vt 0.300000 -0.879646 0.000000
vt 0.000000 -0.879646 0.000000
vt 0.300000 0.879646 0.000000
vt 0.000000 0.879646 0.000000
vt 0.300000 0.830777 0.000000
vt 0.000000 0.830777 0.000000
vt 0.000000 0.781908 0.000000
vt 0.300000 -0.781908 0.000000
vt 0.000000 -0.781908 0.000000
vt 0.300000 -0.733038 0.000000
vt 0.000000 -0.733038 0.000000
vt 0.300000 -0.684169 0.000000
vt 0.000000 -0.684169 0.000000
vt 0.300000 -0.635300 0.000000
vt 0.000000 -0.635300 0.000000
vt 0.300000 -0.586431 0.000000
vt 0.000000 -0.586431 0.000000
vt 0.300000 -0.537561 0.000000
vt 0.000000 -0.537561 0.000000
vt 0.300000 -0.488692 0.000000
vt 0.000000 -0.488692 0.000000
vt 0.300000 -0.439823 0.000000
vt 0.000000 -0.439823 0.000000
vt 0.300000 -0.390954 0.000000
vt 0.000000 -0.390954 0.000000
vt 0.300000 -0.342085 0.000000
vt 0.000000 -0.342085 0.000000
vt 0.300000 -0.293215 0.000000
vt 0.000000 -0.293215 0.000000
vt 0.300000 -0.244346 0.000000
vt 0.000000 -0.244346 0.000000
vt 0.300000 -0.195477 0.000000
vt 0.000000 -0.195477 0.000000
vt 0.300000 -0.146608 0.000000
vt 0.000000 -0.146608 0.000000
vt 0.300000 -0.097738 0.000000
vt 0.000000 -0.097738 0.000000
vt 0.300000 -0.048869 0.000000
vt 0.000000 -0.048869 0.000000
vt 0.300000 0.000000 0.000000
vt 0.000000 0.000000 0.000000
vt 0.300000 0.048869 0.000000
vt 0.000000 0.048869 0.000000
vt 0.300000 0.097738 0.000000
vt 0.000000 0.097738 0.000000
vt 0.300000 0.146608 0.000000
vt 0.000000 0.146608 0.000000
vt 0.300000 0.195477 0.000000
vt 0.000000 0.195477 0.000000
vt 0.300000 0.244346 0.000000
vt 0.000000 0.244346 0.000000
vt 0.300000 0.293215 0.000000
vt 0.000000 0.293215 0.000000
vt 0.300000 0.342085 0.000000
vt 0.000000 0.342085 0.000000
vt 0.300000 0.390954 0.000000
vt 0.000000 0.390954 0.000000
vt 0.300000 0.439823 0.000000
vt 0.000000 0.439823 0.000000
vt 0.300000 0.488692 0.000000
vt 0.000000 0.488692 0.000000
vt 0.300000 0.537561 0.000000
vt 0.000000 0.537561 0.000000
vt 0.300000 0.586431 0.000000
vt 0.000000 0.586431 0.000000
vt 0.300000 0.635300 0.000000
vt 0.000000 0.635300 0.000000
vt 0.300000 0.684169 0.000000
vt 0.000000 0.684169 0.000000
vt 0.300000 0.733038 0.000000
vt 0.000000 0.733038 0.000000
vt 0.300000 0.781908 0.000000
vt -0.138796 0.034210 0.000000
vt -0.275746 0.048621 0.000000
vt -0.142950 0.000000 0.000000
vt -0.280000 0.000000 0.000000
vt -0.275746 -0.048621 0.000000
vt -0.263114 0.095766 0.000000
vt -0.126576 0.066432 0.000000
vt -0.242487 0.140000 0.000000
vt -0.107000 0.094793 0.000000
vt -0.214492 0.179981 0.000000
vt -0.179981 0.214492 0.000000
vt -0.081205 0.117646 0.000000
vt -0.140000 0.242487 0.000000
vt -0.050691 0.133661 0.000000
vt -0.095766 0.263114 0.000000
vt -0.048621 0.275746 0.000000
vt -0.017231 0.141908 0.000000
vt 0.000000 0.280000 0.000000
vt 0.017231 0.141908 0.000000
vt 0.048621 0.275746 0.000000
vt 0.050691 0.133661 0.000000
vt 0.095766 0.263114 0.000000
vt 0.140000 0.242487 0.000000
vt 0.081205 0.117646 0.000000
vt 0.179981 0.214492 0.000000
vt 0.107000 0.094793 0.000000
vt 0.214492 0.179981 0.000000
vt 0.242487 0.140000 0.000000
vt 0.126576 0.066432 0.000000
vt 0.263114 0.095766 0.000000
vt 0.138796 0.034210 0.000000
vt 0.275746 0.048621 0.000000
vt 0.142950 0.000000 0.000000
vt 0.280000 0.000000 0.000000
vt 0.275746 -0.048621 0.000000
vt 0.138796 -0.034210 0.000000
vt 0.263114 -0.095766 0.000000
vt 0.126576 -0.066432 0.000000
vt 0.242487 -0.140000 0.000000
vt 0.107000 -0.094793 0.000000
vt 0.214492 -0.179981 0.000000
vt 0.179981 -0.214492 0.000000
vt 0.081205 -0.117646 0.000000
vt 0.140000 -0.242487 0.000000
vt 0.050691 -0.133661 0.000000
vt 0.095766 -0.263114 0.000000
vt 0.048621 -0.275746 0.000000
vt 0.017231 -0.141908 0.000000
vt 0.000000 -0.280000 0.000000
vt -0.017231 -0.141908 0.000000
vt -0.048621 -0.275746 0.000000
vt -0.050691 -0.133661 0.000000
vt -0.095766 -0.263114 0.000000
vt -0.140000 -0.242487 0.000000
vt -0.081205 -0.117646 0.000000
vt -0.179981 -0.214492 0.000000
vt -0.107000 -0.094793 0.000000
vt -0.214492 -0.179981 0.000000
vt -0.242487 -0.140000 0.000000
vt -0.126576 -0.066432 0.000000
vt -0.263114 -0.095766 0.000000
vt -0.138796 -0.034210 0.000000
vt 0.300000 -0.830777 0.000000
vt 0.000000 -0.830777 0.000000
vt 0.300000 -0.879646 0.000000
vt 0.000000 -0.879646 0.000000
vt 0.300000 0.879646 0.000000
vt 0.000000 0.879646 0.000000
vt 0.300000 0.830777 0.000000
vt 0.000000 0.830777 0.000000
vt 0.000000 0.781908 0.000000
vt 0.300000 -0.781908 0.000000
vt 0.000000 -0.781908 0.000000
vt 0.300000 -0.733038 0.000000
vt 0.000000 -0.733038 0.000000
vt 0.300000 -0.684169 0.000000
vt 0.000000 -0.684169 0.000000
vt 0.300000 -0.635300 0.000000
vt 0.000000 -0.635300 0.000000
vt 0.300000 -0.586431 0.000000
vt 0.000000 -0.586431 0.000000
vt 0.300000 -0.537561 0.000000
vt 0.000000 -0.537561 0.000000
vt 0.300000 -0.488692 0.000000
vt 0.000000 -0.488692 0.000000
vt 0.300000 -0.439823 0.000000
vt 0.000000 -0.439823 0.000000
vt 0.300000 -0.390954 0.000000
vt 0.000000 -0.390954 0.000000
vt 0.300000 -0.342085 0.000000
vt 0.000000 -0.342085 0.000000
vt 0.300000 -0.293215 0.000000
vt 0.000000 -0.293215 0.000000
vt 0.300000 -0.244346 0.000000
vt 0.000000 -0.244346 0.000000
vt 0.300000 -0.195477 0.000000
vt 0.000000 -0.195477 0.000000
vt 0.300000 -0.146608 0.000000
vt 0.000000 -0.146608 0.000000
vt 0.300000 -0.097738 0.000000
vt 0.000000 -0.097738 0.000000
vt 0.300000 -0.048869 0.000000
vt 0.000000 -0.048869 0.000000
vt 0.300000 0.000000 0.000000
vt 0.000000 0.000000 0.000000
vt 0.300000 0.048869 0.000000
vt 0.000000 0.048869 0.000000
vt 0.300000 0.097738 0.000000
vt 0.000000 0.097738 0.000000
vt 0.300000 0.146608 0.000000
vt 0.000000 0.146608 0.000000
vt 0.300000 0.195477 0.000000
vt 0.000000 0.195477 0.000000
vt 0.300000 0.244346 0.000000
vt 0.000000 0.244346 0.000000
vt 0.300000 0.293215 0.000000
vt 0.000000 0.293215 0.000000
vt 0.300000 0.342085 0.000000
vt 0.000000 0.342085 0.000000
vt 0.300000 0.390954 0.000000
vt 0.000000 0.390954 0.000000
vt 0.300000 0.439823 0.000000
vt 0.000000 0.439823 0.000000
vt 0.300000 0.488692 0.000000
vt 0.000000 0.488692 0.000000
vt 0.300000 0.537561 0.000000
vt 0.000000 0.537561 0.000000
vt 0.300000 0.586431 0.000000
vt 0.000000 0.586431 0.000000
vt 0.300000 0.635300 0.000000
vt 0.000000 0.635300 0.000000
vt 0.300000 0.684169 0.000000
vt 0.000000 0.684169 0.000000
vt 0.300000 0.733038 0.000000
vt 0.000000 0.733038 0.000000
vt 0.300000 0.781908 0.000000
vt -0.155687 0.036899 0.000000
vt -0.275746 0.048621 0.000000
vt -0.160000 0.000000 0.000000
vt -0.280000 0.000000 0.000000
vt -0.275746 -0.048621 0.000000
vt -0.263114 0.095766 0.000000
vt -0.142981 0.071808 0.000000
vt -0.242487 0.140000 0.000000
vt -0.122567 0.102846 0.000000
vt -0.214492 0.179981 0.000000
vt -0.179981 0.214492 0.000000
vt -0.095545 0.128340 0.000000
vt -0.140000 0.242487 0.000000
vt -0.063373 0.146915 0.000000
vt -0.095766 0.263114 0.000000
vt -0.027784 0.157569 0.000000
vt -0.048621 0.275746 0.000000
vt 0.000000 0.280000 0.000000
vt 0.009303 0.159729 0.000000
vt 0.048621 0.275746 0.000000
vt 0.045889 0.153278 0.000000
vt 0.095766 0.263114 0.000000
vt 0.080000 0.138564 0.000000
vt 0.140000 0.242487 0.000000
vt 0.179981 0.214492 0.000000
vt 0.109799 0.116380 0.000000
vt 0.214492 0.179981 0.000000
vt 0.133678 0.087921 0.000000
vt 0.242487 0.140000 0.000000
vt 0.150351 0.054723 0.000000
vt 0.263114 0.095766 0.000000
vt 0.275746 0.048621 0.000000
vt 0.158918 0.018575 0.000000
vt 0.280000 0.000000 0.000000
vt 0.158918 -0.018575 0.000000
vt 0.275746 -0.048621 0.000000
vt 0.150351 -0.054723 0.000000
vt 0.263114 -0.095766 0.000000
vt 0.242487 -0.140000 0.000000
vt 0.133678 -0.087921 0.000000
vt 0.214492 -0.179981 0.000000
vt 0.109799 -0.116380 0.000000
vt 0.179981 -0.214492 0.000000
vt 0.080000 -0.138564 0.000000
vt 0.140000 -0.242487 0.000000
vt 0.095766 -0.263114 0.000000
vt 0.045889 -0.153278 0.000000
vt 0.048621 -0.275746 0.000000
vt 0.009303 -0.159729 0.000000
vt 0.000000 -0.280000 0.000000
vt -0.027784 -0.157569 0.000000
vt -0.048621 -0.275746 0.000000
vt -0.095766 -0.263114 0.000000
vt -0.063373 -0.146915 0.000000
vt -0.140000 -0.242487 0.000000
vt -0.095545 -0.128340 0.000000
vt -0.179981 -0.214492 0.000000
vt -0.122567 -0.102846 0.000000
vt -0.214492 -0.179981 0.000000
vt -0.242487 -0.140000 0.000000
vt -0.142981 -0.071808 0.000000
vt -0.263114 -0.095766 0.000000
vt -0.155687 -0.036899 0.000000
vt -2.697092 4.580833 0.000000
vt -2.701346 4.629454 0.000000
vt -2.990536 4.405223 0.000000
vt -2.697092 4.678076 0.000000
vt -2.878521 5.096203 0.000000
vt -2.684460 4.725220 0.000000
vt -2.663833 4.769454 0.000000
vt -2.704756 5.064128 0.000000
vt -2.635839 4.809435 0.000000
vt -2.601327 4.843947 0.000000
vt -2.561346 4.871942 0.000000
vt -2.532555 5.024505 0.000000
vt -2.517112 4.892568 0.000000
vt -2.469968 4.905201 0.000000
vt -2.421346 4.909454 0.000000
vt -2.362247 4.977408 0.000000
vt -2.372725 4.905201 0.000000
vt -2.325581 4.892568 0.000000
vt -2.194155 4.922928 0.000000
vt -2.281346 4.871942 0.000000
vt -2.241366 4.843947 0.000000
vt -2.206854 4.809435 0.000000
vt -2.028599 4.861167 0.000000
vt -2.178859 4.769454 0.000000
vt -2.158232 4.725220 0.000000
vt -2.145600 4.678076 0.000000
vt -1.865895 4.792243 0.000000
vt -2.141346 4.629454 0.000000
vt -2.145600 4.580833 0.000000
vt -2.158232 4.533689 0.000000
vt -2.152932 4.153800 0.000000
vt -2.178859 4.489454 0.000000
vt -2.206854 4.449474 0.000000
vt -2.241366 4.414962 0.000000
vt -2.281346 4.386967 0.000000
vt -2.325581 4.366340 0.000000
vt -2.372725 4.353708 0.000000
vt -2.421346 4.349454 0.000000
vt -2.469968 4.353708 0.000000
vt -2.517112 4.366340 0.000000
vt -3.359239 1.885802 0.000000
vt -3.277850 1.863993 0.000000
vt -2.561346 4.386967 0.000000
vt -2.601327 4.414962 0.000000
vt -2.635839 4.449474 0.000000
vt -2.663833 4.489454 0.000000
vt -2.684460 4.533689 0.000000
vt -0.271293 -0.055491 0.000000
vt -0.275547 -0.006869 0.000000
vt -0.471201 -0.275284 0.000000
vt -0.271293 0.041752 0.000000
vt -0.258661 0.088896 0.000000
vt -0.238034 0.133131 0.000000
vt -0.219778 0.562321 0.000000
vt -2.761008 0.849634 0.000000
vt -2.791204 0.770970 0.000000
vt -2.776500 -0.295184 0.000000
vt -2.829458 0.695893 0.000000
vt -2.875350 0.625226 0.000000
vt -0.210039 0.173111 0.000000
vt -0.175527 0.207623 0.000000
vt -0.135547 0.235618 0.000000
vt -0.091313 0.256245 0.000000
vt -0.044168 0.268877 0.000000
vt 0.004453 0.273131 0.000000
vt 0.053075 0.268877 0.000000
vt 0.471201 0.450306 0.000000
vt 0.100219 0.256245 0.000000
vt 0.144453 0.235618 0.000000
vt 0.439127 0.276540 0.000000
vt 0.184434 0.207623 0.000000
vt 0.218946 0.173111 0.000000
vt 0.246940 0.133131 0.000000
vt 0.399504 0.104340 0.000000
vt 0.267567 0.088896 0.000000
vt 0.280199 0.041752 0.000000
vt 0.284453 -0.006869 0.000000
vt 0.352407 -0.065969 0.000000
vt 0.280199 -0.055491 0.000000
vt 0.267567 -0.102635 0.000000
vt 0.297926 -0.234061 0.000000
vt 0.246940 -0.146869 0.000000
vt 0.218946 -0.186850 0.000000
vt 0.184434 -0.221362 0.000000
vt 0.236166 -0.399617 0.000000
vt 0.144453 -0.249356 0.000000
vt 0.100219 -0.269983 0.000000
vt 0.053075 -0.282615 0.000000
vt 0.167242 -0.562321 0.000000
vt 0.004453 -0.286869 0.000000
vt -0.044168 -0.282615 0.000000
vt -0.091313 -0.269983 0.000000
vt -0.135547 -0.249356 0.000000
vt -0.175527 -0.221362 0.000000
vt -0.210039 -0.186850 0.000000
vt -0.238034 -0.146869 0.000000
vt -0.258661 -0.102635 0.000000
vt -7.333416 2.252277 0.000000
vt -7.405624 2.262755 0.000000
vt -7.337670 2.203655 0.000000
vt -7.452721 2.092446 0.000000
vt -7.333416 2.155034 0.000000
vt -7.320784 2.107889 0.000000
vt -7.300157 2.063655 0.000000
vt -7.492344 1.920245 0.000000
vt -7.272162 2.023675 0.000000
vt -7.237650 1.989163 0.000000
vt -7.197670 1.961168 0.000000
vt -7.524418 1.746480 0.000000
vt -7.153436 1.940541 0.000000
vt -7.106291 1.927909 0.000000
vt -6.833439 1.634465 0.000000
vt -7.057670 1.923655 0.000000
vt -7.009048 1.927909 0.000000
vt -6.961904 1.940541 0.000000
vt -6.917670 1.961168 0.000000
vt -6.877689 1.989163 0.000000
vt -6.843178 2.023675 0.000000
vt -6.815183 2.063655 0.000000
vt -6.794556 2.107889 0.000000
vt -4.292209 1.347152 0.000000
vt -6.582016 2.472070 0.000000
vt -4.262013 1.425816 0.000000
vt -4.276717 2.491970 0.000000
vt -4.223759 1.500893 0.000000
vt -4.177867 1.571560 0.000000
vt -7.320784 2.299421 0.000000
vt -7.351143 2.430847 0.000000
vt -7.300157 2.343655 0.000000
vt -7.272162 2.383636 0.000000
vt -7.237650 2.418148 0.000000
vt -7.289382 2.596402 0.000000
vt -7.197670 2.446142 0.000000
vt -7.153436 2.466769 0.000000
vt -7.106291 2.479401 0.000000
vt -7.220459 2.759106 0.000000
vt -7.057670 2.483655 0.000000
vt -7.009048 2.479401 0.000000
vt -6.961904 2.466769 0.000000
vt -6.917670 2.446142 0.000000
vt -6.877689 2.418148 0.000000
vt -6.843177 2.383636 0.000000
vt -6.815183 2.343655 0.000000
vt -6.794556 2.299421 0.000000
vt -6.781924 2.252277 0.000000
vt -6.777670 2.203655 0.000000
vt -6.781924 2.155034 0.000000
vt -4.907617 -2.481290 0.000000
vt -4.911871 -2.432669 0.000000
vt -5.187322 -2.595457 0.000000
vt -4.907617 -2.384047 0.000000
vt -4.894985 -2.336903 0.000000
vt -4.900285 -1.957014 0.000000
vt -4.874358 -2.292669 0.000000
vt -4.846363 -2.252688 0.000000
vt -4.811851 -2.218176 0.000000
vt -4.771871 -2.190182 0.000000
vt -4.727636 -2.169555 0.000000
vt -4.680492 -2.156922 0.000000
vt -4.631871 -2.152669 0.000000
vt -4.583249 -2.156922 0.000000
vt -4.536105 -2.169555 0.000000
vt -3.775367 0.332792 0.000000
vt -3.854031 0.362989 0.000000
vt -4.062681 -2.208437 0.000000
vt -4.491871 -2.190182 0.000000
vt -4.451890 -2.218176 0.000000
vt -4.417378 -2.252688 0.000000
vt -4.389384 -2.292669 0.000000
vt -4.368757 -2.336903 0.000000
vt -4.356124 -2.384047 0.000000
vt -4.351871 -2.432669 0.000000
vt -4.356124 -2.481290 0.000000
vt -4.174696 -2.899417 0.000000
vt -4.368757 -2.528434 0.000000
vt -4.389384 -2.572669 0.000000
vt -4.348461 -2.867343 0.000000
vt -4.417378 -2.612649 0.000000
vt -4.451890 -2.647161 0.000000
vt -4.491871 -2.675156 0.000000
vt -4.520662 -2.827719 0.000000
vt -4.536105 -2.695783 0.000000
vt -4.583249 -2.708415 0.000000
vt -4.631871 -2.712669 0.000000
vt -4.690970 -2.780623 0.000000
vt -4.680492 -2.708415 0.000000
vt -4.727636 -2.695783 0.000000
vt -4.859062 -2.726142 0.000000
vt -4.771871 -2.675156 0.000000
vt -4.811851 -2.647161 0.000000
vt -4.846363 -2.612649 0.000000
vt -5.024618 -2.664381 0.000000
vt -4.874358 -2.572669 0.000000
vt -4.894985 -2.528434 0.000000
vt -4.327199 1.014247 0.000000
vt -4.331608 1.098393 0.000000
vt -4.920185 0.348285 0.000000
vt -4.327199 1.182538 0.000000
vt -4.314017 1.265762 0.000000
vt -4.124840 1.637043 0.000000
vt -4.065259 1.696624 0.000000
vt -3.999776 1.749652 0.000000
vt -3.929108 1.795543 0.000000
vt -3.854031 1.833797 0.000000
vt -3.775367 1.863993 0.000000
vt -3.693977 1.885802 0.000000
vt -3.610754 1.898983 0.000000
vt -3.526608 1.903393 0.000000
vt -3.442463 1.898983 0.000000
vt -3.199185 1.833797 0.000000
vt -2.133031 1.848501 0.000000
vt -3.124108 1.795543 0.000000
vt -3.053441 1.749652 0.000000
vt -2.987958 1.696624 0.000000
vt -2.928377 1.637043 0.000000
vt -2.875350 1.571560 0.000000
vt -2.829458 1.500893 0.000000
vt -2.791204 1.425816 0.000000
vt -2.761008 1.347152 0.000000
vt -2.739200 1.265762 0.000000
vt -2.726018 1.182538 0.000000
vt -2.721608 1.098393 0.000000
vt -2.726018 1.014247 0.000000
vt -2.739200 0.931024 0.000000
vt -2.928377 0.559743 0.000000
vt -2.987958 0.500161 0.000000
vt -3.053441 0.447134 0.000000
vt -3.124108 0.401242 0.000000
vt -3.199185 0.362989 0.000000
vt -3.277850 0.332792 0.000000
vt -3.359240 0.310984 0.000000
vt -3.442463 0.297803 0.000000
vt -3.526608 0.293393 0.000000
vt -3.610754 0.297803 0.000000
vt -3.693977 0.310984 0.000000
vt -3.929108 0.401242 0.000000
vt -3.999776 0.447134 0.000000
vt -4.065259 0.500161 0.000000
vt -4.124840 0.559743 0.000000
vt -4.177867 0.625226 0.000000
vt -4.223759 0.695893 0.000000
vt -4.262013 0.770970 0.000000
vt -4.292209 0.849634 0.000000
vt -4.314017 0.931024 0.000000
vt 0.595625 -0.072322 0.000000
vt 0.800590 -0.084145 0.000000
vt 0.600000 -0.000000 0.000000
vt 0.805000 0.000000 0.000000
vt 0.800590 0.084145 0.000000
vt 0.787409 -0.167369 0.000000
vt 0.582565 -0.143589 0.000000
vt 0.765600 -0.248759 0.000000
vt 0.561010 -0.212763 0.000000
vt 0.735404 -0.327423 0.000000
vt 0.531274 -0.278834 0.000000
vt 0.697150 -0.402500 0.000000
vt 0.493790 -0.340839 0.000000
vt 0.651259 -0.473167 0.000000
vt 0.449106 -0.397874 0.000000
vt 0.598232 -0.538650 0.000000
vt 0.397874 -0.449106 0.000000
vt 0.538650 -0.598232 0.000000
vt 0.473167 -0.651259 0.000000
vt 0.340839 -0.493790 0.000000
vt 0.402500 -0.697150 0.000000
vt 0.278834 -0.531274 0.000000
vt 0.327423 -0.735404 0.000000
vt 0.212763 -0.561010 0.000000
vt 0.248759 -0.765600 0.000000
vt 0.143589 -0.582565 0.000000
vt 0.167369 -0.787409 0.000000
vt 0.072322 -0.595625 0.000000
vt 0.084145 -0.800590 0.000000
vt -0.000000 -0.600000 0.000000
vt -0.000000 -0.805000 0.000000
vt -0.084145 -0.800590 0.000000
vt -0.072322 -0.595625 0.000000
vt -0.167369 -0.787409 0.000000
vt -0.143589 -0.582565 0.000000
vt -0.248759 -0.765600 0.000000
vt -0.212763 -0.561010 0.000000
vt -0.327423 -0.735404 0.000000
vt -0.278834 -0.531274 0.000000
vt -0.402500 -0.697150 0.000000
vt -0.340839 -0.493790 0.000000
vt -0.473167 -0.651259 0.000000
vt -0.397874 -0.449106 0.000000
vt -0.538650 -0.598232 0.000000
vt -0.598232 -0.538650 0.000000
vt -0.449106 -0.397874 0.000000
vt -0.651259 -0.473167 0.000000
vt -0.493790 -0.340839 0.000000
vt -0.697150 -0.402500 0.000000
vt -0.531274 -0.278834 0.000000
vt -0.735404 -0.327423 0.000000
vt -0.561010 -0.212763 0.000000
vt -0.765600 -0.248759 0.000000
vt -0.582565 -0.143589 0.000000
vt -0.787409 -0.167369 0.000000
vt -0.595625 -0.072322 0.000000
vt -0.800590 -0.084145 0.000000
vt -0.600000 -0.000000 0.000000
vt -0.805000 0.000000 0.000000
vt -0.800590 0.084145 0.000000
vt -0.595625 0.072322 0.000000
vt -0.787409 0.167369 0.000000
vt -0.582565 0.143589 0.000000
vt -0.765600 0.248759 0.000000
vt -0.561010 0.212763 0.000000
vt -0.735404 0.327423 0.000000
vt -0.531274 0.278834 0.000000
vt -0.697150 0.402500 0.000000
vt -0.493790 0.340839 0.000000
vt -0.651259 0.473167 0.000000
vt -0.449106 0.397874 0.000000
vt -0.598232 0.538650 0.000000
vt -0.397874 0.449106 0.000000
vt -0.538650 0.598232 0.000000
vt -0.473167 0.651259 0.000000
vt -0.340839 0.493790 0.000000
vt -0.402500 0.697150 0.000000
vt -0.278834 0.531274 0.000000
vt -0.327423 0.735404 0.000000
vt -0.212763 0.561010 0.000000
vt -0.248759 0.765600 0.000000
vt -0.143589 0.582565 0.000000
vt -0.167369 0.787409 0.000000
vt -0.072322 0.595625 0.000000
vt -0.084145 0.800590 0.000000
vt -0.000000 0.600000 0.000000
vt -0.000000 0.805000 0.000000
vt 0.084145 0.800590 0.000000
vt 0.072322 0.595625 0.000000
vt 0.167369 0.787409 0.000000
vt 0.143589 0.582565 0.000000
vt 0.248759 0.765600 0.000000
vt 0.212763 0.561010 0.000000
vt 0.327423 0.735404 0.000000
vt 0.278834 0.531274 0.000000
vt 0.402500 0.697150 0.000000
vt 0.340839 0.493790 0.000000
vt 0.473167 0.651259 0.000000
vt 0.397874 0.449106 0.000000
vt 0.538650 0.598232 0.000000
vt 0.598232 0.538650 0.000000
vt 0.449106 0.397874 0.000000
vt 0.651259 0.473167 0.000000
vt 0.493790 0.340839 0.000000
vt 0.697150 0.402500 0.000000
vt 0.531274 0.278834 0.000000
vt 0.735404 0.327423 0.000000
vt 0.561010 0.212763 0.000000
vt 0.765600 0.248759 0.000000
vt 0.582565 0.143589 0.000000
vt 0.787409 0.167369 0.000000
vt 0.595625 0.072322 0.000000
vt 0.100000 -1.812457 0.000000
vt -0.000000 -1.812457 0.000000
vt 0.100000 -1.884956 0.000000
vt 0.000000 -1.884956 0.000000
vt 0.100000 1.884956 0.000000
vt 0.000000 1.884956 0.000000
vt 0.100000 1.812457 0.000000
vt -0.000000 1.812457 0.000000
vt 0.100000 1.739959 0.000000
vt -0.000000 1.739959 0.000000
vt 0.100000 1.667461 0.000000
vt -0.000000 1.667461 0.000000
vt 0.100000 1.594962 0.000000
vt 0.000000 1.594962 0.000000
vt 0.100000 1.522464 0.000000
vt -0.000000 1.522464 0.000000
vt 0.100000 1.449966 0.000000
vt 0.000000 1.449966 0.000000
vt 0.100000 1.377468 0.000000
vt 0.000000 1.377468 0.000000
vt 0.100000 1.304969 0.000000
vt -0.000000 1.304969 0.000000
vt 0.100000 1.232471 0.000000
vt -0.000000 1.232471 0.000000
vt 0.100000 1.159973 0.000000
vt -0.000000 1.159973 0.000000
vt 0.100000 1.087474 0.000000
vt -0.000000 1.087474 0.000000
vt 0.100000 1.014976 0.000000
vt 0.000000 1.014976 0.000000
vt 0.100000 0.942478 0.000000
vt 0.000000 0.942478 0.000000
vt 0.100000 0.869980 0.000000
vt 0.000000 0.869980 0.000000
vt 0.100000 0.797481 0.000000
vt -0.000000 0.797481 0.000000
vt 0.100000 0.724983 0.000000
vt -0.000000 0.724983 0.000000
vt 0.100000 0.652485 0.000000
vt -0.000000 0.652485 0.000000
vt 0.100000 0.579986 0.000000
vt -0.000000 0.579986 0.000000
vt 0.100000 0.507488 0.000000
vt -0.000000 0.507488 0.000000
vt 0.100000 0.434990 0.000000
vt 0.000000 0.434990 0.000000
vt 0.100000 0.362491 0.000000
vt -0.000000 0.362491 0.000000
vt 0.100000 0.289993 0.000000
vt 0.000000 0.289993 0.000000
vt 0.100000 0.217495 0.000000
vt -0.000000 0.217495 0.000000
vt 0.100000 0.144997 0.000000
vt -0.000000 0.144997 0.000000
vt 0.100000 0.072498 0.000000
vt -0.000000 0.072498 0.000000
vt 0.100000 0.000000 0.000000
vt 0.000000 0.000000 0.000000
vt 0.100000 -0.072498 0.000000
vt -0.000000 -0.072498 0.000000
vt 0.100000 -0.144997 0.000000
vt -0.000000 -0.144997 0.000000
vt 0.100000 -0.217495 0.000000
vt -0.000000 -0.217495 0.000000
vt 0.100000 -0.289993 0.000000
vt 0.000000 -0.289993 0.000000
vt 0.100000 -0.362491 0.000000
vt -0.000000 -0.362491 0.000000
vt 0.100000 -0.434990 0.000000
vt 0.000000 -0.434990 0.000000
vt 0.100000 -0.507488 0.000000
vt 0.000000 -0.507488 0.000000
vt 0.100000 -0.579986 0.000000
vt -0.000000 -0.579986 0.000000
vt 0.100000 -0.652485 0.000000
vt -0.000000 -0.652485 0.000000
vt 0.100000 -0.724983 0.000000
vt 0.000000 -0.724983 0.000000
vt 0.100000 -0.797481 0.000000
vt -0.000000 -0.797481 0.000000
vt 0.100000 -0.869980 0.000000
vt 0.000000 -0.869980 0.000000
vt 0.100000 -0.942478 0.000000
vt 0.000000 -0.942478 0.000000
vt 0.100000 -1.014976 0.000000
vt 0.000000 -1.014976 0.000000
vt 0.100000 -1.087474 0.000000
vt -0.000000 -1.087474 0.000000
vt 0.100000 -1.159973 0.000000
vt -0.000000 -1.159973 0.000000
vt 0.100000 -1.232471 0.000000
vt -0.000000 -1.232471 0.000000
vt 0.100000 -1.304969 0.000000
vt -0.000000 -1.304969 0.000000
vt 0.100000 -1.377468 0.000000
vt -0.000000 -1.377468 0.000000
vt 0.100000 -1.449966 0.000000
vt 0.000000 -1.449966 0.000000
vt 0.100000 -1.522464 0.000000
vt -0.000000 -1.522464 0.000000
vt 0.100000 -1.594962 0.000000
vt 0.000000 -1.594962 0.000000
vt 0.100000 -1.667461 0.000000
vt -0.000000 -1.667461 0.000000
vt 0.100000 -1.739959 0.000000
vt -0.000000 -1.739959 0.000000
vt -0.595625 -0.072322 0.000000
vt -0.600000 -0.000000 0.000000
vt -1.393577 0.750108 0.000000
vt -0.595625 0.072322 0.000000
vt -0.582565 0.143589 0.000000
vt -0.561010 0.212763 0.000000
vt -0.531274 0.278834 0.000000
vt -0.493790 0.340839 0.000000
vt -0.449106 0.397874 0.000000
vt -0.397874 0.449106 0.000000
vt -0.340839 0.493790 0.000000
vt -0.278834 0.531274 0.000000
vt -0.212763 0.561010 0.000000
vt -1.102153 3.163504 0.000000
vt -0.963114 3.208568 0.000000
vt -0.143589 0.582565 0.000000
vt -0.822241 3.247525 0.000000
vt 0.750108 1.393577 0.000000
vt -0.679804 3.280300 0.000000
vt -0.536072 3.306830 0.000000
vt -0.072322 0.595625 0.000000
vt 0.000000 0.600000 0.000000
vt 0.072322 0.595625 0.000000
vt 0.143589 0.582565 0.000000
vt 0.212763 0.561010 0.000000
vt 0.278834 0.531274 0.000000
vt 0.340839 0.493790 0.000000
vt 0.397874 0.449106 0.000000
vt 0.449106 0.397874 0.000000
vt 0.493790 0.340839 0.000000
vt 0.531274 0.278834 0.000000
vt 0.561010 0.212763 0.000000
vt 0.582565 0.143589 0.000000
vt 3.208568 0.963114 0.000000
vt 3.163504 1.102153 0.000000
vt 3.112418 1.239094 0.000000
vt 3.055407 1.373677 0.000000
vt 0.595625 0.072322 0.000000
vt 1.393577 -0.750108 0.000000
vt 3.247525 0.822241 0.000000
vt 0.600000 -0.000000 0.000000
vt 0.595625 -0.072322 0.000000
vt 0.582565 -0.143589 0.000000
vt 0.561010 -0.212763 0.000000
vt 0.531274 -0.278834 0.000000
vt 0.493790 -0.340839 0.000000
vt 0.449106 -0.397874 0.000000
vt 0.397874 -0.449106 0.000000
vt 0.340839 -0.493790 0.000000
vt 0.278834 -0.531274 0.000000
vt 0.212763 -0.561010 0.000000
vt 1.102153 -3.163504 0.000000
vt 0.963114 -3.208568 0.000000
vt 0.143589 -0.582565 0.000000
vt 0.822241 -3.247525 0.000000
vt -0.750108 -1.393577 0.000000
vt 0.679804 -3.280300 0.000000
vt 0.536072 -3.306830 0.000000
vt 0.072322 -0.595625 0.000000
vt 0.000000 -0.600000 0.000000
vt -0.072322 -0.595625 0.000000
vt -0.143589 -0.582565 0.000000
vt -0.212763 -0.561010 0.000000
vt -0.278834 -0.531274 0.000000
vt -0.340839 -0.493790 0.000000
vt -0.397874 -0.449106 0.000000
vt -0.449106 -0.397874 0.000000
vt -0.493790 -0.340839 0.000000
vt -0.531274 -0.278834 0.000000
vt -0.561010 -0.212763 0.000000
vt -0.582565 -0.143589 0.000000
vt -3.208568 -0.963114 0.000000
vt -3.163504 -1.102153 0.000000
vt -3.112418 -1.239094 0.000000
vt -3.055407 -1.373677 0.000000
vt -3.247525 -0.822241 0.000000
vt 3.306830 0.536072 0.000000
vt 3.280300 0.679804 0.000000
vt -1.239094 3.112418 0.000000
vt -1.373677 3.055407 0.000000
vt -3.306830 -0.536072 0.000000
vt -3.280300 -0.679804 0.000000
vt 1.239094 -3.112418 0.000000
vt 1.373677 -3.055407 0.000000
vt -0.000000 3.846753 0.000000
vt 1.700000 3.846753 0.000000
vt -0.000000 3.992924 0.000000
vt 1.700000 3.992924 0.000000
vt 1.700000 4.139096 0.000000
vt -0.000000 4.139096 0.000000
vt 1.700000 4.285267 0.000000
vt 0.000000 4.285267 0.000000
vt 1.700000 4.431438 0.000000
vt 0.000000 4.431438 0.000000
vt 1.700000 4.577610 0.000000
vt 0.000000 4.577610 0.000000
vt 0.000000 4.723781 0.000000
vt 1.700000 4.723781 0.000000
vt -0.000000 9.108921 0.000000
vt 1.700000 9.108921 0.000000
vt -0.000000 9.255092 0.000000
vt 1.700000 9.255092 0.000000
vt 1.700000 9.401263 0.000000
vt -0.000000 9.401263 0.000000
vt 1.700000 9.547435 0.000000
vt -0.000000 9.547435 0.000000
vt 1.700000 9.693606 0.000000
vt -0.000000 9.693606 0.000000
vt 1.700000 9.839777 0.000000
vt -0.000000 9.839777 0.000000
vt -0.000000 9.985949 0.000000
vt 1.700000 9.985949 0.000000
vt 0.500000 -2.444683 0.000000
vt 0.000000 -2.444683 0.000000
vt 0.500000 -2.528982 0.000000
vt 0.000000 -2.528982 0.000000
vt 0.500000 2.528982 0.000000
vt 0.000000 2.528982 0.000000
vt 0.500000 2.444683 0.000000
vt 0.000000 2.444683 0.000000
vt 0.500000 2.360383 0.000000
vt -0.000000 2.360383 0.000000
vt 0.500000 2.276084 0.000000
vt -0.000000 2.276084 0.000000
vt 0.500000 2.191784 0.000000
vt 0.000000 2.191784 0.000000
vt 0.500000 2.107485 0.000000
vt 0.000000 2.107485 0.000000
vt 0.500000 2.023186 0.000000
vt -0.000000 2.023186 0.000000
vt 0.500000 1.938886 0.000000
vt -0.000000 1.938886 0.000000
vt 0.500000 1.854587 0.000000
vt -0.000000 1.854587 0.000000
vt 0.500000 1.770287 0.000000
vt -0.000000 1.770287 0.000000
vt 0.500000 1.685988 0.000000
vt 0.000000 1.685988 0.000000
vt 0.500000 1.601689 0.000000
vt -0.000000 1.601689 0.000000
vt 0.500000 1.517389 0.000000
vt -0.000000 1.517389 0.000000
vt 0.500000 1.433090 0.000000
vt -0.000000 1.433090 0.000000
vt 0.500000 1.348790 0.000000
vt 0.000000 1.348790 0.000000
vt 0.500000 1.264491 0.000000
vt -0.000000 1.264491 0.000000
vt 0.500000 1.180192 0.000000
vt 0.000000 1.180192 0.000000
vt 0.500000 1.095892 0.000000
vt -0.000000 1.095892 0.000000
vt 0.500000 1.011593 0.000000
vt -0.000000 1.011593 0.000000
vt 0.500000 0.927293 0.000000
vt -0.000000 0.927293 0.000000
vt 0.500000 0.842994 0.000000
vt -0.000000 0.842994 0.000000
vt 0.500000 0.758695 0.000000
vt -0.000000 0.758695 0.000000
vt 0.500000 0.674395 0.000000
vt -0.000000 0.674395 0.000000
vt 0.500000 0.590096 0.000000
vt 0.000000 0.590096 0.000000
vt 0.500000 0.505796 0.000000
vt -0.000000 0.505796 0.000000
vt 0.500000 0.421497 0.000000
vt 0.000000 0.421497 0.000000
vt 0.500000 0.337198 0.000000
vt 0.000000 0.337198 0.000000
vt 0.500000 0.252898 0.000000
vt -0.000000 0.252898 0.000000
vt 0.500000 0.168599 0.000000
vt -0.000000 0.168599 0.000000
vt 0.500000 0.084299 0.000000
vt 0.000000 0.084299 0.000000
vt 0.500000 0.000000 0.000000
vt 0.000000 0.000000 0.000000
vt 0.500000 -0.084299 0.000000
vt 0.000000 -0.084299 0.000000
vt 0.500000 -0.168599 0.000000
vt -0.000000 -0.168599 0.000000
vt 0.500000 -0.252898 0.000000
vt -0.000000 -0.252898 0.000000
vt 0.500000 -0.337198 0.000000
vt 0.000000 -0.337198 0.000000
vt 0.500000 -0.421497 0.000000
vt 0.000000 -0.421497 0.000000
vt 0.500000 -0.505796 0.000000
vt -0.000000 -0.505796 0.000000
vt 0.500000 -0.590096 0.000000
vt -0.000000 -0.590096 0.000000
vt 0.500000 -0.674395 0.000000
vt -0.000000 -0.674395 0.000000
vt 0.500000 -0.758695 0.000000
vt -0.000000 -0.758695 0.000000
vt 0.500000 -0.842994 0.000000
vt 0.000000 -0.842994 0.000000
vt 0.500000 -0.927293 0.000000
vt -0.000000 -0.927293 0.000000
vt 0.500000 -1.011593 0.000000
vt -0.000000 -1.011593 0.000000
vt 0.500000 -1.095892 0.000000
vt -0.000000 -1.095892 0.000000
vt 0.500000 -1.180192 0.000000
vt 0.000000 -1.180192 0.000000
vt 0.500000 -1.264491 0.000000
vt -0.000000 -1.264491 0.000000
vt 0.500000 -1.348790 0.000000
vt 0.000000 -1.348790 0.000000
vt 0.500000 -1.433090 0.000000
vt -0.000000 -1.433090 0.000000
vt 0.500000 -1.517389 0.000000
vt -0.000000 -1.517389 0.000000
vt 0.500000 -1.601689 0.000000
vt -0.000000 -1.601689 0.000000
vt 0.500000 -1.685988 0.000000
vt -0.000000 -1.685988 0.000000
vt 0.500000 -1.770287 0.000000
vt -0.000000 -1.770287 0.000000
vt 0.500000 -1.854587 0.000000
vt -0.000000 -1.854587 0.000000
vt 0.500000 -1.938886 0.000000
vt 0.000000 -1.938886 0.000000
vt 0.500000 -2.023186 0.000000
vt -0.000000 -2.023186 0.000000
vt 0.500000 -2.107485 0.000000
vt 0.000000 -2.107485 0.000000
vt 0.500000 -2.191784 0.000000
vt 0.000000 -2.191784 0.000000
vt 0.500000 -2.276084 0.000000
vt -0.000000 -2.276084 0.000000
vt 0.500000 -2.360383 0.000000
vt -0.000000 -2.360383 0.000000
vt -0.000000 0.000000 0.000000
vt 2.305385 0.000000 0.000000
vt -0.000000 0.600000 0.000000
vt 2.305385 0.600000 0.000000
vt -0.000000 0.000000 0.000000
vt 2.305385 0.000000 0.000000
vt 0.000000 0.600000 0.000000
vt 2.305385 0.600000 0.000000
vt 0.000000 0.000000 0.000000
vt 2.305385 0.000000 0.000000
vt 0.000000 0.600000 0.000000
vt 2.305385 0.600000 0.000000
vt 0.000000 0.000000 0.000000
vt 2.305385 0.000000 0.000000
vt 0.000000 0.600000 0.000000
vt 2.305385 0.600000 0.000000
vt -0.000000 0.000000 0.000000
vt 2.305385 0.000000 0.000000
vt -0.000000 0.600000 0.000000
vt 2.305385 0.600000 0.000000
vt -0.000000 0.000000 0.000000
vt 2.305385 0.000000 0.000000
vt -0.000000 0.600000 0.000000
vt 2.305385 0.600000 0.000000
vt 0.000000 0.000000 0.000000
vt 2.305385 0.000000 0.000000
vt 0.000000 0.600000 0.000000
vt 2.305385 0.600000 0.000000
vt 0.000000 0.000000 0.000000
vt 2.305385 0.000000 0.000000
vt -0.000000 0.600000 0.000000
vt 2.305385 0.600000 0.000000
vt -0.000000 -6.677582 0.000000
vt 1.700000 -6.677582 0.000000
vt 0.000000 -6.531411 0.000000
vt 1.700000 -6.531411 0.000000
vt 1.700000 -6.385240 0.000000
vt -0.000000 -6.385240 0.000000
vt 1.700000 -6.239069 0.000000
vt 0.000000 -6.239069 0.000000
vt 1.700000 -6.092897 0.000000
vt -0.000000 -6.092897 0.000000
vt 1.700000 -5.946726 0.000000
vt 0.000000 -5.946726 0.000000
vt 0.000000 -5.800555 0.000000
vt 1.700000 -5.800555 0.000000
vt -0.000000 0.000000 0.000000
vt 0.700000 0.000000 0.000000
vt -0.000000 1.700000 0.000000
vt 0.700000 2.300000 0.000000
vt -0.000000 2.300000 0.000000
vt 0.700000 0.000000 0.000000
vt 0.700000 1.700000 0.000000
vt -0.000000 0.000000 0.000000
vt -0.000000 2.300000 0.000000
vt 0.700000 2.300000 0.000000
vt -2.300000 -8.072898 0.000000
vt -0.000000 -8.072898 0.000000
vt -2.300000 -7.896184 0.000000
vt -0.000000 -7.896184 0.000000
vt -2.300000 -7.719469 0.000000
vt -0.000000 -7.719469 0.000000
vt -2.300000 -7.542754 0.000000
vt -0.000000 -7.542754 0.000000
vt -2.300000 -7.366040 0.000000
vt -0.000000 -7.366040 0.000000
vt -2.300000 -7.189325 0.000000
vt -0.000000 -7.189325 0.000000
vt -2.300000 -7.012611 0.000000
vt -0.000000 -7.012611 0.000000
vt 0.162556 0.032445 0.000000
vt 0.166869 -0.004453 0.000000
vt 0.562321 -0.167242 0.000000
vt 0.162556 -0.041352 0.000000
vt 0.399617 -0.236166 0.000000
vt 0.149851 -0.076261 0.000000
vt 0.129436 -0.107299 0.000000
vt 0.234061 -0.297926 0.000000
vt 0.102415 -0.132793 0.000000
vt 0.070242 -0.151368 0.000000
vt 0.065969 -0.352407 0.000000
vt 0.034653 -0.162022 0.000000
vt -0.002434 -0.164182 0.000000
vt -0.039019 -0.157731 0.000000
vt -0.104340 -0.399504 0.000000
vt -0.073131 -0.143017 0.000000
vt -0.102929 -0.120833 0.000000
vt -0.276540 -0.439127 0.000000
vt -0.126809 -0.092375 0.000000
vt -0.450306 -0.471201 0.000000
vt -0.143482 -0.059176 0.000000
vt -0.562321 0.219778 0.000000
vt -0.152049 -0.023028 0.000000
vt -0.152049 0.014122 0.000000
vt -0.418589 0.246309 0.000000
vt -0.143482 0.050270 0.000000
vt -0.126809 0.083468 0.000000
vt -0.276151 0.279083 0.000000
vt -0.102929 0.111927 0.000000
vt -0.073131 0.134111 0.000000
vt -0.135279 0.318040 0.000000
vt -0.039019 0.148825 0.000000
vt -0.002434 0.155276 0.000000
vt 0.003760 0.363104 0.000000
vt 0.034653 0.153116 0.000000
vt 0.070242 0.142461 0.000000
vt 0.140701 0.414190 0.000000
vt 0.102415 0.123887 0.000000
vt 0.129436 0.098393 0.000000
vt 0.275284 0.471201 0.000000
vt 0.149851 0.067355 0.000000
vt 0.700000 0.000000 0.000000
vt 0.700000 1.700000 0.000000
vt 0.000000 0.000000 0.000000
vt 0.000000 2.300000 0.000000
vt 0.700000 2.300000 0.000000
vt -2.300000 11.012277 0.000000
vt -0.000000 11.012277 0.000000
vt -2.300000 11.188992 0.000000
vt 0.000000 11.188992 0.000000
vt -2.300000 11.365706 0.000000
vt -0.000000 11.365706 0.000000
vt -2.300000 11.542421 0.000000
vt -0.000000 11.542421 0.000000
vt -2.300000 11.719135 0.000000
vt 0.000000 11.719135 0.000000
vt -2.300000 11.895850 0.000000
vt -0.000000 11.895850 0.000000
vt -2.300000 12.072565 0.000000
vt 0.000000 12.072565 0.000000
vt -0.000000 0.000000 0.000000
vt 0.700000 0.000000 0.000000
vt 0.000000 1.700000 0.000000
vt 0.700000 2.300000 0.000000
vt -0.000000 2.300000 0.000000
vt 0.143249 0.041079 0.000000
vt 0.147403 0.006869 0.000000
vt 0.352407 0.065969 0.000000
vt 0.143249 -0.027341 0.000000
vt 0.399504 -0.104340 0.000000
vt 0.131029 -0.059563 0.000000
vt 0.111453 -0.087924 0.000000
vt 0.439127 -0.276540 0.000000
vt 0.085658 -0.110776 0.000000
vt 0.055144 -0.126791 0.000000
vt 0.021684 -0.135038 0.000000
vt -0.219778 -0.562321 0.000000
vt 0.471201 -0.450306 0.000000
vt -0.012778 -0.135038 0.000000
vt -0.246309 -0.418589 0.000000
vt -0.046238 -0.126791 0.000000
vt -0.279083 -0.276151 0.000000
vt -0.076752 -0.110776 0.000000
vt -0.102547 -0.087924 0.000000
vt -0.318040 -0.135279 0.000000
vt -0.122123 -0.059563 0.000000
vt -0.134343 -0.027341 0.000000
vt -0.138497 0.006869 0.000000
vt -0.363104 0.003760 0.000000
vt -0.134343 0.041079 0.000000
vt -0.122123 0.073301 0.000000
vt -0.414190 0.140701 0.000000
vt -0.102547 0.101663 0.000000
vt -0.471201 0.275284 0.000000
vt -0.076752 0.124515 0.000000
vt -0.046238 0.140530 0.000000
vt 0.167242 0.562321 0.000000
vt -0.012778 0.148777 0.000000
vt 0.021684 0.148777 0.000000
vt 0.236166 0.399617 0.000000
vt 0.055144 0.140530 0.000000
vt 0.085658 0.124515 0.000000
vt 0.297926 0.234061 0.000000
vt 0.111453 0.101663 0.000000
vt 0.131029 0.073301 0.000000
vt -0.000000 0.000000 0.000000
vt 0.700000 0.000000 0.000000
vt 0.000000 1.700000 0.000000
vt 0.700000 2.300000 0.000000
vt -0.000000 2.300000 0.000000
vt 0.700000 0.000000 0.000000
vt 0.700000 1.700000 0.000000
vt 0.000000 0.000000 0.000000
vt 0.000000 2.300000 0.000000
vt 0.700000 2.300000 0.000000
vt -2.300000 4.650552 0.000000
vt -0.000000 4.650552 0.000000
vt -2.300000 4.827267 0.000000
vt -0.000000 4.827267 0.000000
vt -2.300000 5.003981 0.000000
vt -0.000000 5.003981 0.000000
vt -2.300000 5.180696 0.000000
vt -0.000000 5.180696 0.000000
vt -2.300000 5.357410 0.000000
vt -0.000000 5.357410 0.000000
vt -2.300000 5.534125 0.000000
vt -0.000000 5.534125 0.000000
vt -2.300000 5.710840 0.000000
vt -0.000000 5.710840 0.000000
vt 0.131927 -0.029757 0.000000
vt 0.418589 -0.246309 0.000000
vt 0.136081 0.004453 0.000000
vt 0.562321 -0.219778 0.000000
vt 0.131927 0.038663 0.000000
vt 0.450306 0.471201 0.000000
vt 0.119707 0.070885 0.000000
vt 0.276540 0.439127 0.000000
vt 0.100130 0.099246 0.000000
vt 0.074336 0.122099 0.000000
vt 0.104340 0.399504 0.000000
vt 0.043821 0.138114 0.000000
vt 0.010361 0.146361 0.000000
vt -0.065969 0.352407 0.000000
vt -0.024100 0.146361 0.000000
vt -0.057560 0.138114 0.000000
vt -0.234061 0.297926 0.000000
vt -0.088074 0.122099 0.000000
vt -0.113869 0.099246 0.000000
vt -0.399617 0.236166 0.000000
vt -0.133445 0.070885 0.000000
vt -0.145665 0.038663 0.000000
vt -0.149819 0.004453 0.000000
vt -0.562321 0.167242 0.000000
vt -0.145665 -0.029757 0.000000
vt -0.133445 -0.061979 0.000000
vt -0.275284 -0.471201 0.000000
vt -0.113869 -0.090340 0.000000
vt -0.140701 -0.414190 0.000000
vt -0.088074 -0.113192 0.000000
vt -0.057560 -0.129207 0.000000
vt -0.003760 -0.363104 0.000000
vt -0.024100 -0.137455 0.000000
vt 0.010361 -0.137455 0.000000
vt 0.135279 -0.318040 0.000000
vt 0.043821 -0.129207 0.000000
vt 0.074336 -0.113192 0.000000
vt 0.276151 -0.279083 0.000000
vt 0.100130 -0.090340 0.000000
vt 0.119707 -0.061979 0.000000
vt 0.000000 -1.415415 0.000000
vt 1.700000 -1.415415 0.000000
vt 0.000000 -1.269243 0.000000
vt 1.700000 -1.269243 0.000000
vt 1.700000 -1.123072 0.000000
vt 0.000000 -1.123072 0.000000
vt 1.700000 -0.976901 0.000000
vt 0.000000 -0.976901 0.000000
vt 1.700000 -0.830729 0.000000
vt 0.000000 -0.830729 0.000000
vt 1.700000 -0.684558 0.000000
vt 0.000000 -0.684558 0.000000
vt 0.000000 -0.538387 0.000000
vt 1.700000 -0.538387 0.000000
vt -0.000000 0.000000 0.000000
vt 0.700000 0.000000 0.000000
vt -0.000000 1.700000 0.000000
vt 0.700000 2.300000 0.000000
vt -0.000000 2.300000 0.000000
vt 0.700000 -0.000000 0.000000
vt 0.700000 1.700000 0.000000
vt -0.000000 0.000000 0.000000
vt -0.000000 2.300000 0.000000
vt 0.700000 2.300000 0.000000
vt -2.300000 -1.711173 0.000000
vt -0.000000 -1.711173 0.000000
vt -2.300000 -1.534459 0.000000
vt -0.000000 -1.534459 0.000000
vt -2.300000 -1.357744 0.000000
vt -0.000000 -1.357744 0.000000
vt -2.300000 -1.181029 0.000000
vt -0.000000 -1.181029 0.000000
vt -2.300000 -1.004315 0.000000
vt -0.000000 -1.004315 0.000000
vt -2.300000 -0.827600 0.000000
vt -0.000000 -0.827600 0.000000
vt -2.300000 -0.650886 0.000000
vt -0.000000 -0.650886 0.000000
vt 0.134343 -0.041079 0.000000
vt 0.363104 -0.003760 0.000000
vt 0.138497 -0.006869 0.000000
vt 0.318040 0.135279 0.000000
vt 0.134343 0.027341 0.000000
vt 0.122123 0.059563 0.000000
vt 0.102547 0.087924 0.000000
vt 0.279083 0.276151 0.000000
vt 0.076752 0.110776 0.000000
vt 0.046238 0.126791 0.000000
vt 0.246309 0.418589 0.000000
vt 0.012778 0.135038 0.000000
vt 0.219778 0.562321 0.000000
vt -0.021684 0.135038 0.000000
vt -0.055144 0.126791 0.000000
vt -0.471201 0.450306 0.000000
vt -0.439127 0.276540 0.000000
vt 0.122123 -0.073301 0.000000
vt 0.414190 -0.140701 0.000000
vt 0.102547 -0.101663 0.000000
vt 0.471201 -0.275284 0.000000
vt 0.076752 -0.124515 0.000000
vt 0.046238 -0.140530 0.000000
vt -0.167242 -0.562321 0.000000
vt 0.012778 -0.148777 0.000000
vt -0.021684 -0.148777 0.000000
vt -0.236166 -0.399617 0.000000
vt -0.055144 -0.140530 0.000000
vt -0.085658 -0.124515 0.000000
vt -0.297926 -0.234061 0.000000
vt -0.111453 -0.101663 0.000000
vt -0.131029 -0.073301 0.000000
vt -0.143249 -0.041079 0.000000
vt -0.352407 -0.065969 0.000000
vt -0.147403 -0.006869 0.000000
vt -0.143249 0.027341 0.000000
vt -0.399504 0.104340 0.000000
vt -0.131029 0.059563 0.000000
vt -0.111453 0.087924 0.000000
vt -0.085658 0.110776 0.000000
vn 97.304487 -23.061587 0.000000
vn 97.304487 -23.061587 0.000000
vn 100.000000 -0.000000 0.000000
vn 100.000000 -0.000000 0.000000
vn 97.304487 23.061587 0.000000
vn 97.304487 23.061587 0.000000
vn 89.363264 44.879918 0.000000
vn 89.363264 44.879918 0.000000
vn 76.604444 64.278761 0.000000
vn 76.604444 64.278761 0.000000
vn 59.715859 80.212319 0.000000
vn 59.715859 80.212319 0.000000
vn 39.607977 91.821611 0.000000
vn 39.607977 91.821611 0.000000
vn 17.364818 98.480775 0.000000
vn 17.364818 98.480775 0.000000
vn -5.814483 99.830816 0.000000
vn -5.814483 99.830816 0.000000
vn -28.680323 95.798951 0.000000
vn -28.680323 95.798951 0.000000
vn -50.000000 86.602540 0.000000
vn -50.000000 86.602540 0.000000
vn -68.624164 72.737364 0.000000
vn -68.624164 72.737364 0.000000
vn -83.548781 54.950898 0.000000
vn -83.548781 54.950898 0.000000
vn -93.969262 34.202014 0.000000
vn -93.969262 34.202014 0.000000
vn -99.323836 11.609291 0.000000
vn -99.323836 11.609291 0.000000
vn -99.323836 -11.609291 0.000000
vn -99.323836 -11.609291 0.000000
vn -93.969262 -34.202014 0.000000
vn -93.969262 -34.202014 0.000000
vn -83.548781 -54.950898 0.000000
vn -83.548781 -54.950898 0.000000
vn -68.624164 -72.737364 0.000000
vn -68.624164 -72.737364 0.000000
vn -50.000000 -86.602540 0.000000
vn -50.000000 -86.602540 0.000000
vn -28.680323 -95.798951 0.000000
vn -28.680323 -95.798951 0.000000
vn -5.814483 -99.830816 0.000000
vn -5.814483 -99.830816 0.000000
vn 17.364818 -98.480775 0.000000
vn 17.364818 -98.480775 0.000000
vn 39.607977 -91.821611 0.000000
vn 39.607977 -91.821611 0.000000
vn 59.715859 -80.212319 0.000000
vn 59.715859 -80.212319 0.000000
vn 76.604444 -64.278761 0.000000
vn 76.604444 -64.278761 0.000000
vn 89.363264 -44.879918 0.000000
vn 89.363264 -44.879918 0.000000
vn 97.304487 23.061587 0.000000
vn 97.304487 23.061587 0.000000
vn 100.000000 0.000000 0.000000
vn 100.000000 0.000000 0.000000
vn 97.304487 -23.061587 0.000000
vn 97.304487 -23.061587 0.000000
vn 89.363264 -44.879918 0.000000
vn 89.363264 -44.879918 0.000000
vn 76.604444 -64.278761 0.000000
vn 76.604444 -64.278761 0.000000
vn 59.715859 -80.212319 0.000000
vn 59.715859 -80.212319 0.000000
vn 39.607977 -91.821611 0.000000
vn 39.607977 -91.821611 0.000000
vn 17.364818 -98.480775 0.000000
vn 17.364818 -98.480775 0.000000
vn -5.814483 -99.830816 0.000000
vn -5.814483 -99.830816 0.000000
vn -28.680323 -95.798951 0.000000
vn -28.680323 -95.798951 0.000000
vn -50.000000 -86.602540 0.000000
vn -50.000000 -86.602540 0.000000
vn -68.624164 -72.737364 0.000000
vn -68.624164 -72.737364 0.000000
vn -83.548781 -54.950898 0.000000
vn -83.548781 -54.950898 0.000000
vn -93.969262 -34.202014 0.000000
vn -93.969262 -34.202014 0.000000
vn -99.323836 -11.609291 0.000000
vn -99.323836 -11.609291 0.000000
vn -99.323836 11.609291 0.000000
vn -99.323836 11.609291 0.000000
vn -93.969262 34.202014 0.000000
vn -93.969262 34.202014 0.000000
vn -83.548781 54.950898 0.000000
vn -83.548781 54.950898 0.000000
vn -68.624164 72.737364 0.000000
vn -68.624164 72.737364 0.000000
vn -50.000000 86.602540 0.000000
vn -50.000000 86.602540 0.000000
vn -28.680323 95.798951 0.000000
vn -28.680323 95.798951 0.000000
vn -5.814483 99.830816 0.000000
vn -5.814483 99.830816 0.000000
vn 17.364818 98.480775 0.000000
vn 17.364818 98.480775 0.000000
vn 39.607977 91.821611 0.000000
vn 39.607977 91.821611 0.000000
vn 59.715859 80.212319 0.000000
vn 59.715859 80.212319 0.000000
vn 76.604444 64.278761 0.000000
vn 76.604444 64.278761 0.000000
vn 89.363264 44.879918 0.000000
vn 89.363264 44.879918 0.000000
vn 97.094182 23.931566 0.000000
vn 100.000000 0.000000 0.000000
vn 100.000000 0.000000 0.000000
vn 97.094182 -23.931566 0.000000
vn 96.858316 -24.868989 0.000000
vn 88.545603 -46.472317 0.000000
vn 87.630668 -48.175367 0.000000
vn 74.851075 -66.312266 0.000000
vn 72.896863 -68.454711 0.000000
vn 56.806475 -82.298387 0.000000
vn 53.582679 -84.432793 0.000000
vn 35.460489 -93.501624 0.000000
vn 30.901699 -95.105652 0.000000
vn 12.053668 -99.270887 0.000000
vn 6.279052 -99.802673 0.000000
vn -12.053668 -99.270887 0.000000
vn -18.738131 -98.228725 0.000000
vn -35.460489 -93.501624 0.000000
vn -42.577929 -90.482705 0.000000
vn -56.806475 -82.298387 0.000000
vn -63.742399 -77.051324 0.000000
vn -74.851075 -66.312266 0.000000
vn -80.901699 -58.778525 0.000000
vn -88.545603 -46.472317 0.000000
vn -92.977649 -36.812455 0.000000
vn -97.094182 -23.931566 0.000000
vn -99.211470 -12.533323 0.000000
vn -100.000000 0.000000 0.000000
vn -99.211470 12.533323 0.000000
vn -97.094182 23.931566 0.000000
vn -92.977649 36.812455 0.000000
vn -88.545603 46.472317 0.000000
vn -80.901699 58.778525 0.000000
vn -74.851075 66.312266 0.000000
vn -63.742399 77.051324 0.000000
vn -56.806475 82.298387 0.000000
vn -42.577929 90.482705 0.000000
vn -35.460489 93.501624 0.000000
vn -18.738131 98.228725 0.000000
vn -12.053668 99.270887 0.000000
vn 6.279052 99.802673 0.000000
vn 12.053668 99.270887 0.000000
vn 30.901699 95.105652 0.000000
vn 35.460489 93.501624 0.000000
vn 53.582679 84.432793 0.000000
vn 56.806475 82.298387 0.000000
vn 72.896863 68.454711 0.000000
vn 74.851075 66.312266 0.000000
vn 87.630668 48.175367 0.000000
vn 88.545603 46.472317 0.000000
vn 96.858316 24.868989 0.000000
vn 97.094182 -23.931566 0.000000
vn 100.000000 -0.000000 0.000000
vn 100.000000 -0.000000 0.000000
vn 97.094182 23.931566 0.000000
vn 96.858316 24.868989 0.000000
vn 88.545603 46.472317 0.000000
vn 87.630668 48.175367 0.000000
vn 74.851075 66.312266 0.000000
vn 72.896863 68.454711 0.000000
vn 56.806475 82.298387 0.000000
vn 53.582679 84.432793 0.000000
vn 35.460489 93.501624 0.000000
vn 30.901699 95.105652 0.000000
vn 12.053668 99.270887 0.000000
vn 6.279052 99.802673 0.000000
vn -12.053668 99.270887 0.000000
vn -18.738131 98.228725 0.000000
vn -35.460489 93.501624 0.000000
vn -42.577929 90.482705 0.000000
vn -56.806475 82.298387 0.000000
vn -63.742399 77.051324 0.000000
vn -74.851075 66.312266 0.000000
vn -80.901699 58.778525 0.000000
vn -88.545603 46.472317 0.000000
vn -92.977649 36.812455 0.000000
vn -97.094182 23.931566 0.000000
vn -99.211470 12.533323 0.000000
vn -100.000000 0.000000 0.000000
vn -99.211470 -12.533323 0.000000
vn -97.094182 -23.931566 0.000000
vn -92.977649 -36.812455 0.000000
vn -88.545603 -46.472317 0.000000
vn -80.901699 -58.778525 0.000000
vn -74.851075 -66.312266 0.000000
vn -63.742399 -77.051324 0.000000
vn -56.806475 -82.298387 0.000000
vn -42.577929 -90.482705 0.000000
vn -35.460489 -93.501624 0.000000
vn -18.738131 -98.228725 0.000000
vn -12.053668 -99.270887 0.000000
vn 6.279052 -99.802673 0.000000
vn 12.053668 -99.270887 0.000000
vn 30.901699 -95.105652 0.000000
vn 35.460489 -93.501624 0.000000
vn 53.582679 -84.432793 0.000000
vn 56.806475 -82.298387 0.000000
vn 72.896863 -68.454711 0.000000
vn 74.851075 -66.312266 0.000000
vn 87.630668 -48.175367 0.000000
vn 88.545603 -46.472317 0.000000
vn 96.858316 -24.868989 0.000000
vn 97.094182 23.931566 0.000000
vn 100.000000 0.000000 0.000000
vn 100.000000 0.000000 0.000000
vn 97.094182 -23.931566 0.000000
vn 96.858316 -24.868989 0.000000
vn 88.545603 -46.472317 0.000000
vn 87.630668 -48.175367 0.000000
vn 74.851075 -66.312266 0.000000
vn 72.896863 -68.454711 0.000000
vn 56.806475 -82.298387 0.000000
vn 53.582679 -84.432793 0.000000
vn 35.460489 -93.501624 0.000000
vn 30.901699 -95.105652 0.000000
vn 12.053668 -99.270887 0.000000
vn 6.279052 -99.802673 0.000000
vn -12.053668 -99.270887 0.000000
vn -18.738131 -98.228725 0.000000
vn -35.460489 -93.501624 0.000000
vn -42.577929 -90.482705 0.000000
vn -56.806475 -82.298387 0.000000
vn -63.742399 -77.051324 0.000000
vn -74.851075 -66.312266 0.000000
vn -80.901699 -58.778525 0.000000
vn -88.545603 -46.472317 0.000000
vn -92.977649 -36.812455 0.000000
vn -97.094182 -23.931566 0.000000
vn -99.211470 -12.533323 0.000000
vn -100.000000 0.000000 0.000000
vn -99.211470 12.533323 0.000000
vn -97.094182 23.931566 0.000000
vn -92.977649 36.812455 0.000000
vn -88.545603 46.472317 0.000000
vn -80.901699 58.778525 0.000000
vn -74.851075 66.312266 0.000000
vn -63.742399 77.051324 0.000000
vn -56.806475 82.298387 0.000000
vn -42.577929 90.482705 0.000000
vn -35.460489 93.501624 0.000000
vn -18.738131 98.228725 0.000000
vn -12.053668 99.270887 0.000000
vn 6.279052 99.802673 0.000000
vn 12.053668 99.270887 0.000000
vn 30.901699 95.105652 0.000000
vn 35.460489 93.501624 0.000000
vn 53.582679 84.432793 0.000000
vn 56.806475 82.298387 0.000000
vn 72.896863 68.454711 0.000000
vn 74.851075 66.312266 0.000000
vn 87.630668 48.175367 0.000000
vn 88.545603 46.472317 0.000000
vn 96.858316 24.868989 0.000000
vn 97.094182 -23.931566 0.000000
vn 100.000000 -0.000000 0.000000
vn 100.000000 -0.000000 0.000000
vn 97.094182 23.931566 0.000000
vn 96.858316 24.868989 0.000000
vn 88.545603 46.472317 0.000000
vn 87.630668 48.175367 0.000000
vn 74.851075 66.312266 0.000000
vn 72.896863 68.454711 0.000000
vn 56.806475 82.298387 0.000000
vn 53.582679 84.432793 0.000000
vn 35.460489 93.501624 0.000000
vn 30.901699 95.105652 0.000000
vn 12.053668 99.270887 0.000000
vn 6.279052 99.802673 0.000000
vn -12.053668 99.270887 0.000000
vn -18.738131 98.228725 0.000000
vn -35.460489 93.501624 0.000000
vn -42.577929 90.482705 0.000000
vn -56.806475 82.298387 0.000000
vn -63.742399 77.051324 0.000000
vn -74.851075 66.312266 0.000000
vn -80.901699 58.778525 0.000000
vn -88.545603 46.472317 0.000000
vn -92.977649 36.812455 0.000000
vn -97.094182 23.931566 0.000000
vn -99.211470 12.533323 0.000000
vn -100.000000 0.000000 0.000000
vn -99.211470 -12.533323 0.000000
vn -97.094182 -23.931566 0.000000
vn -92.977649 -36.812455 0.000000
vn -88.545603 -46.472317 0.000000
vn -80.901699 -58.778525 0.000000
vn -74.851075 -66.312266 0.000000
vn -63.742399 -77.051324 0.000000
vn -56.806475 -82.298387 0.000000
vn -42.577929 -90.482705 0.000000
vn -35.460489 -93.501624 0.000000
vn -18.738131 -98.228725 0.000000
vn -12.053668 -99.270887 0.000000
vn 6.279052 -99.802673 0.000000
vn 12.053668 -99.270887 0.000000
vn 30.901699 -95.105652 0.000000
vn 35.460489 -93.501624 0.000000
vn 53.582679 -84.432793 0.000000
vn 56.806475 -82.298387 0.000000
vn 72.896863 -68.454711 0.000000
vn 74.851075 -66.312266 0.000000
vn 87.630668 -48.175367 0.000000
vn 88.545603 -46.472317 0.000000
vn 96.858316 -24.868989 0.000000
vn 97.094182 23.931566 0.000000
vn 100.000000 0.000000 0.000000
vn 100.000000 0.000000 0.000000
vn 97.094182 -23.931566 0.000000
vn 96.858316 -24.868989 0.000000
vn 88.545603 -46.472317 0.000000
vn 87.630668 -48.175367 0.000000
vn 74.851075 -66.312266 0.000000
vn 72.896863 -68.454711 0.000000
vn 56.806475 -82.298387 0.000000
vn 53.582679 -84.432793 0.000000
vn 35.460489 -93.501624 0.000000
vn 30.901699 -95.105652 0.000000
vn 12.053668 -99.270887 0.000000
vn 6.279052 -99.802673 0.000000
vn -12.053668 -99.270887 0.000000
vn -18.738131 -98.228725 0.000000
vn -35.460489 -93.501624 0.000000
vn -42.577929 -90.482705 0.000000
vn -56.806475 -82.298387 0.000000
vn -63.742399 -77.051324 0.000000
vn -74.851075 -66.312266 0.000000
vn -80.901699 -58.778525 0.000000
vn -88.545603 -46.472317 0.000000
vn -92.977649 -36.812455 0.000000
vn -97.094182 -23.931566 0.000000
vn -99.211470 -12.533323 0.000000
vn -100.000000 0.000000 0.000000
vn -99.211470 12.533323 0.000000
vn -97.094182 23.931566 0.000000
vn -92.977649 36.812455 0.000000
vn -88.545603 46.472317 0.000000
vn -80.901699 58.778525 0.000000
vn -74.851075 66.312266 0.000000
vn -63.742399 77.051324 0.000000
vn -56.806475 82.298387 0.000000
vn -42.577929 90.482705 0.000000
vn -35.460489 93.501624 0.000000
vn -18.738131 98.228725 0.000000
vn -12.053668 99.270887 0.000000
vn 6.279052 99.802673 0.000000
vn 12.053668 99.270887 0.000000
vn 30.901699 95.105652 0.000000
vn 35.460489 93.501624 0.000000
vn 53.582679 84.432793 0.000000
vn 56.806475 82.298387 0.000000
vn 72.896863 68.454711 0.000000
vn 74.851075 66.312266 0.000000
vn 87.630668 48.175367 0.000000
vn 88.545603 46.472317 0.000000
vn 96.858316 24.868989 0.000000
vn 97.094182 -23.931566 0.000000
vn 100.000000 -0.000000 0.000000
vn 100.000000 -0.000000 0.000000
vn 97.094182 23.931566 0.000000
vn 96.858316 24.868989 0.000000
vn 88.545603 46.472317 0.000000
vn 87.630668 48.175367 0.000000
vn 74.851075 66.312266 0.000000
vn 72.896863 68.454711 0.000000
vn 56.806475 82.298387 0.000000
vn 53.582679 84.432793 0.000000
vn 35.460489 93.501624 0.000000
vn 30.901699 95.105652 0.000000
vn 12.053668 99.270887 0.000000
vn 6.279052 99.802673 0.000000
vn -12.053668 99.270887 0.000000
vn -18.738131 98.228725 0.000000
vn -35.460489 93.501624 0.000000
vn -42.577929 90.482705 0.000000
vn -56.806475 82.298387 0.000000
vn -63.742399 77.051324 0.000000
vn -74.851075 66.312266 0.000000
vn -80.901699 58.778525 0.000000
vn -88.545603 46.472317 0.000000
vn -92.977649 36.812455 0.000000
vn -97.094182 23.931566 0.000000
vn -99.211470 12.533323 0.000000
vn -100.000000 0.000000 0.000000
vn -99.211470 -12.533323 0.000000
vn -97.094182 -23.931566 0.000000
vn -92.977649 -36.812455 0.000000
vn -88.545603 -46.472317 0.000000
vn -80.901699 -58.778525 0.000000
vn -74.851075 -66.312266 0.000000
vn -63.742399 -77.051324 0.000000
vn -56.806475 -82.298387 0.000000
vn -42.577929 -90.482705 0.000000
vn -35.460489 -93.501624 0.000000
vn -18.738131 -98.228725 0.000000
vn -12.053668 -99.270887 0.000000
vn 6.279052 -99.802673 0.000000
vn 12.053668 -99.270887 0.000000
vn 30.901699 -95.105652 0.000000
vn 35.460489 -93.501624 0.000000
vn 53.582679 -84.432793 0.000000
vn 56.806475 -82.298387 0.000000
vn 72.896863 -68.454711 0.000000
vn 74.851075 -66.312266 0.000000
vn 87.630668 -48.175367 0.000000
vn 88.545603 -46.472317 0.000000
vn 96.858316 -24.868989 0.000000
vn 98.480775 17.364818 0.000000
vn 98.480775 17.364818 0.000000
vn 100.000000 0.000000 0.000000
vn 100.000000 0.000000 0.000000
vn 98.480775 -17.364818 0.000000
vn 98.480775 -17.364818 0.000000
vn 93.969262 -34.202014 0.000000
vn 93.969262 34.202014 0.000000
vn 93.969262 34.202014 0.000000
vn 86.602540 50.000000 0.000000
vn 86.602540 50.000000 0.000000
vn 76.604444 64.278761 0.000000
vn 76.604444 64.278761 0.000000
vn 64.278761 76.604444 0.000000
vn 64.278761 76.604444 0.000000
vn 50.000000 86.602540 0.000000
vn 50.000000 86.602540 0.000000
vn 34.202014 93.969262 0.000000
vn 34.202014 93.969262 0.000000
vn 17.364818 98.480775 0.000000
vn 17.364818 98.480775 0.000000
vn -0.000000 100.000000 0.000000
vn -0.000000 100.000000 0.000000
vn -17.364818 98.480775 0.000000
vn -17.364818 98.480775 0.000000
vn -34.202014 93.969262 0.000000
vn -34.202014 93.969262 0.000000
vn -50.000000 86.602540 0.000000
vn -50.000000 86.602540 0.000000
vn -64.278761 76.604444 0.000000
vn -64.278761 76.604444 0.000000
vn -76.604444 64.278761 0.000000
vn -76.604444 64.278761 0.000000
vn -86.602540 50.000000 0.000000
vn -86.602540 50.000000 0.000000
vn -93.969262 34.202014 0.000000
vn -93.969262 34.202014 0.000000
vn -98.480775 17.364818 0.000000
vn -98.480775 17.364818 0.000000
vn -100.000000 0.000000 0.000000
vn -100.000000 0.000000 0.000000
vn -98.480775 -17.364818 0.000000
vn -98.480775 -17.364818 0.000000
vn -93.969262 -34.202014 0.000000
vn -93.969262 -34.202014 0.000000
vn -86.602540 -50.000000 0.000000
vn -86.602540 -50.000000 0.000000
vn -76.604444 -64.278761 0.000000
vn -76.604444 -64.278761 0.000000
vn -64.278761 -76.604444 0.000000
vn -64.278761 -76.604444 0.000000
vn -50.000000 -86.602540 0.000000
vn -50.000000 -86.602540 0.000000
vn -34.202014 -93.969262 0.000000
vn -34.202014 -93.969262 0.000000
vn -17.364818 -98.480775 0.000000
vn -17.364818 -98.480775 0.000000
vn -0.000000 -100.000000 0.000000
vn -0.000000 -100.000000 0.000000
vn 17.364818 -98.480775 0.000000
vn 17.364818 -98.480775 0.000000
vn 34.202014 -93.969262 0.000000
vn 34.202014 -93.969262 0.000000
vn 50.000000 -86.602540 0.000000
vn 50.000000 -86.602540 0.000000
vn 64.278761 -76.604444 0.000000
vn 64.278761 -76.604444 0.000000
vn 76.604444 -64.278761 0.000000
vn 76.604444 -64.278761 0.000000
vn 86.602540 -50.000000 0.000000
vn 86.602540 -50.000000 0.000000
vn 93.969262 -34.202014 0.000000
vn 0.000000 0.000000 -100.000000
vn 0.000000 0.000000 -100.000000
vn 0.000000 0.000000 -100.000000
vn 0.000000 0.000000 -100.000000
vn 0.000000 0.000000 -100.000000
vn 0.000000 0.000000 -100.000000
vn 0.000000 0.000000 -100.000000
vn 0.000000 0.000000 -100.000000
vn 0.000000 0.000000 -100.000000
vn 0.000000 0.000000 -100.000000
vn 0.000000 0.000000 -100.000000
vn 0.000000 0.000000 -100.000000
vn 0.000000 0.000000 -100.000000
vn 0.000000 0.000000 -100.000000
vn 0.000000 0.000000 -100.000000
vn 0.000000 0.000000 -100.000000
vn 0.000000 0.000000 -100.000000
vn 0.000000 0.000000 -100.000000
vn 0.000000 0.000000 -100.000000
vn 0.000000 0.000000 -100.000000
vn 0.000000 0.000000 -100.000000
vn 0.000000 0.000000 -100.000000
vn 0.000000 0.000000 -100.000000
vn 0.000000 0.000000 -100.000000
vn 0.000000 0.000000 -100.000000
vn 0.000000 0.000000 -100.000000
vn 0.000000 0.000000 -100.000000
vn 0.000000 0.000000 -100.000000
vn 0.000000 0.000000 -100.000000
vn 0.000000 0.000000 -100.000000
vn 0.000000 0.000000 -100.000000
vn 0.000000 0.000000 -100.000000
vn 0.000000 0.000000 -100.000000
vn 0.000000 0.000000 -100.000000
vn 0.000000 0.000000 -100.000000
vn 0.000000 0.000000 -100.000000
vn 0.000000 0.000000 -100.000000
vn 0.000000 0.000000 -100.000000
vn 0.000000 0.000000 -100.000000
vn 0.000000 0.000000 -100.000000
vn 0.000000 0.000000 -100.000000
vn 0.000000 0.000000 -100.000000
vn 0.000000 0.000000 -100.000000
vn 0.000000 0.000000 -100.000000
vn 0.000000 0.000000 -100.000000
vn 0.000000 0.000000 -100.000000
vn 0.000000 0.000000 -100.000000
vn 0.000000 0.000000 -100.000000
vn 0.000000 0.000000 -100.000000
vn 0.000000 0.000000 -100.000000
vn 0.000000 0.000000 -100.000000
vn 0.000000 0.000000 -100.000000
vn 0.000000 0.000000 -100.000000
vn 0.000000 0.000000 -100.000000
vn 0.000000 0.000000 -100.000000
vn 0.000000 0.000000 -100.000000
vn 0.000000 0.000000 -100.000000
vn 0.000000 0.000000 -100.000000
vn 0.000000 0.000000 -100.000000
vn 0.000000 0.000000 -100.000000
vn 0.000000 0.000000 -100.000000
vn 0.000000 0.000000 -100.000000
vn 98.480775 17.364818 0.000000
vn 98.480775 17.364818 0.000000
vn 100.000000 0.000000 0.000000
vn 100.000000 0.000000 0.000000
vn 98.480775 -17.364818 0.000000
vn 98.480775 -17.364818 0.000000
vn 93.969262 -34.202014 0.000000
vn 93.969262 34.202014 0.000000
vn 93.969262 34.202014 0.000000
vn 86.602540 50.000000 0.000000
vn 86.602540 50.000000 0.000000
vn 76.604444 64.278761 0.000000
vn 76.604444 64.278761 0.000000
vn 64.278761 76.604444 0.000000
vn 64.278761 76.604444 0.000000
vn 50.000000 86.602540 0.000000
vn 50.000000 86.602540 0.000000
vn 34.202014 93.969262 0.000000
vn 34.202014 93.969262 0.000000
vn 17.364818 98.480775 0.000000
vn 17.364818 98.480775 0.000000
vn -0.000000 100.000000 0.000000
vn -0.000000 100.000000 0.000000
vn -17.364818 98.480775 0.000000
vn -17.364818 98.480775 0.000000
vn -34.202014 93.969262 0.000000
vn -34.202014 93.969262 0.000000
vn -50.000000 86.602540 0.000000
vn -50.000000 86.602540 0.000000
vn -64.278761 76.604444 0.000000
vn -64.278761 76.604444 0.000000
vn -76.604444 64.278761 0.000000
vn -76.604444 64.278761 0.000000
vn -86.602540 50.000000 0.000000
vn -86.602540 50.000000 0.000000
vn -93.969262 34.202014 0.000000
vn -93.969262 34.202014 0.000000
vn -98.480775 17.364818 0.000000
vn -98.480775 17.364818 0.000000
vn -100.000000 0.000000 0.000000
vn -100.000000 0.000000 0.000000
vn -98.480775 -17.364818 0.000000
vn -98.480775 -17.364818 0.000000
vn -93.969262 -34.202014 0.000000
vn -93.969262 -34.202014 0.000000
vn -86.602540 -50.000000 0.000000
vn -86.602540 -50.000000 0.000000
vn -76.604444 -64.278761 0.000000
vn -76.604444 -64.278761 0.000000
vn -64.278761 -76.604444 0.000000
vn -64.278761 -76.604444 0.000000
vn -50.000000 -86.602540 0.000000
vn -50.000000 -86.602540 0.000000
vn -34.202014 -93.969262 0.000000
vn -34.202014 -93.969262 0.000000
vn -17.364818 -98.480775 0.000000
vn -17.364818 -98.480775 0.000000
vn -0.000000 -100.000000 0.000000
vn -0.000000 -100.000000 0.000000
vn 17.364818 -98.480775 0.000000
vn 17.364818 -98.480775 0.000000
vn 34.202014 -93.969262 0.000000
vn 34.202014 -93.969262 0.000000
vn 50.000000 -86.602540 0.000000
vn 50.000000 -86.602540 0.000000
vn 64.278761 -76.604444 0.000000
vn 64.278761 -76.604444 0.000000
vn 76.604444 -64.278761 0.000000
vn 76.604444 -64.278761 0.000000
vn 86.602540 -50.000000 0.000000
vn 86.602540 -50.000000 0.000000
vn 93.969262 -34.202014 0.000000
vn 0.000000 0.000000 -100.000000
vn 0.000000 0.000000 -100.000000
vn 0.000000 0.000000 -100.000000
vn 0.000000 0.000000 -100.000000
vn 0.000000 0.000000 -100.000000
vn 0.000000 0.000000 -100.000000
vn 0.000000 0.000000 -100.000000
vn 0.000000 0.000000 -100.000000
vn 0.000000 0.000000 -100.000000
vn 0.000000 0.000000 -100.000000
vn 0.000000 0.000000 -100.000000
vn 0.000000 0.000000 -100.000000
vn 0.000000 0.000000 -100.000000
vn 0.000000 0.000000 -100.000000
vn 0.000000 0.000000 -100.000000
vn 0.000000 0.000000 -100.000000
vn 0.000000 0.000000 -100.000000
vn 0.000000 0.000000 -100.000000
vn 0.000000 0.000000 -100.000000
vn 0.000000 0.000000 -100.000000
vn 0.000000 0.000000 -100.000000
vn 0.000000 0.000000 -100.000000
vn 0.000000 0.000000 -100.000000
vn 0.000000 0.000000 -100.000000
vn 0.000000 0.000000 -100.000000
vn 0.000000 0.000000 -100.000000
vn 0.000000 0.000000 -100.000000
vn 0.000000 0.000000 -100.000000
vn 0.000000 0.000000 -100.000000
vn 0.000000 0.000000 -100.000000
vn 0.000000 0.000000 -100.000000
vn 0.000000 0.000000 -100.000000
vn 0.000000 0.000000 -100.000000
vn 0.000000 0.000000 -100.000000
vn 0.000000 0.000000 -100.000000
vn 0.000000 0.000000 -100.000000
vn 0.000000 0.000000 -100.000000
vn 0.000000 0.000000 -100.000000
vn 0.000000 0.000000 -100.000000
vn 0.000000 0.000000 -100.000000
vn 0.000000 0.000000 -100.000000
vn 0.000000 0.000000 -100.000000
vn 0.000000 0.000000 -100.000000
vn 0.000000 0.000000 -100.000000
vn 0.000000 0.000000 -100.000000
vn 0.000000 0.000000 -100.000000
vn 0.000000 0.000000 -100.000000
vn 0.000000 0.000000 -100.000000
vn 0.000000 0.000000 -100.000000
vn 0.000000 0.000000 -100.000000
vn 0.000000 0.000000 -100.000000
vn 0.000000 0.000000 -100.000000
vn 0.000000 0.000000 -100.000000
vn 0.000000 0.000000 -100.000000
vn 0.000000 0.000000 -100.000000
vn 0.000000 0.000000 -100.000000
vn 0.000000 0.000000 -100.000000
vn 0.000000 0.000000 -100.000000
vn 0.000000 0.000000 -100.000000
vn 0.000000 0.000000 -100.000000
vn 0.000000 0.000000 -100.000000
vn 0.000000 0.000000 -100.000000
vn 98.480775 17.364818 0.000000
vn 98.480775 17.364818 0.000000
vn 100.000000 0.000000 0.000000
vn 100.000000 0.000000 0.000000
vn 98.480775 -17.364818 0.000000
vn 98.480775 -17.364818 0.000000
vn 93.969262 -34.202014 0.000000
vn 93.969262 34.202014 0.000000
vn 93.969262 34.202014 0.000000
vn 86.602540 50.000000 0.000000
vn 86.602540 50.000000 0.000000
vn 76.604444 64.278761 0.000000
vn 76.604444 64.278761 0.000000
vn 64.278761 76.604444 0.000000
vn 64.278761 76.604444 0.000000
vn 50.000000 86.602540 0.000000
vn 50.000000 86.602540 0.000000
vn 34.202014 93.969262 0.000000
vn 34.202014 93.969262 0.000000
vn 17.364818 98.480775 0.000000
vn 17.364818 98.480775 0.000000
vn -0.000000 100.000000 0.000000
vn -0.000000 100.000000 0.000000
vn -17.364818 98.480775 0.000000
vn -17.364818 98.480775 0.000000
vn -34.202014 93.969262 0.000000
vn -34.202014 93.969262 0.000000
vn -50.000000 86.602540 0.000000
vn -50.000000 86.602540 0.000000
vn -64.278761 76.604444 0.000000
vn -64.278761 76.604444 0.000000
vn -76.604444 64.278761 0.000000
vn -76.604444 64.278761 0.000000
vn -86.602540 50.000000 0.000000
vn -86.602540 50.000000 0.000000
vn -93.969262 34.202014 0.000000
vn -93.969262 34.202014 0.000000
vn -98.480775 17.364818 0.000000
vn -98.480775 17.364818 0.000000
vn -100.000000 0.000000 0.000000
vn -100.000000 0.000000 0.000000
vn -98.480775 -17.364818 0.000000
vn -98.480775 -17.364818 0.000000
vn -93.969262 -34.202014 0.000000
vn -93.969262 -34.202014 0.000000
vn -86.602540 -50.000000 0.000000
vn -86.602540 -50.000000 0.000000
vn -76.604444 -64.278761 0.000000
vn -76.604444 -64.278761 0.000000
vn -64.278761 -76.604444 0.000000
vn -64.278761 -76.604444 0.000000
vn -50.000000 -86.602540 0.000000
vn -50.000000 -86.602540 0.000000
vn -34.202014 -93.969262 0.000000
vn -34.202014 -93.969262 0.000000
vn -17.364818 -98.480775 0.000000
vn -17.364818 -98.480775 0.000000
vn -0.000000 -100.000000 0.000000
vn -0.000000 -100.000000 0.000000
vn 17.364818 -98.480775 0.000000
vn 17.364818 -98.480775 0.000000
vn 34.202014 -93.969262 0.000000
vn 34.202014 -93.969262 0.000000
vn 50.000000 -86.602540 0.000000
vn 50.000000 -86.602540 0.000000
vn 64.278761 -76.604444 0.000000
vn 64.278761 -76.604444 0.000000
vn 76.604444 -64.278761 0.000000
vn 76.604444 -64.278761 0.000000
vn 86.602540 -50.000000 0.000000
vn 86.602540 -50.000000 0.000000
vn 93.969262 -34.202014 0.000000
vn 0.000000 0.000000 -100.000000
vn 0.000000 0.000000 -100.000000
vn 0.000000 0.000000 -100.000000
vn 0.000000 0.000000 -100.000000
vn 0.000000 0.000000 -100.000000
vn 0.000000 0.000000 -100.000000
vn 0.000000 0.000000 -100.000000
vn 0.000000 0.000000 -100.000000
vn 0.000000 0.000000 -100.000000
vn 0.000000 0.000000 -100.000000
vn 0.000000 0.000000 -100.000000
vn 0.000000 0.000000 -100.000000
vn 0.000000 0.000000 -100.000000
vn 0.000000 0.000000 -100.000000
vn 0.000000 0.000000 -100.000000
vn 0.000000 0.000000 -100.000000
vn 0.000000 0.000000 -100.000000
vn 0.000000 0.000000 -100.000000
vn 0.000000 0.000000 -100.000000
vn 0.000000 0.000000 -100.000000
vn 0.000000 0.000000 -100.000000
vn 0.000000 0.000000 -100.000000
vn 0.000000 0.000000 -100.000000
vn 0.000000 0.000000 -100.000000
vn 0.000000 0.000000 -100.000000
vn 0.000000 0.000000 -100.000000
vn 0.000000 0.000000 -100.000000
vn 0.000000 0.000000 -100.000000
vn 0.000000 0.000000 -100.000000
vn 0.000000 0.000000 -100.000000
vn 0.000000 0.000000 -100.000000
vn 0.000000 0.000000 -100.000000
vn 0.000000 0.000000 -100.000000
vn 0.000000 0.000000 -100.000000
vn 0.000000 0.000000 -100.000000
vn 0.000000 0.000000 -100.000000
vn 0.000000 0.000000 -100.000000
vn 0.000000 0.000000 -100.000000
vn 0.000000 0.000000 -100.000000
vn 0.000000 0.000000 -100.000000
vn 0.000000 0.000000 -100.000000
vn 0.000000 0.000000 -100.000000
vn 0.000000 0.000000 -100.000000
vn 0.000000 0.000000 -100.000000
vn 0.000000 0.000000 -100.000000
vn 0.000000 0.000000 -100.000000
vn 0.000000 0.000000 -100.000000
vn 0.000000 0.000000 -100.000000
vn 0.000000 0.000000 -100.000000
vn 0.000000 0.000000 -100.000000
vn 0.000000 0.000000 -100.000000
vn 0.000000 0.000000 -100.000000
vn 0.000000 0.000000 -100.000000
vn 0.000000 0.000000 -100.000000
vn 0.000000 0.000000 -100.000000
vn 0.000000 0.000000 -100.000000
vn 0.000000 0.000000 -100.000000
vn 0.000000 0.000000 -100.000000
vn 0.000000 0.000000 -100.000000
vn 0.000000 0.000000 -100.000000
vn 0.000000 0.000000 -100.000000
vn 0.000000 0.000000 -100.000000
vn 98.480775 17.364818 0.000000
vn 98.480775 17.364818 0.000000
vn 100.000000 0.000000 0.000000
vn 100.000000 0.000000 0.000000
vn 98.480775 -17.364818 0.000000
vn 98.480775 -17.364818 0.000000
vn 93.969262 -34.202014 0.000000
vn 93.969262 34.202014 0.000000
vn 93.969262 34.202014 0.000000
vn 86.602540 50.000000 0.000000
vn 86.602540 50.000000 0.000000
vn 76.604444 64.278761 0.000000
vn 76.604444 64.278761 0.000000
vn 64.278761 76.604444 0.000000
vn 64.278761 76.604444 0.000000
vn 50.000000 86.602540 0.000000
vn 50.000000 86.602540 0.000000
vn 34.202014 93.969262 0.000000
vn 34.202014 93.969262 0.000000
vn 17.364818 98.480775 0.000000
vn 17.364818 98.480775 0.000000
vn -0.000000 100.000000 0.000000
vn -0.000000 100.000000 0.000000
vn -17.364818 98.480775 0.000000
vn -17.364818 98.480775 0.000000
vn -34.202014 93.969262 0.000000
vn -34.202014 93.969262 0.000000
vn -50.000000 86.602540 0.000000
vn -50.000000 86.602540 0.000000
vn -64.278761 76.604444 0.000000
vn -64.278761 76.604444 0.000000
vn -76.604444 64.278761 0.000000
vn -76.604444 64.278761 0.000000
vn -86.602540 50.000000 0.000000
vn -86.602540 50.000000 0.000000
vn -93.969262 34.202014 0.000000
vn -93.969262 34.202014 0.000000
vn -98.480775 17.364818 0.000000
vn -98.480775 17.364818 0.000000
vn -100.000000 0.000000 0.000000
vn -100.000000 0.000000 0.000000
vn -98.480775 -17.364818 0.000000
vn -98.480775 -17.364818 0.000000
vn -93.969262 -34.202014 0.000000
vn -93.969262 -34.202014 0.000000
vn -86.602540 -50.000000 0.000000
vn -86.602540 -50.000000 0.000000
vn -76.604444 -64.278761 0.000000
vn -76.604444 -64.278761 0.000000
vn -64.278761 -76.604444 0.000000
vn -64.278761 -76.604444 0.000000
vn -50.000000 -86.602540 0.000000
vn -50.000000 -86.602540 0.000000
vn -34.202014 -93.969262 0.000000
vn -34.202014 -93.969262 0.000000
vn -17.364818 -98.480775 0.000000
vn -17.364818 -98.480775 0.000000
vn -0.000000 -100.000000 0.000000
vn -0.000000 -100.000000 0.000000
vn 17.364818 -98.480775 0.000000
vn 17.364818 -98.480775 0.000000
vn 34.202014 -93.969262 0.000000
vn 34.202014 -93.969262 0.000000
vn 50.000000 -86.602540 0.000000
vn 50.000000 -86.602540 0.000000
vn 64.278761 -76.604444 0.000000
vn 64.278761 -76.604444 0.000000
vn 76.604444 -64.278761 0.000000
vn 76.604444 -64.278761 0.000000
vn 86.602540 -50.000000 0.000000
vn 86.602540 -50.000000 0.000000
vn 93.969262 -34.202014 0.000000
vn 0.000000 0.000000 -100.000000
vn 0.000000 0.000000 -100.000000
vn 0.000000 0.000000 -100.000000
vn 0.000000 0.000000 -100.000000
vn 0.000000 0.000000 -100.000000
vn 0.000000 0.000000 -100.000000
vn 0.000000 0.000000 -100.000000
vn 0.000000 0.000000 -100.000000
vn 0.000000 0.000000 -100.000000
vn 0.000000 0.000000 -100.000000
vn 0.000000 0.000000 -100.000000
vn 0.000000 0.000000 -100.000000
vn 0.000000 0.000000 -100.000000
vn 0.000000 0.000000 -100.000000
vn 0.000000 0.000000 -100.000000
vn 0.000000 0.000000 -100.000000
vn 0.000000 0.000000 -100.000000
vn 0.000000 0.000000 -100.000000
vn 0.000000 0.000000 -100.000000
vn 0.000000 0.000000 -100.000000
vn 0.000000 0.000000 -100.000000
vn 0.000000 0.000000 -100.000000
vn 0.000000 0.000000 -100.000000
vn 0.000000 0.000000 -100.000000
vn 0.000000 0.000000 -100.000000
vn 0.000000 0.000000 -100.000000
vn 0.000000 0.000000 -100.000000
vn 0.000000 0.000000 -100.000000
vn 0.000000 0.000000 -100.000000
vn 0.000000 0.000000 -100.000000
vn 0.000000 0.000000 -100.000000
vn 0.000000 0.000000 -100.000000
vn 0.000000 0.000000 -100.000000
vn 0.000000 0.000000 -100.000000
vn 0.000000 0.000000 -100.000000
vn 0.000000 0.000000 -100.000000
vn 0.000000 0.000000 -100.000000
vn 0.000000 0.000000 -100.000000
vn 0.000000 0.000000 -100.000000
vn 0.000000 0.000000 -100.000000
vn 0.000000 0.000000 -100.000000
vn 0.000000 0.000000 -100.000000
vn 0.000000 0.000000 -100.000000
vn 0.000000 0.000000 -100.000000
vn 0.000000 0.000000 -100.000000
vn 0.000000 0.000000 -100.000000
vn 0.000000 0.000000 -100.000000
vn 0.000000 0.000000 -100.000000
vn 0.000000 0.000000 -100.000000
vn 0.000000 0.000000 -100.000000
vn 0.000000 0.000000 -100.000000
vn 0.000000 0.000000 -100.000000
vn 0.000000 0.000000 -100.000000
vn 0.000000 0.000000 -100.000000
vn 0.000000 0.000000 -100.000000
vn 0.000000 0.000000 -100.000000
vn 0.000000 0.000000 -100.000000
vn 0.000000 0.000000 -100.000000
vn 0.000000 0.000000 -100.000000
vn 0.000000 0.000000 -100.000000
vn 0.000000 0.000000 -100.000000
vn 0.000000 0.000000 -100.000000
vn 0.000000 0.000000 -100.000000
vn 0.000000 0.000000 -100.000000
vn 0.000000 0.000000 -100.000000
vn 0.000000 0.000000 -100.000000
vn 0.000000 0.000000 -100.000000
vn 0.000000 0.000000 -100.000000
vn 0.000000 0.000000 -100.000000
vn 0.000000 0.000000 -100.000000
vn 0.000000 0.000000 -100.000000
vn 0.000000 0.000000 -100.000000
vn 0.000000 0.000000 -100.000000
vn 0.000000 0.000000 -100.000000
vn 0.000000 0.000000 -100.000000
vn 0.000000 0.000000 -100.000000
vn 0.000000 0.000000 -100.000000
vn 0.000000 0.000000 -100.000000
vn 0.000000 0.000000 -100.000000
vn 0.000000 0.000000 -100.000000
vn 0.000000 0.000000 -100.000000
vn 0.000000 0.000000 -100.000000
vn 0.000000 0.000000 -100.000000
vn 0.000000 0.000000 -100.000000
vn 0.000000 0.000000 -100.000000
vn 0.000000 0.000000 -100.000000
vn 0.000000 0.000000 -100.000000
vn 0.000000 0.000000 -100.000000
vn 0.000000 0.000000 -100.000000
vn 0.000000 0.000000 -100.000000
vn 0.000000 0.000000 -100.000000
vn 0.000000 0.000000 -100.000000
vn 0.000000 0.000000 -100.000000
vn 0.000000 0.000000 -100.000000
vn 0.000000 0.000000 -100.000000
vn 0.000000 0.000000 -100.000000
vn 0.000000 0.000000 -100.000000
vn 0.000000 0.000000 -100.000000
vn 0.000000 0.000000 -100.000000
vn 0.000000 0.000000 -100.000000
vn 0.000000 0.000000 -100.000000
vn 0.000000 0.000000 -100.000000
vn 0.000000 0.000000 -100.000000
vn 0.000000 0.000000 -100.000000
vn 0.000000 0.000000 -100.000000
vn 0.000000 0.000000 -100.000000
vn 0.000000 0.000000 -100.000000
vn 0.000000 0.000000 -100.000000
vn 0.000000 0.000000 -100.000000
vn 0.000000 0.000000 -100.000000
vn 0.000000 0.000000 -100.000000
vn 0.000000 0.000000 -100.000000
vn 0.000000 0.000000 -100.000000
vn 0.000000 0.000000 -100.000000
vn 0.000000 0.000000 -100.000000
vn 0.000000 0.000000 -100.000000
vn 0.000000 0.000000 -100.000000
vn 0.000000 0.000000 -100.000000
vn 0.000000 0.000000 -100.000000
vn 0.000000 0.000000 -100.000000
vn 0.000000 0.000000 -100.000000
vn 0.000000 0.000000 -100.000000
vn 0.000000 0.000000 -100.000000
vn 0.000000 0.000000 -100.000000
vn 0.000000 0.000000 -100.000000
vn 0.000000 0.000000 -100.000000
vn 0.000000 0.000000 -100.000000
vn 0.000000 0.000000 -100.000000
vn 0.000000 0.000000 -100.000000
vn 0.000000 0.000000 -100.000000
vn 0.000000 0.000000 -100.000000
vn 0.000000 0.000000 -100.000000
vn 0.000000 0.000000 -100.000000
vn 0.000000 0.000000 -100.000000
vn 0.000000 0.000000 -100.000000
vn 0.000000 0.000000 -100.000000
vn 0.000000 0.000000 -100.000000
vn 0.000000 0.000000 -100.000000
vn 0.000000 0.000000 -100.000000
vn 0.000000 0.000000 -100.000000
vn 0.000000 0.000000 -100.000000
vn 0.000000 0.000000 -100.000000
vn 0.000000 0.000000 -100.000000
vn 0.000000 0.000000 -100.000000
vn 0.000000 0.000000 -100.000000
vn 0.000000 0.000000 -100.000000
vn 0.000000 0.000000 -100.000000
vn 0.000000 0.000000 -100.000000
vn 0.000000 0.000000 -100.000000
vn 0.000000 0.000000 -100.000000
vn 0.000000 0.000000 -100.000000
vn 0.000000 0.000000 -100.000000
vn 0.000000 0.000000 -100.000000
vn 0.000000 0.000000 -100.000000
vn 0.000000 0.000000 -100.000000
vn 0.000000 0.000000 -100.000000
vn 0.000000 0.000000 -100.000000
vn 0.000000 0.000000 -100.000000
vn 0.000000 0.000000 -100.000000
vn 0.000000 0.000000 -100.000000
vn 0.000000 0.000000 -100.000000
vn 0.000000 0.000000 -100.000000
vn 0.000000 0.000000 -100.000000
vn 0.000000 0.000000 -100.000000
vn 0.000000 0.000000 -100.000000
vn 0.000000 0.000000 -100.000000
vn 0.000000 0.000000 -100.000000
vn 0.000000 0.000000 -100.000000
vn 0.000000 0.000000 -100.000000
vn 0.000000 0.000000 -100.000000
vn 0.000000 0.000000 -100.000000
vn 0.000000 0.000000 -100.000000
vn 0.000000 0.000000 -100.000000
vn 0.000000 0.000000 -100.000000
vn 0.000000 0.000000 -100.000000
vn 0.000000 0.000000 -100.000000
vn 0.000000 0.000000 -100.000000
vn 0.000000 0.000000 -100.000000
vn 0.000000 0.000000 -100.000000
vn 0.000000 0.000000 -100.000000
vn 0.000000 0.000000 -100.000000
vn 0.000000 0.000000 -100.000000
vn 0.000000 0.000000 -100.000000
vn 0.000000 0.000000 -100.000000
vn 0.000000 0.000000 -100.000000
vn 0.000000 0.000000 -100.000000
vn 0.000000 0.000000 -100.000000
vn 0.000000 0.000000 -100.000000
vn 0.000000 0.000000 -100.000000
vn 0.000000 0.000000 -100.000000
vn 0.000000 0.000000 -100.000000
vn 0.000000 0.000000 -100.000000
vn 0.000000 0.000000 -100.000000
vn 0.000000 0.000000 -100.000000
vn 0.000000 0.000000 -100.000000
vn 0.000000 0.000000 -100.000000
vn 0.000000 0.000000 -100.000000
vn 0.000000 0.000000 -100.000000
vn 0.000000 0.000000 -100.000000
vn 0.000000 0.000000 -100.000000
vn 0.000000 0.000000 -100.000000
vn 0.000000 0.000000 -100.000000
vn 0.000000 0.000000 -100.000000
vn 0.000000 0.000000 -100.000000
vn 0.000000 0.000000 -100.000000
vn 0.000000 0.000000 -100.000000
vn 0.000000 0.000000 -100.000000
vn 0.000000 0.000000 -100.000000
vn 0.000000 0.000000 -100.000000
vn 0.000000 0.000000 -100.000000
vn 0.000000 0.000000 -100.000000
vn 0.000000 0.000000 -100.000000
vn 0.000000 0.000000 -100.000000
vn 0.000000 0.000000 -100.000000
vn 0.000000 0.000000 -100.000000
vn 0.000000 0.000000 -100.000000
vn 0.000000 0.000000 -100.000000
vn 0.000000 0.000000 -100.000000
vn 0.000000 0.000000 -100.000000
vn 0.000000 0.000000 -100.000000
vn 0.000000 0.000000 -100.000000
vn 0.000000 0.000000 -100.000000
vn 0.000000 0.000000 -100.000000
vn 0.000000 0.000000 -100.000000
vn 0.000000 0.000000 -100.000000
vn 0.000000 0.000000 -100.000000
vn 0.000000 0.000000 -100.000000
vn 0.000000 0.000000 -100.000000
vn 0.000000 0.000000 -100.000000
vn 0.000000 0.000000 -100.000000
vn 0.000000 0.000000 -100.000000
vn 0.000000 0.000000 -100.000000
vn 0.000000 0.000000 -100.000000
vn 0.000000 0.000000 -100.000000
vn 0.000000 0.000000 -100.000000
vn 0.000000 0.000000 -100.000000
vn 0.000000 0.000000 -100.000000
vn 0.000000 0.000000 -100.000000
vn 0.000000 0.000000 -100.000000
vn 0.000000 0.000000 -100.000000
vn 0.000000 0.000000 -100.000000
vn 0.000000 0.000000 -100.000000
vn 0.000000 0.000000 -100.000000
vn 0.000000 0.000000 -100.000000
vn 0.000000 0.000000 -100.000000
vn 0.000000 0.000000 -100.000000
vn 0.000000 0.000000 -100.000000
vn 0.000000 0.000000 -100.000000
vn 0.000000 0.000000 -100.000000
vn 0.000000 0.000000 -100.000000
vn 0.000000 0.000000 -100.000000
vn 0.000000 0.000000 -100.000000
vn 0.000000 0.000000 -100.000000
vn 0.000000 0.000000 -100.000000
vn 0.000000 0.000000 -100.000000
vn 0.000000 0.000000 -100.000000
vn 0.000000 0.000000 -100.000000
vn 0.000000 0.000000 -100.000000
vn 0.000000 0.000000 -100.000000
vn 0.000000 0.000000 -100.000000
vn 0.000000 0.000000 -100.000000
vn 0.000000 0.000000 -100.000000
vn 0.000000 0.000000 -100.000000
vn 0.000000 0.000000 -100.000000
vn 0.000000 0.000000 -100.000000
vn 0.000000 0.000000 -100.000000
vn 0.000000 0.000000 -100.000000
vn 0.000000 0.000000 -100.000000
vn 0.000000 0.000000 -100.000000
vn 0.000000 0.000000 -100.000000
vn 0.000000 0.000000 -100.000000
vn 0.000000 0.000000 -100.000000
vn 0.000000 0.000000 -100.000000
vn 0.000000 0.000000 -100.000000
vn 0.000000 0.000000 -100.000000
vn 0.000000 0.000000 -100.000000
vn 0.000000 0.000000 -100.000000
vn 0.000000 0.000000 -100.000000
vn 0.000000 0.000000 -100.000000
vn 0.000000 0.000000 -100.000000
vn 0.000000 0.000000 -100.000000
vn 0.000000 0.000000 -100.000000
vn 0.000000 0.000000 -100.000000
vn 0.000000 0.000000 -100.000000
vn 0.000000 0.000000 -100.000000
vn 0.000000 0.000000 -100.000000
vn 0.000000 0.000000 -100.000000
vn 0.000000 0.000000 -100.000000
vn 0.000000 0.000000 -100.000000
vn 0.000000 0.000000 -100.000000
vn 0.000000 0.000000 -100.000000
vn 0.000000 0.000000 -100.000000
vn 0.000000 0.000000 -100.000000
vn 0.000000 0.000000 -100.000000
vn 0.000000 0.000000 -100.000000
vn 0.000000 0.000000 -100.000000
vn 0.000000 0.000000 -100.000000
vn 0.000000 0.000000 -100.000000
vn 0.000000 0.000000 -100.000000
vn 0.000000 0.000000 -100.000000
vn 0.000000 0.000000 -100.000000
vn 0.000000 0.000000 -100.000000
vn 0.000000 0.000000 -100.000000
vn 0.000000 0.000000 -100.000000
vn 0.000000 0.000000 -100.000000
vn 0.000000 0.000000 -100.000000
vn 0.000000 0.000000 -100.000000
vn 0.000000 0.000000 -100.000000
vn 0.000000 0.000000 -100.000000
vn 0.000000 0.000000 -100.000000
vn 0.000000 0.000000 -100.000000
vn 0.000000 0.000000 -100.000000
vn 0.000000 0.000000 -100.000000
vn 0.000000 0.000000 -100.000000
vn 0.000000 0.000000 -100.000000
vn 0.000000 0.000000 -100.000000
vn 0.000000 0.000000 -100.000000
vn 0.000000 0.000000 -100.000000
vn 0.000000 0.000000 -100.000000
vn 0.000000 0.000000 -100.000000
vn 0.000000 0.000000 -100.000000
vn 0.000000 0.000000 -100.000000
vn 0.000000 0.000000 -100.000000
vn 0.000000 0.000000 -100.000000
vn 0.000000 0.000000 -100.000000
vn 0.000000 0.000000 -100.000000
vn 0.000000 0.000000 -100.000000
vn 0.000000 0.000000 -100.000000
vn 0.000000 0.000000 -100.000000
vn 0.000000 0.000000 -100.000000
vn 0.000000 0.000000 -100.000000
vn 0.000000 0.000000 -100.000000
vn 0.000000 0.000000 -100.000000
vn 0.000000 0.000000 -100.000000
vn 0.000000 0.000000 -100.000000
vn 0.000000 0.000000 -100.000000
vn 0.000000 0.000000 -100.000000
vn 0.000000 0.000000 -100.000000
vn 0.000000 0.000000 -100.000000
vn 0.000000 0.000000 -100.000000
vn 0.000000 0.000000 -100.000000
vn 0.000000 0.000000 -100.000000
vn 0.000000 0.000000 -100.000000
vn 0.000000 0.000000 -100.000000
vn 0.000000 0.000000 -100.000000
vn 0.000000 0.000000 -100.000000
vn 0.000000 0.000000 -100.000000
vn 0.000000 0.000000 -100.000000
vn 0.000000 0.000000 -100.000000
vn 0.000000 0.000000 -100.000000
vn 0.000000 0.000000 -100.000000
vn 0.000000 0.000000 -100.000000
vn 0.000000 0.000000 -100.000000
vn 0.000000 0.000000 -100.000000
vn 0.000000 0.000000 -100.000000
vn 0.000000 0.000000 -100.000000
vn 0.000000 0.000000 -100.000000
vn 0.000000 0.000000 -100.000000
vn 0.000000 0.000000 -100.000000
vn 0.000000 0.000000 -100.000000
vn 0.000000 0.000000 -100.000000
vn 0.000000 0.000000 -100.000000
vn 0.000000 0.000000 -100.000000
vn 0.000000 0.000000 -100.000000
vn 0.000000 0.000000 -100.000000
vn 0.000000 0.000000 -100.000000
vn 0.000000 0.000000 -100.000000
vn 0.000000 0.000000 -100.000000
vn 0.000000 0.000000 -100.000000
vn 0.000000 0.000000 -100.000000
vn 0.000000 0.000000 -100.000000
vn 0.000000 0.000000 -100.000000
vn 0.000000 0.000000 -100.000000
vn 0.000000 0.000000 -100.000000
vn 0.000000 0.000000 -100.000000
vn 0.000000 0.000000 -100.000000
vn 0.000000 0.000000 -100.000000
vn 0.000000 0.000000 -100.000000
vn 0.000000 0.000000 -100.000000
vn 0.000000 0.000000 -100.000000
vn 0.000000 0.000000 -100.000000
vn 0.000000 0.000000 -100.000000
vn 0.000000 0.000000 -100.000000
vn 0.000000 0.000000 -100.000000
vn 0.000000 0.000000 -100.000000
vn 0.000000 0.000000 -100.000000
vn 0.000000 0.000000 -100.000000
vn 0.000000 0.000000 -100.000000
vn 0.000000 0.000000 -100.000000
vn 0.000000 0.000000 -100.000000
vn 0.000000 0.000000 -100.000000
vn 0.000000 0.000000 -100.000000
vn 0.000000 0.000000 -100.000000
vn 0.000000 0.000000 -100.000000
vn 0.000000 0.000000 -100.000000
vn 0.000000 0.000000 -100.000000
vn 0.000000 0.000000 -100.000000
vn 0.000000 0.000000 -100.000000
vn 0.000000 0.000000 -100.000000
vn 0.000000 0.000000 -100.000000
vn 0.000000 0.000000 -100.000000
vn 0.000000 0.000000 -100.000000
vn 0.000000 0.000000 -100.000000
vn 0.000000 0.000000 -100.000000
vn 0.000000 0.000000 -100.000000
vn 0.000000 0.000000 -100.000000
vn 0.000000 0.000000 -100.000000
vn 0.000000 0.000000 -100.000000
vn 0.000000 0.000000 -100.000000
vn 0.000000 0.000000 -100.000000
vn 0.000000 0.000000 -100.000000
vn 0.000000 0.000000 -100.000000
vn 0.000000 0.000000 -100.000000
vn 0.000000 0.000000 -100.000000
vn 0.000000 0.000000 -100.000000
vn 0.000000 0.000000 -100.000000
vn 0.000000 0.000000 -100.000000
vn 0.000000 0.000000 -100.000000
vn 0.000000 0.000000 -100.000000
vn -99.270887 -12.053668 0.000000
vn -99.270887 -12.053668 0.000000
vn -100.000000 -0.000000 0.000000
vn -100.000000 -0.000000 0.000000
vn -99.270887 12.053668 0.000000
vn -99.270887 12.053668 0.000000
vn -97.094182 23.931566 0.000000
vn -97.094182 23.931566 0.000000
vn -93.501624 35.460489 0.000000
vn -93.501624 35.460489 0.000000
vn -88.545603 46.472317 0.000000
vn -88.545603 46.472317 0.000000
vn -82.298387 56.806475 0.000000
vn -82.298387 56.806475 0.000000
vn -74.851075 66.312266 0.000000
vn -74.851075 66.312266 0.000000
vn -66.312266 74.851075 0.000000
vn -66.312266 74.851075 0.000000
vn -56.806475 82.298387 0.000000
vn -56.806475 82.298387 0.000000
vn -46.472317 88.545603 0.000000
vn -46.472317 88.545603 0.000000
vn -35.460489 93.501624 0.000000
vn -35.460489 93.501624 0.000000
vn -23.931566 97.094182 0.000000
vn -23.931566 97.094182 0.000000
vn -12.053668 99.270887 0.000000
vn -12.053668 99.270887 0.000000
vn 0.000000 100.000000 0.000000
vn 0.000000 100.000000 0.000000
vn 12.053668 99.270887 0.000000
vn 12.053668 99.270887 0.000000
vn 23.931566 97.094182 0.000000
vn 23.931566 97.094182 0.000000
vn 35.460489 93.501624 0.000000
vn 35.460489 93.501624 0.000000
vn 46.472317 88.545603 0.000000
vn 46.472317 88.545603 0.000000
vn 56.806475 82.298387 0.000000
vn 56.806475 82.298387 0.000000
vn 66.312266 74.851075 0.000000
vn 66.312266 74.851075 0.000000
vn 74.851075 66.312266 0.000000
vn 74.851075 66.312266 0.000000
vn 82.298387 56.806475 0.000000
vn 82.298387 56.806475 0.000000
vn 88.545603 46.472317 0.000000
vn 88.545603 46.472317 0.000000
vn 93.501624 35.460489 0.000000
vn 93.501624 35.460489 0.000000
vn 97.094182 23.931566 0.000000
vn 97.094182 23.931566 0.000000
vn 99.270887 12.053668 0.000000
vn 99.270887 12.053668 0.000000
vn 100.000000 0.000000 0.000000
vn 100.000000 0.000000 0.000000
vn 99.270887 -12.053668 0.000000
vn 99.270887 -12.053668 0.000000
vn 97.094182 -23.931566 0.000000
vn 97.094182 -23.931566 0.000000
vn 93.501624 -35.460489 0.000000
vn 93.501624 -35.460489 0.000000
vn 88.545603 -46.472317 0.000000
vn 88.545603 -46.472317 0.000000
vn 82.298387 -56.806475 0.000000
vn 82.298387 -56.806475 0.000000
vn 74.851075 -66.312266 0.000000
vn 74.851075 -66.312266 0.000000
vn 66.312266 -74.851075 0.000000
vn 66.312266 -74.851075 0.000000
vn 56.806475 -82.298387 0.000000
vn 56.806475 -82.298387 0.000000
vn 46.472317 -88.545603 0.000000
vn 46.472317 -88.545603 0.000000
vn 35.460489 -93.501624 0.000000
vn 35.460489 -93.501624 0.000000
vn 23.931566 -97.094182 0.000000
vn 23.931566 -97.094182 0.000000
vn 12.053668 -99.270887 0.000000
vn 12.053668 -99.270887 0.000000
vn 0.000000 -100.000000 0.000000
vn 0.000000 -100.000000 0.000000
vn -12.053668 -99.270887 0.000000
vn -12.053668 -99.270887 0.000000
vn -23.931566 -97.094182 0.000000
vn -23.931566 -97.094182 0.000000
vn -35.460489 -93.501624 0.000000
vn -35.460489 -93.501624 0.000000
vn -46.472317 -88.545603 0.000000
vn -46.472317 -88.545603 0.000000
vn -56.806475 -82.298387 0.000000
vn -56.806475 -82.298387 0.000000
vn -66.312266 -74.851075 0.000000
vn -66.312266 -74.851075 0.000000
vn -74.851075 -66.312266 0.000000
vn -74.851075 -66.312266 0.000000
vn -82.298387 -56.806475 0.000000
vn -82.298387 -56.806475 0.000000
vn -88.545603 -46.472317 0.000000
vn -88.545603 -46.472317 0.000000
vn -93.501624 -35.460489 0.000000
vn -93.501624 -35.460489 0.000000
vn -97.094182 -23.931566 0.000000
vn -97.094182 -23.931566 0.000000
vn 0.000000 0.000000 100.000000
vn 0.000000 0.000000 100.000000
vn 0.000000 0.000000 100.000000
vn 0.000000 0.000000 100.000000
vn 0.000000 0.000000 100.000000
vn 0.000000 0.000000 100.000000
vn 0.000000 0.000000 100.000000
vn 0.000000 0.000000 100.000000
vn 0.000000 0.000000 100.000000
vn 0.000000 0.000000 100.000000
vn 0.000000 0.000000 100.000000
vn 0.000000 0.000000 100.000000
vn 0.000000 0.000000 100.000000
vn 0.000000 0.000000 100.000000
vn 0.000000 0.000000 100.000000
vn 0.000000 0.000000 100.000000
vn 0.000000 0.000000 100.000000
vn 0.000000 0.000000 100.000000
vn 0.000000 0.000000 100.000000
vn 0.000000 0.000000 100.000000
vn 0.000000 0.000000 100.000000
vn 0.000000 0.000000 100.000000
vn 0.000000 0.000000 100.000000
vn 0.000000 0.000000 100.000000
vn 0.000000 0.000000 100.000000
vn 0.000000 0.000000 100.000000
vn 0.000000 0.000000 100.000000
vn 0.000000 0.000000 100.000000
vn 0.000000 0.000000 100.000000
vn 0.000000 0.000000 100.000000
vn 0.000000 0.000000 100.000000
vn 0.000000 0.000000 100.000000
vn 0.000000 0.000000 100.000000
vn 0.000000 0.000000 100.000000
vn 0.000000 0.000000 100.000000
vn 0.000000 0.000000 100.000000
vn 0.000000 0.000000 100.000000
vn 0.000000 0.000000 100.000000
vn 0.000000 0.000000 100.000000
vn 0.000000 0.000000 100.000000
vn 0.000000 0.000000 100.000000
vn 0.000000 0.000000 100.000000
vn 0.000000 0.000000 100.000000
vn 0.000000 0.000000 100.000000
vn 0.000000 0.000000 100.000000
vn 0.000000 0.000000 100.000000
vn 0.000000 0.000000 100.000000
vn 0.000000 0.000000 100.000000
vn 0.000000 0.000000 100.000000
vn 0.000000 0.000000 100.000000
vn 0.000000 0.000000 100.000000
vn 0.000000 0.000000 100.000000
vn 0.000000 0.000000 100.000000
vn 0.000000 0.000000 100.000000
vn 0.000000 0.000000 100.000000
vn 0.000000 0.000000 100.000000
vn 0.000000 0.000000 100.000000
vn 0.000000 0.000000 100.000000
vn 0.000000 0.000000 100.000000
vn 0.000000 0.000000 100.000000
vn 0.000000 0.000000 100.000000
vn 0.000000 0.000000 100.000000
vn 0.000000 0.000000 100.000000
vn 0.000000 0.000000 100.000000
vn 0.000000 0.000000 100.000000
vn 0.000000 0.000000 100.000000
vn 0.000000 0.000000 100.000000
vn 0.000000 0.000000 100.000000
vn 0.000000 0.000000 100.000000
vn 0.000000 0.000000 100.000000
vn 0.000000 0.000000 100.000000
vn 0.000000 0.000000 100.000000
vn 0.000000 0.000000 100.000000
vn 0.000000 0.000000 100.000000
vn 0.000000 0.000000 100.000000
vn 0.000000 0.000000 100.000000
vn 0.000000 0.000000 100.000000
vn 0.000000 0.000000 100.000000
vn 0.000000 0.000000 100.000000
vn 0.000000 0.000000 100.000000
vn 0.000000 0.000000 100.000000
vn 0.000000 0.000000 100.000000
vn 0.000000 0.000000 100.000000
vn 0.000000 0.000000 100.000000
vn -41.005271 91.206183 0.000000
vn -41.005271 91.206183 0.000000
vn -36.987885 92.907999 0.000000
vn -36.987885 92.907999 0.000000
vn -32.900091 94.432960 0.000000
vn -32.900091 94.432960 0.000000
vn -28.749669 95.778163 0.000000
vn -28.749669 95.778163 0.000000
vn -24.544521 96.941046 0.000000
vn -24.544521 96.941046 0.000000
vn -20.292651 97.919397 0.000000
vn -20.292651 97.919397 0.000000
vn -16.002153 98.711352 0.000000
vn -16.002153 98.711352 0.000000
vn 91.206183 41.005271 0.000000
vn 91.206183 41.005271 0.000000
vn 92.907999 36.987885 0.000000
vn 92.907999 36.987885 0.000000
vn 94.432960 32.900091 0.000000
vn 94.432960 32.900091 0.000000
vn 95.778163 28.749669 0.000000
vn 95.778163 28.749669 0.000000
vn 96.941046 24.544521 0.000000
vn 96.941046 24.544521 0.000000
vn 97.919397 20.292651 0.000000
vn 97.919397 20.292651 0.000000
vn 98.711352 16.002153 0.000000
vn 98.711352 16.002153 0.000000
vn 99.452190 10.452846 0.000000
vn 99.452190 10.452846 0.000000
vn 100.000000 0.000000 0.000000
vn 100.000000 0.000000 0.000000
vn 99.452190 -10.452846 0.000000
vn 99.452190 -10.452846 0.000000
vn 97.814760 -20.791169 0.000000
vn 97.814760 -20.791169 0.000000
vn 95.105652 -30.901699 0.000000
vn 95.105652 -30.901699 0.000000
vn 91.354546 -40.673664 0.000000
vn 91.354546 -40.673664 0.000000
vn 86.602540 -50.000000 0.000000
vn 86.602540 -50.000000 0.000000
vn 80.901699 -58.778525 0.000000
vn 80.901699 -58.778525 0.000000
vn 74.314483 -66.913061 0.000000
vn 74.314483 -66.913061 0.000000
vn 66.913061 -74.314483 0.000000
vn 66.913061 -74.314483 0.000000
vn 58.778525 -80.901699 0.000000
vn 58.778525 -80.901699 0.000000
vn 50.000000 -86.602540 0.000000
vn 50.000000 -86.602540 0.000000
vn 40.673664 -91.354546 0.000000
vn 40.673664 -91.354546 0.000000
vn 30.901699 -95.105652 0.000000
vn 30.901699 -95.105652 0.000000
vn 20.791169 -97.814760 0.000000
vn 20.791169 -97.814760 0.000000
vn 10.452846 -99.452190 0.000000
vn 10.452846 -99.452190 0.000000
vn -0.000000 -100.000000 0.000000
vn -0.000000 -100.000000 0.000000
vn -10.452846 -99.452190 0.000000
vn -10.452846 -99.452190 0.000000
vn -20.791169 -97.814760 0.000000
vn -20.791169 -97.814760 0.000000
vn -30.901699 -95.105652 0.000000
vn -30.901699 -95.105652 0.000000
vn -40.673664 -91.354546 0.000000
vn -40.673664 -91.354546 0.000000
vn -50.000000 -86.602540 0.000000
vn -50.000000 -86.602540 0.000000
vn -58.778525 -80.901699 0.000000
vn -58.778525 -80.901699 0.000000
vn -66.913061 -74.314483 0.000000
vn -66.913061 -74.314483 0.000000
vn -74.314483 -66.913061 0.000000
vn -74.314483 -66.913061 0.000000
vn -80.901699 -58.778525 0.000000
vn -80.901699 -58.778525 0.000000
vn -86.602540 -50.000000 0.000000
vn -86.602540 -50.000000 0.000000
vn -91.354546 -40.673664 0.000000
vn -91.354546 -40.673664 0.000000
vn -95.105652 -30.901699 0.000000
vn -95.105652 -30.901699 0.000000
vn -97.814760 -20.791169 0.000000
vn -97.814760 -20.791169 0.000000
vn -99.452190 -10.452846 0.000000
vn -99.452190 -10.452846 0.000000
vn -100.000000 0.000000 0.000000
vn -100.000000 0.000000 0.000000
vn -99.452190 10.452846 0.000000
vn -99.452190 10.452846 0.000000
vn -97.814760 20.791169 0.000000
vn -97.814760 20.791169 0.000000
vn -95.105652 30.901699 0.000000
vn -95.105652 30.901699 0.000000
vn -91.354546 40.673664 0.000000
vn -91.354546 40.673664 0.000000
vn -86.602540 50.000000 0.000000
vn -86.602540 50.000000 0.000000
vn -80.901699 58.778525 0.000000
vn -80.901699 58.778525 0.000000
vn -74.314483 66.913061 0.000000
vn -74.314483 66.913061 0.000000
vn -66.913061 74.314483 0.000000
vn -66.913061 74.314483 0.000000
vn -58.778525 80.901699 0.000000
vn -58.778525 80.901699 0.000000
vn -50.000000 86.602540 0.000000
vn -50.000000 86.602540 0.000000
vn -40.673664 91.354546 0.000000
vn -40.673664 91.354546 0.000000
vn -30.901699 95.105652 0.000000
vn -30.901699 95.105652 0.000000
vn -20.791169 97.814760 0.000000
vn -20.791169 97.814760 0.000000
vn -10.452846 99.452190 0.000000
vn -10.452846 99.452190 0.000000
vn -0.000000 100.000000 0.000000
vn -0.000000 100.000000 0.000000
vn 10.452846 99.452190 0.000000
vn 10.452846 99.452190 0.000000
vn 20.791169 97.814760 0.000000
vn 20.791169 97.814760 0.000000
vn 30.901699 95.105652 0.000000
vn 30.901699 95.105652 0.000000
vn 40.673664 91.354546 0.000000
vn 40.673664 91.354546 0.000000
vn 50.000000 86.602540 0.000000
vn 50.000000 86.602540 0.000000
vn 58.778525 80.901699 0.000000
vn 58.778525 80.901699 0.000000
vn 66.913061 74.314483 0.000000
vn 66.913061 74.314483 0.000000
vn 74.314483 66.913061 0.000000
vn 74.314483 66.913061 0.000000
vn 80.901699 58.778525 0.000000
vn 80.901699 58.778525 0.000000
vn 86.602540 50.000000 0.000000
vn 86.602540 50.000000 0.000000
vn 91.354546 40.673664 0.000000
vn 91.354546 40.673664 0.000000
vn 95.105652 30.901699 0.000000
vn 95.105652 30.901699 0.000000
vn 97.814760 20.791169 0.000000
vn 97.814760 20.791169 0.000000
vn -55.790273 82.990634 0.000000
vn -55.790273 82.990634 0.000000
vn -55.790273 82.990634 0.000000
vn -55.790273 82.990634 0.000000
vn -99.996274 0.863211 0.000000
vn -99.996274 0.863211 0.000000
vn -99.996274 0.863211 0.000000
vn -99.996274 0.863211 0.000000
vn 82.990634 55.790273 0.000000
vn 82.990634 55.790273 0.000000
vn 82.990634 55.790273 0.000000
vn 82.990634 55.790273 0.000000
vn 0.863211 99.996274 0.000000
vn 0.863211 99.996274 0.000000
vn 0.863211 99.996274 0.000000
vn 0.863211 99.996274 0.000000
vn 55.790273 -82.990634 0.000000
vn 55.790273 -82.990634 0.000000
vn 55.790273 -82.990634 0.000000
vn 55.790273 -82.990634 0.000000
vn 99.996274 -0.863211 0.000000
vn 99.996274 -0.863211 0.000000
vn 99.996274 -0.863211 0.000000
vn 99.996274 -0.863211 0.000000
vn -82.990634 -55.790273 0.000000
vn -82.990634 -55.790273 0.000000
vn -82.990634 -55.790273 0.000000
vn -82.990634 -55.790273 0.000000
vn -0.863211 -99.996274 0.000000
vn -0.863211 -99.996274 0.000000
vn -0.863211 -99.996274 0.000000
vn -0.863211 -99.996274 0.000000
vn 41.005271 -91.206183 0.000000
vn 41.005271 -91.206183 0.000000
vn 36.987885 -92.907999 0.000000
vn 36.987885 -92.907999 0.000000
vn 32.900091 -94.432960 0.000000
vn 32.900091 -94.432960 0.000000
vn 28.749669 -95.778163 0.000000
vn 28.749669 -95.778163 0.000000
vn 24.544521 -96.941046 0.000000
vn 24.544521 -96.941046 0.000000
vn 20.292651 -97.919397 0.000000
vn 20.292651 -97.919397 0.000000
vn 16.002153 -98.711352 0.000000
vn 16.002153 -98.711352 0.000000
vn -91.206183 -41.005271 0.000000
vn -91.206183 -41.005271 0.000000
vn -91.206183 -41.005271 0.000000
vn -91.206183 -41.005271 0.000000
vn -91.206183 -41.005271 0.000000
vn 98.711352 16.002153 0.000000
vn 98.711352 16.002153 0.000000
vn 98.711352 16.002153 0.000000
vn 98.711352 16.002153 0.000000
vn 98.711352 16.002153 0.000000
vn -41.005271 91.206183 -0.000000
vn -41.005271 91.206183 -0.000000
vn -36.987885 92.907999 -0.000000
vn -36.987885 92.907999 -0.000000
vn -32.900091 94.432960 -0.000000
vn -32.900091 94.432960 -0.000000
vn -28.749669 95.778163 -0.000000
vn -28.749669 95.778163 -0.000000
vn -24.544521 96.941046 -0.000000
vn -24.544521 96.941046 -0.000000
vn -20.292651 97.919397 -0.000000
vn -20.292651 97.919397 -0.000000
vn -16.002153 98.711352 -0.000000
vn -16.002153 98.711352 -0.000000
vn 0.000000 0.000000 100.000000
vn 0.000000 0.000000 100.000000
vn 0.000000 0.000000 100.000000
vn 0.000000 0.000000 100.000000
vn 0.000000 0.000000 100.000000
vn 0.000000 0.000000 100.000000
vn 0.000000 0.000000 100.000000
vn 0.000000 0.000000 100.000000
vn 0.000000 0.000000 100.000000
vn 0.000000 0.000000 100.000000
vn 0.000000 0.000000 100.000000
vn 0.000000 0.000000 100.000000
vn 0.000000 0.000000 100.000000
vn 0.000000 0.000000 100.000000
vn 0.000000 0.000000 100.000000
vn 0.000000 0.000000 100.000000
vn 0.000000 0.000000 100.000000
vn 0.000000 0.000000 100.000000
vn 0.000000 0.000000 100.000000
vn 0.000000 0.000000 100.000000
vn 0.000000 0.000000 100.000000
vn 0.000000 0.000000 100.000000
vn 0.000000 0.000000 100.000000
vn 0.000000 0.000000 100.000000
vn 0.000000 0.000000 100.000000
vn 0.000000 0.000000 100.000000
vn 0.000000 0.000000 100.000000
vn 0.000000 0.000000 100.000000
vn 0.000000 0.000000 100.000000
vn 0.000000 0.000000 100.000000
vn 0.000000 0.000000 100.000000
vn 0.000000 0.000000 100.000000
vn 0.000000 0.000000 100.000000
vn 0.000000 0.000000 100.000000
vn 0.000000 0.000000 100.000000
vn 0.000000 0.000000 100.000000
vn 0.000000 0.000000 100.000000
vn 0.000000 0.000000 100.000000
vn 0.000000 0.000000 100.000000
vn 0.000000 0.000000 100.000000
vn 0.000000 0.000000 100.000000
vn -16.002153 98.711352 0.000000
vn -16.002153 98.711352 0.000000
vn -16.002153 98.711352 0.000000
vn -16.002153 98.711352 0.000000
vn -16.002153 98.711352 0.000000
vn -91.206183 -41.005271 0.000000
vn -91.206183 -41.005271 0.000000
vn -92.907999 -36.987885 0.000000
vn -92.907999 -36.987885 0.000000
vn -94.432960 -32.900091 0.000000
vn -94.432960 -32.900091 0.000000
vn -95.778163 -28.749669 0.000000
vn -95.778163 -28.749669 0.000000
vn -96.941046 -24.544521 0.000000
vn -96.941046 -24.544521 0.000000
vn -97.919397 -20.292651 0.000000
vn -97.919397 -20.292651 0.000000
vn -98.711352 -16.002153 0.000000
vn -98.711352 -16.002153 0.000000
vn 41.005271 -91.206183 0.000000
vn 41.005271 -91.206183 0.000000
vn 41.005271 -91.206183 0.000000
vn 41.005271 -91.206183 0.000000
vn 41.005271 -91.206183 0.000000
vn 0.000000 0.000000 100.000000
vn 0.000000 0.000000 100.000000
vn 0.000000 0.000000 100.000000
vn 0.000000 0.000000 100.000000
vn 0.000000 0.000000 100.000000
vn 0.000000 0.000000 100.000000
vn 0.000000 0.000000 100.000000
vn 0.000000 0.000000 100.000000
vn 0.000000 0.000000 100.000000
vn 0.000000 0.000000 100.000000
vn 0.000000 0.000000 100.000000
vn 0.000000 0.000000 100.000000
vn 0.000000 0.000000 100.000000
vn 0.000000 0.000000 100.000000
vn 0.000000 0.000000 100.000000
vn 0.000000 0.000000 100.000000
vn 0.000000 0.000000 100.000000
vn 0.000000 0.000000 100.000000
vn 0.000000 0.000000 100.000000
vn 0.000000 0.000000 100.000000
vn 0.000000 0.000000 100.000000
vn 0.000000 0.000000 100.000000
vn 0.000000 0.000000 100.000000
vn 0.000000 0.000000 100.000000
vn 0.000000 0.000000 100.000000
vn 0.000000 0.000000 100.000000
vn 0.000000 0.000000 100.000000
vn 0.000000 0.000000 100.000000
vn 0.000000 0.000000 100.000000
vn 0.000000 0.000000 100.000000
vn 0.000000 0.000000 100.000000
vn 0.000000 0.000000 100.000000
vn 0.000000 0.000000 100.000000
vn 0.000000 0.000000 100.000000
vn 0.000000 0.000000 100.000000
vn 0.000000 0.000000 100.000000
vn 0.000000 0.000000 100.000000
vn 0.000000 0.000000 100.000000
vn 0.000000 0.000000 100.000000
vn 0.000000 0.000000 100.000000
vn 91.206183 41.005271 0.000000
vn 91.206183 41.005271 0.000000
vn 91.206183 41.005271 0.000000
vn 91.206183 41.005271 0.000000
vn 91.206183 41.005271 0.000000
vn -98.711352 -16.002153 0.000000
vn -98.711352 -16.002153 0.000000
vn -98.711352 -16.002153 0.000000
vn -98.711352 -16.002153 0.000000
vn -98.711352 -16.002153 0.000000
vn 41.005271 -91.206183 0.000000
vn 41.005271 -91.206183 0.000000
vn 36.987885 -92.907999 0.000000
vn 36.987885 -92.907999 0.000000
vn 32.900091 -94.432960 0.000000
vn 32.900091 -94.432960 0.000000
vn 28.749669 -95.778163 0.000000
vn 28.749669 -95.778163 0.000000
vn 24.544521 -96.941046 0.000000
vn 24.544521 -96.941046 0.000000
vn 20.292651 -97.919397 0.000000
vn 20.292651 -97.919397 0.000000
vn 16.002153 -98.711352 0.000000
vn 16.002153 -98.711352 0.000000
vn 0.000000 0.000000 100.000000
vn 0.000000 0.000000 100.000000
vn 0.000000 0.000000 100.000000
vn 0.000000 0.000000 100.000000
vn 0.000000 0.000000 100.000000
vn 0.000000 0.000000 100.000000
vn 0.000000 0.000000 100.000000
vn 0.000000 0.000000 100.000000
vn 0.000000 0.000000 100.000000
vn 0.000000 0.000000 100.000000
vn 0.000000 0.000000 100.000000
vn 0.000000 0.000000 100.000000
vn 0.000000 0.000000 100.000000
vn 0.000000 0.000000 100.000000
vn 0.000000 0.000000 100.000000
vn 0.000000 0.000000 100.000000
vn 0.000000 0.000000 100.000000
vn 0.000000 0.000000 100.000000
vn 0.000000 0.000000 100.000000
vn 0.000000 0.000000 100.000000
vn 0.000000 0.000000 100.000000
vn 0.000000 0.000000 100.000000
vn 0.000000 0.000000 100.000000
vn 0.000000 0.000000 100.000000
vn 0.000000 0.000000 100.000000
vn 0.000000 0.000000 100.000000
vn 0.000000 0.000000 100.000000
vn 0.000000 0.000000 100.000000
vn 0.000000 0.000000 100.000000
vn 0.000000 0.000000 100.000000
vn 0.000000 0.000000 100.000000
vn 0.000000 0.000000 100.000000
vn 0.000000 0.000000 100.000000
vn 0.000000 0.000000 100.000000
vn 0.000000 0.000000 100.000000
vn 0.000000 0.000000 100.000000
vn 0.000000 0.000000 100.000000
vn 0.000000 0.000000 100.000000
vn 0.000000 0.000000 100.000000
vn 0.000000 0.000000 100.000000
vn -91.206183 -41.005271 0.000000
vn -91.206183 -41.005271 0.000000
vn -92.907999 -36.987885 0.000000
vn -92.907999 -36.987885 0.000000
vn -94.432960 -32.900091 0.000000
vn -94.432960 -32.900091 0.000000
vn -95.778163 -28.749669 0.000000
vn -95.778163 -28.749669 0.000000
vn -96.941046 -24.544521 0.000000
vn -96.941046 -24.544521 0.000000
vn -97.919397 -20.292651 0.000000
vn -97.919397 -20.292651 0.000000
vn -98.711352 -16.002153 0.000000
vn -98.711352 -16.002153 0.000000
vn -41.005271 91.206183 0.000000
vn -41.005271 91.206183 0.000000
vn -41.005271 91.206183 0.000000
vn -41.005271 91.206183 0.000000
vn -41.005271 91.206183 0.000000
vn 16.002153 -98.711352 0.000000
vn 16.002153 -98.711352 0.000000
vn 16.002153 -98.711352 0.000000
vn 16.002153 -98.711352 0.000000
vn 16.002153 -98.711352 0.000000
vn 91.206183 41.005271 0.000000
vn 91.206183 41.005271 0.000000
vn 92.907999 36.987885 0.000000
vn 92.907999 36.987885 0.000000
vn 94.432960 32.900091 0.000000
vn 94.432960 32.900091 0.000000
vn 95.778163 28.749669 0.000000
vn 95.778163 28.749669 0.000000
vn 96.941046 24.544521 0.000000
vn 96.941046 24.544521 0.000000
vn 97.919397 20.292651 0.000000
vn 97.919397 20.292651 0.000000
vn 98.711352 16.002153 0.000000
vn 98.711352 16.002153 0.000000
vn 0.000000 0.000000 100.000000
vn 0.000000 0.000000 100.000000
vn 0.000000 0.000000 100.000000
vn 0.000000 0.000000 100.000000
vn 0.000000 0.000000 100.000000
vn 0.000000 0.000000 100.000000
vn 0.000000 0.000000 100.000000
vn 0.000000 0.000000 100.000000
vn 0.000000 0.000000 100.000000
vn 0.000000 0.000000 100.000000
vn 0.000000 0.000000 100.000000
vn 0.000000 0.000000 100.000000
vn 0.000000 0.000000 100.000000
vn 0.000000 0.000000 100.000000
vn 0.000000 0.000000 100.000000
vn 0.000000 0.000000 100.000000
vn 0.000000 0.000000 100.000000
vn 0.000000 0.000000 100.000000
vn 0.000000 0.000000 100.000000
vn 0.000000 0.000000 100.000000
vn 0.000000 0.000000 100.000000
vn 0.000000 0.000000 100.000000
vn 0.000000 0.000000 100.000000
vn 0.000000 0.000000 100.000000
vn 0.000000 0.000000 100.000000
vn 0.000000 0.000000 100.000000
vn 0.000000 0.000000 100.000000
vn 0.000000 0.000000 100.000000
vn 0.000000 0.000000 100.000000
vn 0.000000 0.000000 100.000000
vn 0.000000 0.000000 100.000000
vn 0.000000 0.000000 100.000000
vn 0.000000 0.000000 100.000000
vn 0.000000 0.000000 100.000000
vn 0.000000 0.000000 100.000000
vn 0.000000 0.000000 100.000000
vn 0.000000 0.000000 100.000000
vn 0.000000 0.000000 100.000000
vn 0.000000 0.000000 100.000000
vn 0.000000 0.000000 100.000000
usemtl ABS_(White)
f 2/1/1 57/2/2 1/3/3
f 1/3/3 57/2/2 55/4/4
f 1/5/3 55/6/4 27/7/5
f 27/7/5 55/6/4 107/8/6
f 27/7/5 107/8/6 26/9/7
f 26/9/7 107/8/6 105/10/8
f 26/9/7 105/10/8 25/11/9
f 25/11/9 105/10/8 103/12/10
f 25/11/9 103/12/10 24/13/11
f 24/13/11 103/12/10 101/14/12
f 24/13/11 101/14/12 23/15/13
f 23/15/13 101/14/12 99/16/14
f 23/15/13 99/16/14 22/17/15
f 22/17/15 99/16/14 97/18/16
f 22/17/15 97/18/16 21/19/17
f 21/19/17 97/18/16 95/20/18
f 21/19/17 95/20/18 20/21/19
f 20/21/19 95/20/18 93/22/20
f 20/21/19 93/22/20 19/23/21
f 19/23/21 93/22/20 91/24/22
f 19/23/21 91/24/22 18/25/23
f 18/25/23 91/24/22 89/26/24
f 18/25/23 89/26/24 17/27/25
f 17/27/25 89/26/24 87/28/26
f 17/27/25 87/28/26 16/29/27
f 16/29/27 87/28/26 85/30/28
f 16/29/27 85/30/28 15/31/29
f 15/31/29 85/30/28 83/32/30
f 15/31/29 83/32/30 14/33/31
f 14/33/31 83/32/30 81/34/32
f 14/33/31 81/34/32 13/35/33
f 13/35/33 81/34/32 79/36/34
f 13/35/33 79/36/34 12/37/35
f 12/37/35 79/36/34 77/38/36
f 12/37/35 77/38/36 11/39/37
f 11/39/37 77/38/36 75/40/38
f 11/39/37 75/40/38 10/41/39
f 10/41/39 75/40/38 73/42/40
f 10/41/39 73/42/40 9/43/41
f 9/43/41 73/42/40 71/44/42
f 9/43/41 71/44/42 8/45/43
f 8/45/43 71/44/42 69/46/44
f 8/45/43 69/46/44 7/47/45
f 7/47/45 69/46/44 67/48/46
f 7/47/45 67/48/46 6/49/47
f 6/49/47 67/48/46 65/50/48
f 6/49/47 65/50/48 5/51/49
f 5/51/49 65/50/48 63/52/50
f 5/51/49 63/52/50 4/53/51
f 4/53/51 63/52/50 61/54/52
f 4/53/51 61/54/52 3/55/53
f 3/55/53 61/54/52 59/56/54
f 3/55/53 59/56/54 2/1/1
f 2/1/1 59/56/54 57/2/2
f 29/57/55 108/58/56 28/59/57
f 28/59/57 108/58/56 56/60/58
f 28/61/57 56/62/58 54/63/59
f 54/63/59 56/62/58 58/64/60
f 54/63/59 58/64/60 53/65/61
f 53/65/61 58/64/60 60/66/62
f 53/65/61 60/66/62 52/67/63
f 52/67/63 60/66/62 62/68/64
f 52/67/63 62/68/64 51/69/65
f 51/69/65 62/68/64 64/70/66
f 51/69/65 64/70/66 50/71/67
f 50/71/67 64/70/66 66/72/68
f 50/71/67 66/72/68 49/73/69
f 49/73/69 66/72/68 68/74/70
f 49/73/69 68/74/70 48/75/71
f 48/75/71 68/74/70 70/76/72
f 48/75/71 70/76/72 47/77/73
f 47/77/73 70/76/72 72/78/74
f 47/77/73 72/78/74 46/79/75
f 46/79/75 72/78/74 74/80/76
f 46/79/75 74/80/76 45/81/77
f 45/81/77 74/80/76 76/82/78
f 45/81/77 76/82/78 44/83/79
f 44/83/79 76/82/78 78/84/80
f 44/83/79 78/84/80 43/85/81
f 43/85/81 78/84/80 80/86/82
f 43/85/81 80/86/82 42/87/83
f 42/87/83 80/86/82 82/88/84
f 42/87/83 82/88/84 41/89/85
f 41/89/85 82/88/84 84/90/86
f 41/89/85 84/90/86 40/91/87
f 40/91/87 84/90/86 86/92/88
f 40/91/87 86/92/88 39/93/89
f 39/93/89 86/92/88 88/94/90
f 39/93/89 88/94/90 38/95/91
f 38/95/91 88/94/90 90/96/92
f 38/95/91 90/96/92 37/97/93
f 37/97/93 90/96/92 92/98/94
f 37/97/93 92/98/94 36/99/95
f 36/99/95 92/98/94 94/100/96
f 36/99/95 94/100/96 35/101/97
f 35/101/97 94/100/96 96/102/98
f 35/101/97 96/102/98 34/103/99
f 34/103/99 96/102/98 98/104/100
f 34/103/99 98/104/100 33/105/101
f 33/105/101 98/104/100 100/106/102
f 33/105/101 100/106/102 32/107/103
f 32/107/103 100/106/102 102/108/104
f 32/107/103 102/108/104 31/109/105
f 31/109/105 102/108/104 104/110/106
f 31/109/105 104/110/106 30/111/107
f 30/111/107 104/110/106 106/112/108
f 30/111/107 106/112/108 29/57/55
f 29/57/55 106/112/108 108/58/56
f 55/6/4 56/60/58 107/8/6
f 107/8/6 56/60/58 108/58/56
f 107/8/6 108/58/56 105/10/8
f 105/10/8 108/58/56 106/112/108
f 105/10/8 106/112/108 103/12/10
f 103/12/10 106/112/108 104/110/106
f 103/12/10 104/110/106 101/14/12
f 101/14/12 104/110/106 102/108/104
f 101/14/12 102/108/104 99/16/14
f 99/16/14 102/108/104 100/106/102
f 99/16/14 100/106/102 97/18/16
f 97/18/16 100/106/102 98/104/100
f 97/18/16 98/104/100 95/20/18
f 95/20/18 98/104/100 96/102/98
f 95/20/18 96/102/98 93/22/20
f 93/22/20 96/102/98 94/100/96
f 93/22/20 94/100/96 91/24/22
f 91/24/22 94/100/96 92/98/94
f 91/24/22 92/98/94 89/26/24
f 89/26/24 92/98/94 90/96/92
f 89/26/24 90/96/92 87/28/26
f 87/28/26 90/96/92 88/94/90
f 87/28/26 88/94/90 85/30/28
f 85/30/28 88/94/90 86/92/88
f 85/30/28 86/92/88 83/32/30
f 83/32/30 86/92/88 84/90/86
f 83/32/30 84/90/86 81/34/32
f 81/34/32 84/90/86 82/88/84
f 81/34/32 82/88/84 79/36/34
f 79/36/34 82/88/84 80/86/82
f 79/36/34 80/86/82 77/38/36
f 77/38/36 80/86/82 78/84/80
f 77/38/36 78/84/80 75/40/38
f 75/40/38 78/84/80 76/82/78
f 75/40/38 76/82/78 73/42/40
f 73/42/40 76/82/78 74/80/76
f 73/42/40 74/80/76 71/44/42
f 71/44/42 74/80/76 72/78/74
f 71/44/42 72/78/74 69/46/44
f 69/46/44 72/78/74 70/76/72
f 69/46/44 70/76/72 67/48/46
f 67/48/46 70/76/72 68/74/70
f 67/48/46 68/74/70 65/50/48
f 65/50/48 68/74/70 66/72/68
f 65/50/48 66/72/68 63/52/50
f 63/52/50 66/72/68 64/70/66
f 63/52/50 64/70/66 61/54/52
f 61/54/52 64/70/66 62/68/64
f 61/54/52 62/68/64 59/56/54
f 59/56/54 62/68/64 60/66/62
f 59/56/54 60/66/62 57/2/2
f 57/2/2 60/66/62 58/64/60
f 57/2/2 58/64/60 55/4/4
f 55/4/4 58/64/60 56/62/58
f 134/113/109 109/114/110 161/115/111
f 161/116/111 109/117/110 110/118/112
f 161/116/111 110/118/112 163/119/113
f 163/119/113 110/118/112 111/120/114
f 163/119/113 111/120/114 165/121/115
f 165/121/115 111/120/114 112/122/116
f 165/121/115 112/122/116 167/123/117
f 167/123/117 112/122/116 113/124/118
f 167/123/117 113/124/118 169/125/119
f 169/125/119 113/124/118 114/126/120
f 169/125/119 114/126/120 171/127/121
f 171/127/121 114/126/120 115/128/122
f 171/127/121 115/128/122 173/129/123
f 173/129/123 115/128/122 116/130/124
f 173/129/123 116/130/124 175/131/125
f 175/131/125 116/130/124 117/132/126
f 175/131/125 117/132/126 177/133/127
f 177/133/127 117/132/126 118/134/128
f 177/133/127 118/134/128 179/135/129
f 179/135/129 118/134/128 119/136/130
f 179/135/129 119/136/130 181/137/131
f 181/137/131 119/136/130 120/138/132
f 181/137/131 120/138/132 183/139/133
f 183/139/133 120/138/132 121/140/134
f 183/139/133 121/140/134 185/141/135
f 185/141/135 121/140/134 122/142/136
f 185/141/135 122/142/136 187/143/137
f 187/143/137 122/142/136 123/144/138
f 187/143/137 123/144/138 189/145/139
f 189/145/139 123/144/138 124/146/140
f 189/145/139 124/146/140 191/147/141
f 191/147/141 124/146/140 125/148/142
f 191/147/141 125/148/142 193/149/143
f 193/149/143 125/148/142 126/150/144
f 193/149/143 126/150/144 195/151/145
f 195/151/145 126/150/144 127/152/146
f 195/151/145 127/152/146 197/153/147
f 197/153/147 127/152/146 128/154/148
f 197/153/147 128/154/148 199/155/149
f 199/155/149 128/154/148 129/156/150
f 199/155/149 129/156/150 201/157/151
f 201/157/151 129/156/150 130/158/152
f 201/157/151 130/158/152 203/159/153
f 203/159/153 130/158/152 131/160/154
f 203/159/153 131/160/154 205/161/155
f 205/161/155 131/160/154 132/162/156
f 205/161/155 132/162/156 207/163/157
f 207/163/157 132/162/156 133/164/158
f 207/163/157 133/164/158 209/165/159
f 209/165/159 133/164/158 134/113/109
f 209/165/159 134/113/109 161/115/111
f 160/166/160 135/167/161 162/168/162
f 162/169/162 135/170/161 136/171/163
f 162/169/162 136/171/163 210/172/164
f 210/172/164 136/171/163 137/173/165
f 210/172/164 137/173/165 208/174/166
f 208/174/166 137/173/165 138/175/167
f 208/174/166 138/175/167 206/176/168
f 206/176/168 138/175/167 139/177/169
f 206/176/168 139/177/169 204/178/170
f 204/178/170 139/177/169 140/179/171
f 204/178/170 140/179/171 202/180/172
f 202/180/172 140/179/171 141/181/173
f 202/180/172 141/181/173 200/182/174
f 200/182/174 141/181/173 142/183/175
f 200/182/174 142/183/175 198/184/176
f 198/184/176 142/183/175 143/185/177
f 198/184/176 143/185/177 196/186/178
f 196/186/178 143/185/177 144/187/179
f 196/186/178 144/187/179 194/188/180
f 194/188/180 144/187/179 145/189/181
f 194/188/180 145/189/181 192/190/182
f 192/190/182 145/189/181 146/191/183
f 192/190/182 146/191/183 190/192/184
f 190/192/184 146/191/183 147/193/185
f 190/192/184 147/193/185 188/194/186
f 188/194/186 147/193/185 148/195/187
f 188/194/186 148/195/187 186/196/188
f 186/196/188 148/195/187 149/197/189
f 186/196/188 149/197/189 184/198/190
f 184/198/190 149/197/189 150/199/191
f 184/198/190 150/199/191 182/200/192
f 182/200/192 150/199/191 151/201/193
f 182/200/192 151/201/193 180/202/194
f 180/202/194 151/201/193 152/203/195
f 180/202/194 152/203/195 178/204/196
f 178/204/196 152/203/195 153/205/197
f 178/204/196 153/205/197 176/206/198
f 176/206/198 153/205/197 154/207/199
f 176/206/198 154/207/199 174/208/200
f 174/208/200 154/207/199 155/209/201
f 174/208/200 155/209/201 172/210/202
f 172/210/202 155/209/201 156/211/203
f 172/210/202 156/211/203 170/212/204
f 170/212/204 156/211/203 157/213/205
f 170/212/204 157/213/205 168/214/206
f 168/214/206 157/213/205 158/215/207
f 168/214/206 158/215/207 166/216/208
f 166/216/208 158/215/207 159/217/209
f 166/216/208 159/217/209 164/218/210
f 164/218/210 159/217/209 160/166/160
f 164/218/210 160/166/160 162/168/162
f 161/115/111 162/169/162 209/165/159
f 209/165/159 162/169/162 210/172/164
f 209/165/159 210/172/164 207/163/157
f 207/163/157 210/172/164 208/174/166
f 207/163/157 208/174/166 205/161/155
f 205/161/155 208/174/166 206/176/168
f 205/161/155 206/176/168 203/159/153
f 203/159/153 206/176/168 204/178/170
f 203/159/153 204/178/170 201/157/151
f 201/157/151 204/178/170 202/180/172
f 201/157/151 202/180/172 199/155/149
f 199/155/149 202/180/172 200/182/174
f 199/155/149 200/182/174 197/153/147
f 197/153/147 200/182/174 198/184/176
f 197/153/147 198/184/176 195/151/145
f 195/151/145 198/184/176 196/186/178
f 195/151/145 196/186/178 193/149/143
f 193/149/143 196/186/178 194/188/180
f 193/149/143 194/188/180 191/147/141
f 191/147/141 194/188/180 192/190/182
f 191/147/141 192/190/182 189/145/139
f 189/145/139 192/190/182 190/192/184
f 189/145/139 190/192/184 187/143/137
f 187/143/137 190/192/184 188/194/186
f 187/143/137 188/194/186 185/141/135
f 185/141/135 188/194/186 186/196/188
f 185/141/135 186/196/188 183/139/133
f 183/139/133 186/196/188 184/198/190
f 183/139/133 184/198/190 181/137/131
f 181/137/131 184/198/190 182/200/192
f 181/137/131 182/200/192 179/135/129
f 179/135/129 182/200/192 180/202/194
f 179/135/129 180/202/194 177/133/127
f 177/133/127 180/202/194 178/204/196
f 177/133/127 178/204/196 175/131/125
f 175/131/125 178/204/196 176/206/198
f 175/131/125 176/206/198 173/129/123
f 173/129/123 176/206/198 174/208/200
f 173/129/123 174/208/200 171/127/121
f 171/127/121 174/208/200 172/210/202
f 171/127/121 172/210/202 169/125/119
f 169/125/119 172/210/202 170/212/204
f 169/125/119 170/212/204 167/123/117
f 167/123/117 170/212/204 168/214/206
f 167/123/117 168/214/206 165/121/115
f 165/121/115 168/214/206 166/216/208
f 165/121/115 166/216/208 163/119/113
f 163/119/113 166/216/208 164/218/210
f 163/119/113 164/218/210 161/116/111
f 161/116/111 164/218/210 162/168/162
f 236/219/211 211/220/212 263/221/213
f 263/222/213 211/223/212 212/224/214
f 263/222/213 212/224/214 265/225/215
f 265/225/215 212/224/214 213/226/216
f 265/225/215 213/226/216 267/227/217
f 267/227/217 213/226/216 214/228/218
f 267/227/217 214/228/218 269/229/219
f 269/229/219 214/228/218 215/230/220
f 269/229/219 215/230/220 271/231/221
f 271/231/221 215/230/220 216/232/222
f 271/231/221 216/232/222 273/233/223
f 273/233/223 216/232/222 217/234/224
f 273/233/223 217/234/224 275/235/225
f 275/235/225 217/234/224 218/236/226
f 275/235/225 218/236/226 277/237/227
f 277/237/227 218/236/226 219/238/228
f 277/237/227 219/238/228 279/239/229
f 279/239/229 219/238/228 220/240/230
f 279/239/229 220/240/230 281/241/231
f 281/241/231 220/240/230 221/242/232
f 281/241/231 221/242/232 283/243/233
f 283/243/233 221/242/232 222/244/234
f 283/243/233 222/244/234 285/245/235
f 285/245/235 222/244/234 223/246/236
f 285/245/235 223/246/236 287/247/237
f 287/247/237 223/246/236 224/248/238
f 287/247/237 224/248/238 289/249/239
f 289/249/239 224/248/238 225/250/240
f 289/249/239 225/250/240 291/251/241
f 291/251/241 225/250/240 226/252/242
f 291/251/241 226/252/242 293/253/243
f 293/253/243 226/252/242 227/254/244
f 293/253/243 227/254/244 295/255/245
f 295/255/245 227/254/244 228/256/246
f 295/255/245 228/256/246 297/257/247
f 297/257/247 228/256/246 229/258/248
f 297/257/247 229/258/248 299/259/249
f 299/259/249 229/258/248 230/260/250
f 299/259/249 230/260/250 301/261/251
f 301/261/251 230/260/250 231/262/252
f 301/261/251 231/262/252 303/263/253
f 303/263/253 231/262/252 232/264/254
f 303/263/253 232/264/254 305/265/255
f 305/265/255 232/264/254 233/266/256
f 305/265/255 233/266/256 307/267/257
f 307/267/257 233/266/256 234/268/258
f 307/267/257 234/268/258 309/269/259
f 309/269/259 234/268/258 235/270/260
f 309/269/259 235/270/260 311/271/261
f 311/271/261 235/270/260 236/219/211
f 311/271/261 236/219/211 263/221/213
f 262/272/262 237/273/263 264/274/264
f 264/275/264 237/276/263 238/277/265
f 264/275/264 238/277/265 312/278/266
f 312/278/266 238/277/265 239/279/267
f 312/278/266 239/279/267 310/280/268
f 310/280/268 239/279/267 240/281/269
f 310/280/268 240/281/269 308/282/270
f 308/282/270 240/281/269 241/283/271
f 308/282/270 241/283/271 306/284/272
f 306/284/272 241/283/271 242/285/273
f 306/284/272 242/285/273 304/286/274
f 304/286/274 242/285/273 243/287/275
f 304/286/274 243/287/275 302/288/276
f 302/288/276 243/287/275 244/289/277
f 302/288/276 244/289/277 300/290/278
f 300/290/278 244/289/277 245/291/279
f 300/290/278 245/291/279 298/292/280
f 298/292/280 245/291/279 246/293/281
f 298/292/280 246/293/281 296/294/282
f 296/294/282 246/293/281 247/295/283
f 296/294/282 247/295/283 294/296/284
f 294/296/284 247/295/283 248/297/285
f 294/296/284 248/297/285 292/298/286
f 292/298/286 248/297/285 249/299/287
f 292/298/286 249/299/287 290/300/288
f 290/300/288 249/299/287 250/301/289
f 290/300/288 250/301/289 288/302/290
f 288/302/290 250/301/289 251/303/291
f 288/302/290 251/303/291 286/304/292
f 286/304/292 251/303/291 252/305/293
f 286/304/292 252/305/293 284/306/294
f 284/306/294 252/305/293 253/307/295
f 284/306/294 253/307/295 282/308/296
f 282/308/296 253/307/295 254/309/297
f 282/308/296 254/309/297 280/310/298
f 280/310/298 254/309/297 255/311/299
f 280/310/298 255/311/299 278/312/300
f 278/312/300 255/311/299 256/313/301
f 278/312/300 256/313/301 276/314/302
f 276/314/302 256/313/301 257/315/303
f 276/314/302 257/315/303 274/316/304
f 274/316/304 257/315/303 258/317/305
f 274/316/304 258/317/305 272/318/306
f 272/318/306 258/317/305 259/319/307
f 272/318/306 259/319/307 270/320/308
f 270/320/308 259/319/307 260/321/309
f 270/320/308 260/321/309 268/322/310
f 268/322/310 260/321/309 261/323/311
f 268/322/310 261/323/311 266/324/312
f 266/324/312 261/323/311 262/272/262
f 266/324/312 262/272/262 264/274/264
f 263/221/213 264/275/264 311/271/261
f 311/271/261 264/275/264 312/278/266
f 311/271/261 312/278/266 309/269/259
f 309/269/259 312/278/266 310/280/268
f 309/269/259 310/280/268 307/267/257
f 307/267/257 310/280/268 308/282/270
f 307/267/257 308/282/270 305/265/255
f 305/265/255 308/282/270 306/284/272
f 305/265/255 306/284/272 303/263/253
f 303/263/253 306/284/272 304/286/274
f 303/263/253 304/286/274 301/261/251
f 301/261/251 304/286/274 302/288/276
f 301/261/251 302/288/276 299/259/249
f 299/259/249 302/288/276 300/290/278
f 299/259/249 300/290/278 297/257/247
f 297/257/247 300/290/278 298/292/280
f 297/257/247 298/292/280 295/255/245
f 295/255/245 298/292/280 296/294/282
f 295/255/245 296/294/282 293/253/243
f 293/253/243 296/294/282 294/296/284
f 293/253/243 294/296/284 291/251/241
f 291/251/241 294/296/284 292/298/286
f 291/251/241 292/298/286 289/249/239
f 289/249/239 292/298/286 290/300/288
f 289/249/239 290/300/288 287/247/237
f 287/247/237 290/300/288 288/302/290
f 287/247/237 288/302/290 285/245/235
f 285/245/235 288/302/290 286/304/292
f 285/245/235 286/304/292 283/243/233
f 283/243/233 286/304/292 284/306/294
f 283/243/233 284/306/294 281/241/231
f 281/241/231 284/306/294 282/308/296
f 281/241/231 282/308/296 279/239/229
f 279/239/229 282/308/296 280/310/298
f 279/239/229 280/310/298 277/237/227
f 277/237/227 280/310/298 278/312/300
f 277/237/227 278/312/300 275/235/225
f 275/235/225 278/312/300 276/314/302
f 275/235/225 276/314/302 273/233/223
f 273/233/223 276/314/302 274/316/304
f 273/233/223 274/316/304 271/231/221
f 271/231/221 274/316/304 272/318/306
f 271/231/221 272/318/306 269/229/219
f 269/229/219 272/318/306 270/320/308
f 269/229/219 270/320/308 267/227/217
f 267/227/217 270/320/308 268/322/310
f 267/227/217 268/322/310 265/225/215
f 265/225/215 268/322/310 266/324/312
f 265/225/215 266/324/312 263/222/213
f 263/222/213 266/324/312 264/274/264
f 338/325/313 313/326/314 365/327/315
f 365/328/315 313/329/314 314/330/316
f 365/328/315 314/330/316 367/331/317
f 367/331/317 314/330/316 315/332/318
f 367/331/317 315/332/318 369/333/319
f 369/333/319 315/332/318 316/334/320
f 369/333/319 316/334/320 371/335/321
f 371/335/321 316/334/320 317/336/322
f 371/335/321 317/336/322 373/337/323
f 373/337/323 317/336/322 318/338/324
f 373/337/323 318/338/324 375/339/325
f 375/339/325 318/338/324 319/340/326
f 375/339/325 319/340/326 377/341/327
f 377/341/327 319/340/326 320/342/328
f 377/341/327 320/342/328 379/343/329
f 379/343/329 320/342/328 321/344/330
f 379/343/329 321/344/330 381/345/331
f 381/345/331 321/344/330 322/346/332
f 381/345/331 322/346/332 383/347/333
f 383/347/333 322/346/332 323/348/334
f 383/347/333 323/348/334 385/349/335
f 385/349/335 323/348/334 324/350/336
f 385/349/335 324/350/336 387/351/337
f 387/351/337 324/350/336 325/352/338
f 387/351/337 325/352/338 389/353/339
f 389/353/339 325/352/338 326/354/340
f 389/353/339 326/354/340 391/355/341
f 391/355/341 326/354/340 327/356/342
f 391/355/341 327/356/342 393/357/343
f 393/357/343 327/356/342 328/358/344
f 393/357/343 328/358/344 395/359/345
f 395/359/345 328/358/344 329/360/346
f 395/359/345 329/360/346 397/361/347
f 397/361/347 329/360/346 330/362/348
f 397/361/347 330/362/348 399/363/349
f 399/363/349 330/362/348 331/364/350
f 399/363/349 331/364/350 401/365/351
f 401/365/351 331/364/350 332/366/352
f 401/365/351 332/366/352 403/367/353
f 403/367/353 332/366/352 333/368/354
f 403/367/353 333/368/354 405/369/355
f 405/369/355 333/368/354 334/370/356
f 405/369/355 334/370/356 407/371/357
f 407/371/357 334/370/356 335/372/358
f 407/371/357 335/372/358 409/373/359
f 409/373/359 335/372/358 336/374/360
f 409/373/359 336/374/360 411/375/361
f 411/375/361 336/374/360 337/376/362
f 411/375/361 337/376/362 413/377/363
f 413/377/363 337/376/362 338/325/313
f 413/377/363 338/325/313 365/327/315
f 364/378/364 339/379/365 366/380/366
f 366/381/366 339/382/365 340/383/367
f 366/381/366 340/383/367 414/384/368
f 414/384/368 340/383/367 341/385/369
f 414/384/368 341/385/369 412/386/370
f 412/386/370 341/385/369 342/387/371
f 412/386/370 342/387/371 410/388/372
f 410/388/372 342/387/371 343/389/373
f 410/388/372 343/389/373 408/390/374
f 408/390/374 343/389/373 344/391/375
f 408/390/374 344/391/375 406/392/376
f 406/392/376 344/391/375 345/393/377
f 406/392/376 345/393/377 404/394/378
f 404/394/378 345/393/377 346/395/379
f 404/394/378 346/395/379 402/396/380
f 402/396/380 346/395/379 347/397/381
f 402/396/380 347/397/381 400/398/382
f 400/398/382 347/397/381 348/399/383
f 400/398/382 348/399/383 398/400/384
f 398/400/384 348/399/383 349/401/385
f 398/400/384 349/401/385 396/402/386
f 396/402/386 349/401/385 350/403/387
f 396/402/386 350/403/387 394/404/388
f 394/404/388 350/403/387 351/405/389
f 394/404/388 351/405/389 392/406/390
f 392/406/390 351/405/389 352/407/391
f 392/406/390 352/407/391 390/408/392
f 390/408/392 352/407/391 353/409/393
f 390/408/392 353/409/393 388/410/394
f 388/410/394 353/409/393 354/411/395
f 388/410/394 354/411/395 386/412/396
f 386/412/396 354/411/395 355/413/397
f 386/412/396 355/413/397 384/414/398
f 384/414/398 355/413/397 356/415/399
f 384/414/398 356/415/399 382/416/400
f 382/416/400 356/415/399 357/417/401
f 382/416/400 357/417/401 380/418/402
f 380/418/402 357/417/401 358/419/403
f 380/418/402 358/419/403 378/420/404
f 378/420/404 358/419/403 359/421/405
f 378/420/404 359/421/405 376/422/406
f 376/422/406 359/421/405 360/423/407
f 376/422/406 360/423/407 374/424/408
f 374/424/408 360/423/407 361/425/409
f 374/424/408 361/425/409 372/426/410
f 372/426/410 361/425/409 362/427/411
f 372/426/410 362/427/411 370/428/412
f 370/428/412 362/427/411 363/429/413
f 370/428/412 363/429/413 368/430/414
f 368/430/414 363/429/413 364/378/364
f 368/430/414 364/378/364 366/380/366
f 365/327/315 366/381/366 413/377/363
f 413/377/363 366/381/366 414/384/368
f 413/377/363 414/384/368 411/375/361
f 411/375/361 414/384/368 412/386/370
f 411/375/361 412/386/370 409/373/359
f 409/373/359 412/386/370 410/388/372
f 409/373/359 410/388/372 407/371/357
f 407/371/357 410/388/372 408/390/374
f 407/371/357 408/390/374 405/369/355
f 405/369/355 408/390/374 406/392/376
f 405/369/355 406/392/376 403/367/353
f 403/367/353 406/392/376 404/394/378
f 403/367/353 404/394/378 401/365/351
f 401/365/351 404/394/378 402/396/380
f 401/365/351 402/396/380 399/363/349
f 399/363/349 402/396/380 400/398/382
f 399/363/349 400/398/382 397/361/347
f 397/361/347 400/398/382 398/400/384
f 397/361/347 398/400/384 395/359/345
f 395/359/345 398/400/384 396/402/386
f 395/359/345 396/402/386 393/357/343
f 393/357/343 396/402/386 394/404/388
f 393/357/343 394/404/388 391/355/341
f 391/355/341 394/404/388 392/406/390
f 391/355/341 392/406/390 389/353/339
f 389/353/339 392/406/390 390/408/392
f 389/353/339 390/408/392 387/351/337
f 387/351/337 390/408/392 388/410/394
f 387/351/337 388/410/394 385/349/335
f 385/349/335 388/410/394 386/412/396
f 385/349/335 386/412/396 383/347/333
f 383/347/333 386/412/396 384/414/398
f 383/347/333 384/414/398 381/345/331
f 381/345/331 384/414/398 382/416/400
f 381/345/331 382/416/400 379/343/329
f 379/343/329 382/416/400 380/418/402
f 379/343/329 380/418/402 377/341/327
f 377/341/327 380/418/402 378/420/404
f 377/341/327 378/420/404 375/339/325
f 375/339/325 378/420/404 376/422/406
f 375/339/325 376/422/406 373/337/323
f 373/337/323 376/422/406 374/424/408
f 373/337/323 374/424/408 371/335/321
f 371/335/321 374/424/408 372/426/410
f 371/335/321 372/426/410 369/333/319
f 369/333/319 372/426/410 370/428/412
f 369/333/319 370/428/412 367/331/317
f 367/331/317 370/428/412 368/430/414
f 367/331/317 368/430/414 365/328/315
f 365/328/315 368/430/414 366/380/366
f 416/431/415 486/432/416 415/433/417
f 415/433/417 486/432/416 451/434/418
f 415/435/417 451/436/418 450/437/419
f 450/437/419 451/436/418 452/438/420
f 450/437/419 452/438/420 453/439/421
f 416/431/415 417/440/422 486/432/416
f 486/432/416 417/440/422 485/441/423
f 485/441/423 417/440/422 418/442/424
f 485/441/423 418/442/424 484/443/425
f 484/443/425 418/442/424 419/444/426
f 484/443/425 419/444/426 483/445/427
f 483/445/427 419/444/426 420/446/428
f 483/445/427 420/446/428 482/447/429
f 482/447/429 420/446/428 421/448/430
f 482/447/429 421/448/430 481/449/431
f 481/449/431 421/448/430 422/450/432
f 481/449/431 422/450/432 480/451/433
f 480/451/433 422/450/432 423/452/434
f 480/451/433 423/452/434 479/453/435
f 479/453/435 423/452/434 424/454/436
f 479/453/435 424/454/436 478/455/437
f 478/455/437 424/454/436 425/456/438
f 478/455/437 425/456/438 477/457/439
f 477/457/439 425/456/438 426/458/440
f 477/457/439 426/458/440 476/459/441
f 476/459/441 426/458/440 427/460/442
f 476/459/441 427/460/442 475/461/443
f 475/461/443 427/460/442 428/462/444
f 475/461/443 428/462/444 474/463/445
f 474/463/445 428/462/444 429/464/446
f 474/463/445 429/464/446 473/465/447
f 473/465/447 429/464/446 430/466/448
f 473/465/447 430/466/448 472/467/449
f 472/467/449 430/466/448 431/468/450
f 472/467/449 431/468/450 471/469/451
f 471/469/451 431/468/450 432/470/452
f 471/469/451 432/470/452 470/471/453
f 470/471/453 432/470/452 433/472/454
f 470/471/453 433/472/454 469/473/455
f 469/473/455 433/472/454 434/474/456
f 469/473/455 434/474/456 468/475/457
f 468/475/457 434/474/456 435/476/458
f 468/475/457 435/476/458 467/477/459
f 467/477/459 435/476/458 436/478/460
f 467/477/459 436/478/460 466/479/461
f 466/479/461 436/478/460 437/480/462
f 466/479/461 437/480/462 465/481/463
f 465/481/463 437/480/462 438/482/464
f 465/481/463 438/482/464 464/483/465
f 464/483/465 438/482/464 439/484/466
f 464/483/465 439/484/466 463/485/467
f 463/485/467 439/484/466 440/486/468
f 463/485/467 440/486/468 462/487/469
f 462/487/469 440/486/468 441/488/470
f 462/487/469 441/488/470 461/489/471
f 461/489/471 441/488/470 442/490/472
f 461/489/471 442/490/472 460/491/473
f 460/491/473 442/490/472 443/492/474
f 460/491/473 443/492/474 459/493/475
f 459/493/475 443/492/474 444/494/476
f 459/493/475 444/494/476 458/495/477
f 458/495/477 444/494/476 445/496/478
f 458/495/477 445/496/478 457/497/479
f 457/497/479 445/496/478 446/498/480
f 457/497/479 446/498/480 456/499/481
f 456/499/481 446/498/480 447/500/482
f 456/499/481 447/500/482 455/501/483
f 455/501/483 447/500/482 448/502/484
f 455/501/483 448/502/484 454/503/485
f 454/503/485 448/502/484 449/504/486
f 454/503/485 449/504/486 453/439/421
f 453/439/421 449/504/486 450/437/419
f 236/505/487 416/506/488 211/507/489
f 211/507/489 416/506/488 415/508/490
f 211/507/489 415/508/490 450/509/491
f 416/506/488 236/505/487 417/510/492
f 417/510/492 236/505/487 235/511/493
f 417/510/492 235/511/493 418/512/494
f 418/512/494 235/511/493 234/513/495
f 418/512/494 234/513/495 419/514/496
f 419/514/496 234/513/495 420/515/497
f 420/515/497 234/513/495 233/516/498
f 420/515/497 233/516/498 421/517/499
f 421/517/499 233/516/498 232/518/500
f 421/517/499 232/518/500 422/519/501
f 422/519/501 232/518/500 423/520/502
f 423/520/502 232/518/500 231/521/503
f 423/520/502 231/521/503 424/522/504
f 424/522/504 231/521/503 230/523/505
f 424/522/504 230/523/505 425/524/506
f 425/524/506 230/523/505 229/525/507
f 425/524/506 229/525/507 426/526/508
f 426/526/508 229/525/507 427/527/509
f 427/527/509 229/525/507 228/528/510
f 427/527/509 228/528/510 428/529/511
f 428/529/511 228/528/510 227/530/512
f 428/529/511 227/530/512 429/531/513
f 429/531/513 227/530/512 430/532/514
f 430/532/514 227/530/512 226/533/515
f 430/532/514 226/533/515 431/534/516
f 431/534/516 226/533/515 225/535/517
f 431/534/516 225/535/517 432/536/518
f 432/536/518 225/535/517 224/537/519
f 432/536/518 224/537/519 433/538/520
f 433/538/520 224/537/519 434/539/521
f 434/539/521 224/537/519 223/540/522
f 434/539/521 223/540/522 435/541/523
f 435/541/523 223/540/522 222/542/524
f 435/541/523 222/542/524 436/543/525
f 436/543/525 222/542/524 221/544/526
f 436/543/525 221/544/526 437/545/527
f 437/545/527 221/544/526 438/546/528
f 438/546/528 221/544/526 220/547/529
f 438/546/528 220/547/529 439/548/530
f 439/548/530 220/547/529 219/549/531
f 439/548/530 219/549/531 440/550/532
f 440/550/532 219/549/531 441/551/533
f 441/551/533 219/549/531 218/552/534
f 441/551/533 218/552/534 442/553/535
f 442/553/535 218/552/534 217/554/536
f 442/553/535 217/554/536 443/555/537
f 443/555/537 217/554/536 216/556/538
f 443/555/537 216/556/538 444/557/539
f 444/557/539 216/556/538 445/558/540
f 445/558/540 216/556/538 215/559/541
f 445/558/540 215/559/541 446/560/542
f 446/560/542 215/559/541 214/561/543
f 446/560/542 214/561/543 447/562/544
f 447/562/544 214/561/543 448/563/545
f 448/563/545 214/561/543 213/564/546
f 448/563/545 213/564/546 449/565/547
f 449/565/547 213/564/546 212/566/548
f 449/565/547 212/566/548 450/509/491
f 450/509/491 212/566/548 211/507/489
f 488/567/549 558/568/550 487/569/551
f 487/569/551 558/568/550 523/570/552
f 487/571/551 523/572/552 522/573/553
f 522/573/553 523/572/552 524/574/554
f 522/573/553 524/574/554 525/575/555
f 488/567/549 489/576/556 558/568/550
f 558/568/550 489/576/556 557/577/557
f 557/577/557 489/576/556 490/578/558
f 557/577/557 490/578/558 556/579/559
f 556/579/559 490/578/558 491/580/560
f 556/579/559 491/580/560 555/581/561
f 555/581/561 491/580/560 492/582/562
f 555/581/561 492/582/562 554/583/563
f 554/583/563 492/582/562 493/584/564
f 554/583/563 493/584/564 553/585/565
f 553/585/565 493/584/564 494/586/566
f 553/585/565 494/586/566 552/587/567
f 552/587/567 494/586/566 495/588/568
f 552/587/567 495/588/568 551/589/569
f 551/589/569 495/588/568 496/590/570
f 551/589/569 496/590/570 550/591/571
f 550/591/571 496/590/570 497/592/572
f 550/591/571 497/592/572 549/593/573
f 549/593/573 497/592/572 498/594/574
f 549/593/573 498/594/574 548/595/575
f 548/595/575 498/594/574 499/596/576
f 548/595/575 499/596/576 547/597/577
f 547/597/577 499/596/576 500/598/578
f 547/597/577 500/598/578 546/599/579
f 546/599/579 500/598/578 501/600/580
f 546/599/579 501/600/580 545/601/581
f 545/601/581 501/600/580 502/602/582
f 545/601/581 502/602/582 544/603/583
f 544/603/583 502/602/582 503/604/584
f 544/603/583 503/604/584 543/605/585
f 543/605/585 503/604/584 504/606/586
f 543/605/585 504/606/586 542/607/587
f 542/607/587 504/606/586 505/608/588
f 542/607/587 505/608/588 541/609/589
f 541/609/589 505/608/588 506/610/590
f 541/609/589 506/610/590 540/611/591
f 540/611/591 506/610/590 507/612/592
f 540/611/591 507/612/592 539/613/593
f 539/613/593 507/612/592 508/614/594
f 539/613/593 508/614/594 538/615/595
f 538/615/595 508/614/594 509/616/596
f 538/615/595 509/616/596 537/617/597
f 537/617/597 509/616/596 510/618/598
f 537/617/597 510/618/598 536/619/599
f 536/619/599 510/618/598 511/620/600
f 536/619/599 511/620/600 535/621/601
f 535/621/601 511/620/600 512/622/602
f 535/621/601 512/622/602 534/623/603
f 534/623/603 512/622/602 513/624/604
f 534/623/603 513/624/604 533/625/605
f 533/625/605 513/624/604 514/626/606
f 533/625/605 514/626/606 532/627/607
f 532/627/607 514/626/606 515/628/608
f 532/627/607 515/628/608 531/629/609
f 531/629/609 515/628/608 516/630/610
f 531/629/609 516/630/610 530/631/611
f 530/631/611 516/630/610 517/632/612
f 530/631/611 517/632/612 529/633/613
f 529/633/613 517/632/612 518/634/614
f 529/633/613 518/634/614 528/635/615
f 528/635/615 518/634/614 519/636/616
f 528/635/615 519/636/616 527/637/617
f 527/637/617 519/636/616 520/638/618
f 527/637/617 520/638/618 526/639/619
f 526/639/619 520/638/618 521/640/620
f 526/639/619 521/640/620 525/575/555
f 525/575/555 521/640/620 522/573/553
f 134/641/621 488/642/622 109/643/623
f 109/643/623 488/642/622 487/644/624
f 109/643/623 487/644/624 522/645/625
f 488/642/622 134/641/621 489/646/626
f 489/646/626 134/641/621 133/647/627
f 489/646/626 133/647/627 490/648/628
f 490/648/628 133/647/627 132/649/629
f 490/648/628 132/649/629 491/650/630
f 491/650/630 132/649/629 492/651/631
f 492/651/631 132/649/629 131/652/632
f 492/651/631 131/652/632 493/653/633
f 493/653/633 131/652/632 130/654/634
f 493/653/633 130/654/634 494/655/635
f 494/655/635 130/654/634 495/656/636
f 495/656/636 130/654/634 129/657/637
f 495/656/636 129/657/637 496/658/638
f 496/658/638 129/657/637 128/659/639
f 496/658/638 128/659/639 497/660/640
f 497/660/640 128/659/639 127/661/641
f 497/660/640 127/661/641 498/662/642
f 498/662/642 127/661/641 499/663/643
f 499/663/643 127/661/641 126/664/644
f 499/663/643 126/664/644 500/665/645
f 500/665/645 126/664/644 125/666/646
f 500/665/645 125/666/646 501/667/647
f 501/667/647 125/666/646 502/668/648
f 502/668/648 125/666/646 124/669/649
f 502/668/648 124/669/649 503/670/650
f 503/670/650 124/669/649 123/671/651
f 503/670/650 123/671/651 504/672/652
f 504/672/652 123/671/651 122/673/653
f 504/672/652 122/673/653 505/674/654
f 505/674/654 122/673/653 506/675/655
f 506/675/655 122/673/653 121/676/656
f 506/675/655 121/676/656 507/677/657
f 507/677/657 121/676/656 120/678/658
f 507/677/657 120/678/658 508/679/659
f 508/679/659 120/678/658 119/680/660
f 508/679/659 119/680/660 509/681/661
f 509/681/661 119/680/660 510/682/662
f 510/682/662 119/680/660 118/683/663
f 510/682/662 118/683/663 511/684/664
f 511/684/664 118/683/663 117/685/665
f 511/684/664 117/685/665 512/686/666
f 512/686/666 117/685/665 513/687/667
f 513/687/667 117/685/665 116/688/668
f 513/687/667 116/688/668 514/689/669
f 514/689/669 116/688/668 115/690/670
f 514/689/669 115/690/670 515/691/671
f 515/691/671 115/690/670 114/692/672
f 515/691/671 114/692/672 516/693/673
f 516/693/673 114/692/672 517/694/674
f 517/694/674 114/692/672 113/695/675
f 517/694/674 113/695/675 518/696/676
f 518/696/676 113/695/675 112/697/677
f 518/696/676 112/697/677 519/698/678
f 519/698/678 112/697/677 520/699/679
f 520/699/679 112/697/677 111/700/680
f 520/699/679 111/700/680 521/701/681
f 521/701/681 111/700/680 110/702/682
f 521/701/681 110/702/682 522/645/625
f 522/645/625 110/702/682 109/643/623
f 560/703/683 630/704/684 559/705/685
f 559/705/685 630/704/684 595/706/686
f 559/707/685 595/708/686 594/709/687
f 594/709/687 595/708/686 596/710/688
f 594/709/687 596/710/688 597/711/689
f 560/703/683 561/712/690 630/704/684
f 630/704/684 561/712/690 629/713/691
f 629/713/691 561/712/690 562/714/692
f 629/713/691 562/714/692 628/715/693
f 628/715/693 562/714/692 563/716/694
f 628/715/693 563/716/694 627/717/695
f 627/717/695 563/716/694 564/718/696
f 627/717/695 564/718/696 626/719/697
f 626/719/697 564/718/696 565/720/698
f 626/719/697 565/720/698 625/721/699
f 625/721/699 565/720/698 566/722/700
f 625/721/699 566/722/700 624/723/701
f 624/723/701 566/722/700 567/724/702
f 624/723/701 567/724/702 623/725/703
f 623/725/703 567/724/702 568/726/704
f 623/725/703 568/726/704 622/727/705
f 622/727/705 568/726/704 569/728/706
f 622/727/705 569/728/706 621/729/707
f 621/729/707 569/728/706 570/730/708
f 621/729/707 570/730/708 620/731/709
f 620/731/709 570/730/708 571/732/710
f 620/731/709 571/732/710 619/733/711
f 619/733/711 571/732/710 572/734/712
f 619/733/711 572/734/712 618/735/713
f 618/735/713 572/734/712 573/736/714
f 618/735/713 573/736/714 617/737/715
f 617/737/715 573/736/714 574/738/716
f 617/737/715 574/738/716 616/739/717
f 616/739/717 574/738/716 575/740/718
f 616/739/717 575/740/718 615/741/719
f 615/741/719 575/740/718 576/742/720
f 615/741/719 576/742/720 614/743/721
f 614/743/721 576/742/720 577/744/722
f 614/743/721 577/744/722 613/745/723
f 613/745/723 577/744/722 578/746/724
f 613/745/723 578/746/724 612/747/725
f 612/747/725 578/746/724 579/748/726
f 612/747/725 579/748/726 611/749/727
f 611/749/727 579/748/726 580/750/728
f 611/749/727 580/750/728 610/751/729
f 610/751/729 580/750/728 581/752/730
f 610/751/729 581/752/730 609/753/731
f 609/753/731 581/752/730 582/754/732
f 609/753/731 582/754/732 608/755/733
f 608/755/733 582/754/732 583/756/734
f 608/755/733 583/756/734 607/757/735
f 607/757/735 583/756/734 584/758/736
f 607/757/735 584/758/736 606/759/737
f 606/759/737 584/758/736 585/760/738
f 606/759/737 585/760/738 605/761/739
f 605/761/739 585/760/738 586/762/740
f 605/761/739 586/762/740 604/763/741
f 604/763/741 586/762/740 587/764/742
f 604/763/741 587/764/742 603/765/743
f 603/765/743 587/764/742 588/766/744
f 603/765/743 588/766/744 602/767/745
f 602/767/745 588/766/744 589/768/746
f 602/767/745 589/768/746 601/769/747
f 601/769/747 589/768/746 590/770/748
f 601/769/747 590/770/748 600/771/749
f 600/771/749 590/770/748 591/772/750
f 600/771/749 591/772/750 599/773/751
f 599/773/751 591/772/750 592/774/752
f 599/773/751 592/774/752 598/775/753
f 598/775/753 592/774/752 593/776/754
f 598/775/753 593/776/754 597/711/689
f 597/711/689 593/776/754 594/709/687
f 338/777/755 560/778/756 313/779/757
f 313/779/757 560/778/756 559/780/758
f 313/779/757 559/780/758 594/781/759
f 560/778/756 338/777/755 561/782/760
f 561/782/760 338/777/755 337/783/761
f 561/782/760 337/783/761 562/784/762
f 562/784/762 337/783/761 336/785/763
f 562/784/762 336/785/763 563/786/764
f 563/786/764 336/785/763 564/787/765
f 564/787/765 336/785/763 335/788/766
f 564/787/765 335/788/766 565/789/767
f 565/789/767 335/788/766 334/790/768
f 565/789/767 334/790/768 566/791/769
f 566/791/769 334/790/768 567/792/770
f 567/792/770 334/790/768 333/793/771
f 567/792/770 333/793/771 568/794/772
f 568/794/772 333/793/771 332/795/773
f 568/794/772 332/795/773 569/796/774
f 569/796/774 332/795/773 331/797/775
f 569/796/774 331/797/775 570/798/776
f 570/798/776 331/797/775 571/799/777
f 571/799/777 331/797/775 330/800/778
f 571/799/777 330/800/778 572/801/779
f 572/801/779 330/800/778 329/802/780
f 572/801/779 329/802/780 573/803/781
f 573/803/781 329/802/780 574/804/782
f 574/804/782 329/802/780 328/805/783
f 574/804/782 328/805/783 575/806/784
f 575/806/784 328/805/783 327/807/785
f 575/806/784 327/807/785 576/808/786
f 576/808/786 327/807/785 326/809/787
f 576/808/786 326/809/787 577/810/788
f 577/810/788 326/809/787 578/811/789
f 578/811/789 326/809/787 325/812/790
f 578/811/789 325/812/790 579/813/791
f 579/813/791 325/812/790 324/814/792
f 579/813/791 324/814/792 580/815/793
f 580/815/793 324/814/792 323/816/794
f 580/815/793 323/816/794 581/817/795
f 581/817/795 323/816/794 582/818/796
f 582/818/796 323/816/794 322/819/797
f 582/818/796 322/819/797 583/820/798
f 583/820/798 322/819/797 321/821/799
f 583/820/798 321/821/799 584/822/800
f 584/822/800 321/821/799 585/823/801
f 585/823/801 321/821/799 320/824/802
f 585/823/801 320/824/802 586/825/803
f 586/825/803 320/824/802 319/826/804
f 586/825/803 319/826/804 587/827/805
f 587/827/805 319/826/804 318/828/806
f 587/827/805 318/828/806 588/829/807
f 588/829/807 318/828/806 589/830/808
f 589/830/808 318/828/806 317/831/809
f 589/830/808 317/831/809 590/832/810
f 590/832/810 317/831/809 316/833/811
f 590/832/810 316/833/811 591/834/812
f 591/834/812 316/833/811 592/835/813
f 592/835/813 316/833/811 315/836/814
f 592/835/813 315/836/814 593/837/815
f 593/837/815 315/836/814 314/838/816
f 593/837/815 314/838/816 594/781/759
f 594/781/759 314/838/816 313/779/757
f 632/839/817 702/840/818 631/841/819
f 631/841/819 702/840/818 667/842/820
f 631/843/819 667/844/820 666/845/821
f 666/845/821 667/844/820 668/846/822
f 666/845/821 668/846/822 669/847/823
f 632/839/817 633/848/824 702/840/818
f 702/840/818 633/848/824 701/849/825
f 701/849/825 633/848/824 634/850/826
f 701/849/825 634/850/826 700/851/827
f 700/851/827 634/850/826 635/852/828
f 700/851/827 635/852/828 699/853/829
f 699/853/829 635/852/828 636/854/830
f 699/853/829 636/854/830 698/855/831
f 698/855/831 636/854/830 637/856/832
f 698/855/831 637/856/832 697/857/833
f 697/857/833 637/856/832 638/858/834
f 697/857/833 638/858/834 696/859/835
f 696/859/835 638/858/834 639/860/836
f 696/859/835 639/860/836 695/861/837
f 695/861/837 639/860/836 640/862/838
f 695/861/837 640/862/838 694/863/839
f 694/863/839 640/862/838 641/864/840
f 694/863/839 641/864/840 693/865/841
f 693/865/841 641/864/840 642/866/842
f 693/865/841 642/866/842 692/867/843
f 692/867/843 642/866/842 643/868/844
f 692/867/843 643/868/844 691/869/845
f 691/869/845 643/868/844 644/870/846
f 691/869/845 644/870/846 690/871/847
f 690/871/847 644/870/846 645/872/848
f 690/871/847 645/872/848 689/873/849
f 689/873/849 645/872/848 646/874/850
f 689/873/849 646/874/850 688/875/851
f 688/875/851 646/874/850 647/876/852
f 688/875/851 647/876/852 687/877/853
f 687/877/853 647/876/852 648/878/854
f 687/877/853 648/878/854 686/879/855
f 686/879/855 648/878/854 649/880/856
f 686/879/855 649/880/856 685/881/857
f 685/881/857 649/880/856 650/882/858
f 685/881/857 650/882/858 684/883/859
f 684/883/859 650/882/858 651/884/860
f 684/883/859 651/884/860 683/885/861
f 683/885/861 651/884/860 652/886/862
f 683/885/861 652/886/862 682/887/863
f 682/887/863 652/886/862 653/888/864
f 682/887/863 653/888/864 681/889/865
f 681/889/865 653/888/864 654/890/866
f 681/889/865 654/890/866 680/891/867
f 680/891/867 654/890/866 655/892/868
f 680/891/867 655/892/868 679/893/869
f 679/893/869 655/892/868 656/894/870
f 679/893/869 656/894/870 678/895/871
f 678/895/871 656/894/870 657/896/872
f 678/895/871 657/896/872 677/897/873
f 677/897/873 657/896/872 658/898/874
f 677/897/873 658/898/874 676/899/875
f 676/899/875 658/898/874 659/900/876
f 676/899/875 659/900/876 675/901/877
f 675/901/877 659/900/876 660/902/878
f 675/901/877 660/902/878 674/903/879
f 674/903/879 660/902/878 661/904/880
f 674/903/879 661/904/880 673/905/881
f 673/905/881 661/904/880 662/906/882
f 673/905/881 662/906/882 672/907/883
f 672/907/883 662/906/882 663/908/884
f 672/907/883 663/908/884 671/909/885
f 671/909/885 663/908/884 664/910/886
f 671/909/885 664/910/886 670/911/887
f 670/911/887 664/910/886 665/912/888
f 670/911/887 665/912/888 669/847/823
f 669/847/823 665/912/888 666/845/821
f 27/913/889 632/914/890 1/915/891
f 1/915/891 632/914/890 631/916/892
f 1/915/891 631/916/892 666/917/893
f 632/914/890 27/913/889 633/918/894
f 633/918/894 27/913/889 26/919/895
f 633/918/894 26/919/895 634/920/896
f 634/920/896 26/919/895 25/921/897
f 634/920/896 25/921/897 635/922/898
f 635/922/898 25/921/897 636/923/899
f 636/923/899 25/921/897 24/924/900
f 636/923/899 24/924/900 637/925/901
f 637/925/901 24/924/900 23/926/902
f 637/925/901 23/926/902 638/927/903
f 638/927/903 23/926/902 22/928/904
f 638/927/903 22/928/904 639/929/905
f 639/929/905 22/928/904 640/930/906
f 640/930/906 22/928/904 21/931/907
f 640/930/906 21/931/907 641/932/908
f 641/932/908 21/931/907 20/933/909
f 641/932/908 20/933/909 642/934/910
f 642/934/910 20/933/909 19/935/911
f 642/934/910 19/935/911 643/936/912
f 643/936/912 19/935/911 644/937/913
f 644/937/913 19/935/911 18/938/914
f 644/937/913 18/938/914 645/939/915
f 645/939/915 18/938/914 17/940/916
f 645/939/915 17/940/916 646/941/917
f 646/941/917 17/940/916 16/942/918
f 646/941/917 16/942/918 647/943/919
f 647/943/919 16/942/918 648/944/920
f 648/944/920 16/942/918 15/945/921
f 648/944/920 15/945/921 649/946/922
f 649/946/922 15/945/921 14/947/923
f 649/946/922 14/947/923 650/948/924
f 650/948/924 14/947/923 13/949/925
f 650/948/924 13/949/925 651/950/926
f 651/950/926 13/949/925 652/951/927
f 652/951/927 13/949/925 12/952/928
f 652/951/927 12/952/928 653/953/929
f 653/953/929 12/952/928 11/954/930
f 653/953/929 11/954/930 654/955/931
f 654/955/931 11/954/930 10/956/932
f 654/955/931 10/956/932 655/957/933
f 655/957/933 10/956/932 656/958/934
f 656/958/934 10/956/932 9/959/935
f 656/958/934 9/959/935 657/960/936
f 657/960/936 9/959/935 8/961/937
f 657/960/936 8/961/937 658/962/938
f 658/962/938 8/961/937 7/963/939
f 658/962/938 7/963/939 659/964/940
f 659/964/940 7/963/939 660/965/941
f 660/965/941 7/963/939 6/966/942
f 660/965/941 6/966/942 661/967/943
f 661/967/943 6/966/942 5/968/944
f 661/967/943 5/968/944 662/969/945
f 662/969/945 5/968/944 4/970/946
f 662/969/945 4/970/946 663/971/947
f 663/971/947 4/970/946 664/972/948
f 664/972/948 4/970/946 3/973/949
f 664/972/948 3/973/949 665/974/950
f 665/974/950 3/973/949 2/975/951
f 665/974/950 2/975/951 666/917/893
f 666/917/893 2/975/951 1/915/891
f 452/976/952 451/977/953 780/978/954
f 780/978/954 451/977/953 486/979/955
f 780/978/954 486/979/955 779/980/956
f 779/980/956 486/979/955 485/981/957
f 779/980/956 485/981/957 484/982/958
f 779/980/956 484/982/958 778/983/959
f 778/983/959 484/982/958 483/984/960
f 778/983/959 483/984/960 482/985/961
f 482/985/961 481/986/962 778/983/959
f 778/983/959 481/986/962 777/987/963
f 777/987/963 481/986/962 480/988/964
f 777/987/963 480/988/964 479/989/965
f 479/989/965 478/990/966 777/987/963
f 777/987/963 478/990/966 776/991/967
f 776/991/967 478/990/966 477/992/968
f 776/991/967 477/992/968 476/993/969
f 776/991/967 476/993/969 775/994/970
f 775/994/970 476/993/969 475/995/971
f 775/994/970 475/995/971 474/996/972
f 474/996/972 473/997/973 775/994/970
f 775/994/970 473/997/973 774/998/974
f 774/998/974 473/997/973 472/999/975
f 774/998/974 472/999/975 471/1000/976
f 471/1000/976 470/1001/977 774/998/974
f 774/998/974 470/1001/977 773/1002/978
f 773/1002/978 470/1001/977 469/1003/979
f 773/1002/978 469/1003/979 468/1004/980
f 468/1004/980 467/1005/981 773/1002/978
f 773/1002/978 467/1005/981 772/1006/982
f 772/1006/982 467/1005/981 466/1007/983
f 772/1006/982 466/1007/983 465/1008/984
f 465/1008/984 464/1009/985 772/1006/982
f 772/1006/982 464/1009/985 463/1010/986
f 772/1006/982 463/1010/986 462/1011/987
f 462/1011/987 461/1012/988 772/1006/982
f 772/1006/982 461/1012/988 460/1013/989
f 772/1006/982 460/1013/989 459/1014/990
f 459/1014/990 458/1015/991 772/1006/982
f 772/1006/982 458/1015/991 720/1016/992
f 772/1006/982 720/1016/992 721/1017/993
f 720/1016/992 458/1015/991 780/978/954
f 780/978/954 458/1015/991 457/1018/994
f 780/978/954 457/1018/994 456/1019/995
f 456/1019/995 455/1020/996 780/978/954
f 780/978/954 455/1020/996 454/1021/997
f 780/978/954 454/1021/997 453/1022/998
f 453/1022/998 452/976/952 780/978/954
f 524/1023/999 523/1024/1000 802/1025/1001
f 802/1025/1001 523/1024/1000 558/1026/1002
f 802/1025/1001 558/1026/1002 557/1027/1003
f 556/1028/1004 770/1029/1005 557/1027/1003
f 557/1027/1003 770/1029/1005 736/1030/1006
f 557/1027/1003 736/1030/1006 802/1025/1001
f 802/1025/1001 736/1030/1006 737/1031/1007
f 802/1025/1001 737/1031/1007 801/1032/1008
f 801/1032/1008 737/1031/1007 738/1033/1009
f 801/1032/1008 738/1033/1009 739/1034/1010
f 556/1028/1004 555/1035/1011 770/1029/1005
f 770/1029/1005 555/1035/1011 554/1036/1012
f 770/1029/1005 554/1036/1012 553/1037/1013
f 553/1037/1013 552/1038/1014 770/1029/1005
f 770/1029/1005 552/1038/1014 551/1039/1015
f 770/1029/1005 551/1039/1015 550/1040/1016
f 550/1040/1016 549/1041/1017 770/1029/1005
f 770/1029/1005 549/1041/1017 769/1042/1018
f 769/1042/1018 549/1041/1017 548/1043/1019
f 769/1042/1018 548/1043/1019 547/1044/1020
f 769/1042/1018 547/1044/1020 768/1045/1021
f 768/1045/1021 547/1044/1020 546/1046/1022
f 768/1045/1021 546/1046/1022 545/1047/1023
f 545/1047/1023 544/1048/1024 768/1045/1021
f 768/1045/1021 544/1048/1024 767/1049/1025
f 767/1049/1025 544/1048/1024 543/1050/1026
f 767/1049/1025 543/1050/1026 542/1051/1027
f 542/1051/1027 541/1052/1028 767/1049/1025
f 767/1049/1025 541/1052/1028 766/1053/1029
f 766/1053/1029 541/1052/1028 540/1054/1030
f 766/1053/1029 540/1054/1030 539/1055/1031
f 766/1053/1029 539/1055/1031 765/1056/1032
f 765/1056/1032 539/1055/1031 538/1057/1033
f 765/1056/1032 538/1057/1033 537/1058/1034
f 537/1058/1034 536/1059/1035 765/1056/1032
f 765/1056/1032 536/1059/1035 764/1060/1036
f 764/1060/1036 536/1059/1035 535/1061/1037
f 764/1060/1036 535/1061/1037 534/1062/1038
f 534/1062/1038 533/1063/1039 764/1060/1036
f 764/1060/1036 533/1063/1039 763/1064/1040
f 763/1064/1040 533/1063/1039 532/1065/1041
f 763/1064/1040 532/1065/1041 531/1066/1042
f 531/1066/1042 530/1067/1043 763/1064/1040
f 763/1064/1040 530/1067/1043 802/1025/1001
f 802/1025/1001 530/1067/1043 529/1068/1044
f 802/1025/1001 529/1068/1044 528/1069/1045
f 528/1069/1045 527/1070/1046 802/1025/1001
f 802/1025/1001 527/1070/1046 526/1071/1047
f 802/1025/1001 526/1071/1047 525/1072/1048
f 525/1072/1048 524/1023/999 802/1025/1001
f 630/1073/1049 786/1074/1050 595/1075/1051
f 595/1075/1051 786/1074/1050 787/1076/1052
f 595/1075/1051 787/1076/1052 596/1077/1053
f 596/1077/1053 787/1076/1052 597/1078/1054
f 597/1078/1054 787/1076/1052 598/1079/1055
f 598/1079/1055 787/1076/1052 788/1080/1056
f 598/1079/1055 788/1080/1056 599/1081/1057
f 599/1081/1057 788/1080/1056 600/1082/1058
f 600/1082/1058 788/1080/1056 601/1083/1059
f 601/1083/1059 788/1080/1056 789/1084/1060
f 601/1083/1059 789/1084/1060 602/1085/1061
f 602/1085/1061 789/1084/1060 603/1086/1062
f 603/1086/1062 789/1084/1060 790/1087/1063
f 603/1086/1062 790/1087/1063 604/1088/1064
f 604/1088/1064 790/1087/1063 605/1089/1065
f 605/1089/1065 790/1087/1063 606/1090/1066
f 606/1090/1066 790/1087/1063 607/1091/1067
f 607/1091/1067 790/1087/1063 608/1092/1068
f 608/1092/1068 790/1087/1063 609/1093/1069
f 609/1093/1069 790/1087/1063 610/1094/1070
f 610/1094/1070 790/1087/1063 611/1095/1071
f 611/1095/1071 790/1087/1063 706/1096/1072
f 611/1095/1071 706/1096/1072 782/1097/1073
f 782/1097/1073 706/1096/1072 707/1098/1074
f 782/1097/1073 707/1098/1074 781/1099/1075
f 781/1099/1075 707/1098/1074 708/1100/1076
f 781/1099/1075 708/1100/1076 709/1101/1077
f 630/1073/1049 629/1102/1078 786/1074/1050
f 786/1074/1050 629/1102/1078 785/1103/1079
f 785/1103/1079 629/1102/1078 628/1104/1080
f 785/1103/1079 628/1104/1080 627/1105/1081
f 627/1105/1081 626/1106/1082 785/1103/1079
f 785/1103/1079 626/1106/1082 784/1107/1083
f 784/1107/1083 626/1106/1082 625/1108/1084
f 784/1107/1083 625/1108/1084 624/1109/1085
f 624/1109/1085 623/1110/1086 784/1107/1083
f 784/1107/1083 623/1110/1086 783/1111/1087
f 783/1111/1087 623/1110/1086 622/1112/1088
f 783/1111/1087 622/1112/1088 621/1113/1089
f 621/1113/1089 620/1114/1090 783/1111/1087
f 783/1111/1087 620/1114/1090 782/1097/1073
f 782/1097/1073 620/1114/1090 619/1115/1091
f 782/1097/1073 619/1115/1091 618/1116/1092
f 618/1116/1092 617/1117/1093 782/1097/1073
f 782/1097/1073 617/1117/1093 616/1118/1094
f 782/1097/1073 616/1118/1094 615/1119/1095
f 615/1119/1095 614/1120/1096 782/1097/1073
f 782/1097/1073 614/1120/1096 613/1121/1097
f 782/1097/1073 613/1121/1097 612/1122/1098
f 612/1122/1098 611/1095/1071 782/1097/1073
f 668/1123/1099 667/1124/1100 793/1125/1101
f 793/1125/1101 667/1124/1100 702/1126/1102
f 793/1125/1101 702/1126/1102 701/1127/1103
f 793/1125/1101 701/1127/1103 792/1128/1104
f 792/1128/1104 701/1127/1103 700/1129/1105
f 792/1128/1104 700/1129/1105 699/1130/1106
f 699/1130/1106 698/1131/1107 792/1128/1104
f 792/1128/1104 698/1131/1107 697/1132/1108
f 792/1128/1104 697/1132/1108 696/1133/1109
f 696/1133/1109 695/1134/1110 792/1128/1104
f 792/1128/1104 695/1134/1110 694/1135/1111
f 792/1128/1104 694/1135/1111 693/1136/1112
f 693/1136/1112 692/1137/1113 792/1128/1104
f 792/1128/1104 692/1137/1113 751/1138/1114
f 792/1128/1104 751/1138/1114 752/1139/1115
f 751/1138/1114 692/1137/1113 800/1140/1116
f 800/1140/1116 692/1137/1113 691/1141/1117
f 800/1140/1116 691/1141/1117 690/1142/1118
f 690/1142/1118 689/1143/1119 800/1140/1116
f 800/1140/1116 689/1143/1119 688/1144/1120
f 800/1140/1116 688/1144/1120 687/1145/1121
f 687/1145/1121 686/1146/1122 800/1140/1116
f 800/1140/1116 686/1146/1122 685/1147/1123
f 800/1140/1116 685/1147/1123 684/1148/1124
f 800/1140/1116 684/1148/1124 799/1149/1125
f 799/1149/1125 684/1148/1124 683/1150/1126
f 799/1149/1125 683/1150/1126 682/1151/1127
f 799/1149/1125 682/1151/1127 798/1152/1128
f 798/1152/1128 682/1151/1127 681/1153/1129
f 798/1152/1128 681/1153/1129 680/1154/1130
f 680/1154/1130 679/1155/1131 798/1152/1128
f 798/1152/1128 679/1155/1131 797/1156/1132
f 797/1156/1132 679/1155/1131 678/1157/1133
f 797/1156/1132 678/1157/1133 677/1158/1134
f 677/1158/1134 676/1159/1135 797/1156/1132
f 797/1156/1132 676/1159/1135 796/1160/1136
f 796/1160/1136 676/1159/1135 675/1161/1137
f 796/1160/1136 675/1161/1137 674/1162/1138
f 796/1160/1136 674/1162/1138 795/1163/1139
f 795/1163/1139 674/1162/1138 673/1164/1140
f 795/1163/1139 673/1164/1140 672/1165/1141
f 672/1165/1141 671/1166/1142 795/1163/1139
f 795/1163/1139 671/1166/1142 794/1167/1143
f 794/1167/1143 671/1166/1142 670/1168/1144
f 794/1167/1143 670/1168/1144 669/1169/1145
f 669/1169/1145 668/1123/1099 794/1167/1143
f 794/1167/1143 668/1123/1099 793/1125/1101
f 762/1170/1146 703/1171/1147 791/1172/1148
f 791/1172/1148 703/1171/1147 704/1173/1149
f 791/1172/1148 704/1173/1149 705/1174/1150
f 791/1172/1148 705/1174/1150 790/1087/1063
f 790/1087/1063 705/1174/1150 706/1096/1072
f 709/1101/1077 710/1175/1151 781/1099/1075
f 781/1099/1075 710/1175/1151 711/1176/1152
f 781/1099/1075 711/1176/1152 712/1177/1153
f 712/1177/1153 713/1178/1154 781/1099/1075
f 781/1099/1075 713/1178/1154 714/1179/1155
f 781/1099/1075 714/1179/1155 715/1180/1156
f 715/1180/1156 716/1181/1157 781/1099/1075
f 781/1099/1075 716/1181/1157 717/1182/1158
f 781/1099/1075 717/1182/1158 718/1183/1159
f 718/1183/1159 719/1184/1160 781/1099/1075
f 781/1099/1075 719/1184/1160 720/1016/992
f 781/1099/1075 720/1016/992 780/978/954
f 721/1017/993 722/1185/1161 772/1006/982
f 772/1006/982 722/1185/1161 771/1186/1162
f 771/1186/1162 722/1185/1161 723/1187/1163
f 771/1186/1162 723/1187/1163 724/1188/1164
f 724/1188/1164 725/1189/1165 771/1186/1162
f 771/1186/1162 725/1189/1165 726/1190/1166
f 771/1186/1162 726/1190/1166 727/1191/1167
f 727/1191/1167 728/1192/1168 771/1186/1162
f 771/1186/1162 728/1192/1168 729/1193/1169
f 771/1186/1162 729/1193/1169 730/1194/1170
f 730/1194/1170 731/1195/1171 771/1186/1162
f 771/1186/1162 731/1195/1171 732/1196/1172
f 771/1186/1162 732/1196/1172 733/1197/1173
f 733/1197/1173 734/1198/1174 771/1186/1162
f 771/1186/1162 734/1198/1174 735/1199/1175
f 771/1186/1162 735/1199/1175 770/1029/1005
f 770/1029/1005 735/1199/1175 736/1030/1006
f 739/1034/1010 740/1200/1176 801/1032/1008
f 801/1032/1008 740/1200/1176 741/1201/1177
f 801/1032/1008 741/1201/1177 742/1202/1178
f 742/1202/1178 743/1203/1179 801/1032/1008
f 801/1032/1008 743/1203/1179 744/1204/1180
f 801/1032/1008 744/1204/1180 745/1205/1181
f 745/1205/1181 746/1206/1182 801/1032/1008
f 801/1032/1008 746/1206/1182 747/1207/1183
f 801/1032/1008 747/1207/1183 748/1208/1184
f 748/1208/1184 749/1209/1185 801/1032/1008
f 801/1032/1008 749/1209/1185 750/1210/1186
f 801/1032/1008 750/1210/1186 800/1140/1116
f 800/1140/1116 750/1210/1186 751/1138/1114
f 792/1128/1104 752/1139/1115 791/1172/1148
f 791/1172/1148 752/1139/1115 753/1211/1187
f 791/1172/1148 753/1211/1187 754/1212/1188
f 754/1212/1188 755/1213/1189 791/1172/1148
f 791/1172/1148 755/1213/1189 756/1214/1190
f 791/1172/1148 756/1214/1190 757/1215/1191
f 757/1215/1191 758/1216/1192 791/1172/1148
f 791/1172/1148 758/1216/1192 759/1217/1193
f 791/1172/1148 759/1217/1193 760/1218/1194
f 760/1218/1194 761/1219/1195 791/1172/1148
f 791/1172/1148 761/1219/1195 762/1170/1146
f 804/1220/1196 884/1221/1197 803/1222/1198
f 803/1222/1198 884/1221/1197 885/1223/1199
f 803/1222/1198 885/1223/1199 886/1224/1200
f 884/1221/1197 804/1220/1196 883/1225/1201
f 883/1225/1201 804/1220/1196 805/1226/1202
f 883/1225/1201 805/1226/1202 882/1227/1203
f 882/1227/1203 805/1226/1202 806/1228/1204
f 882/1227/1203 806/1228/1204 881/1229/1205
f 881/1229/1205 806/1228/1204 807/1230/1206
f 881/1229/1205 807/1230/1206 880/1231/1207
f 880/1231/1207 807/1230/1206 808/1232/1208
f 880/1231/1207 808/1232/1208 879/1233/1209
f 879/1233/1209 808/1232/1208 809/1234/1210
f 879/1233/1209 809/1234/1210 878/1235/1211
f 878/1235/1211 809/1234/1210 810/1236/1212
f 878/1235/1211 810/1236/1212 877/1237/1213
f 877/1237/1213 810/1236/1212 876/1238/1214
f 876/1238/1214 810/1236/1212 811/1239/1215
f 876/1238/1214 811/1239/1215 875/1240/1216
f 875/1240/1216 811/1239/1215 812/1241/1217
f 875/1240/1216 812/1241/1217 874/1242/1218
f 874/1242/1218 812/1241/1217 813/1243/1219
f 874/1242/1218 813/1243/1219 873/1244/1220
f 873/1244/1220 813/1243/1219 814/1245/1221
f 873/1244/1220 814/1245/1221 872/1246/1222
f 872/1246/1222 814/1245/1221 815/1247/1223
f 872/1246/1222 815/1247/1223 871/1248/1224
f 871/1248/1224 815/1247/1223 816/1249/1225
f 871/1248/1224 816/1249/1225 870/1250/1226
f 870/1250/1226 816/1249/1225 869/1251/1227
f 869/1251/1227 816/1249/1225 817/1252/1228
f 869/1251/1227 817/1252/1228 868/1253/1229
f 868/1253/1229 817/1252/1228 818/1254/1230
f 868/1253/1229 818/1254/1230 867/1255/1231
f 867/1255/1231 818/1254/1230 819/1256/1232
f 867/1255/1231 819/1256/1232 866/1257/1233
f 866/1257/1233 819/1256/1232 820/1258/1234
f 866/1257/1233 820/1258/1234 865/1259/1235
f 865/1259/1235 820/1258/1234 821/1260/1236
f 865/1259/1235 821/1260/1236 864/1261/1237
f 864/1261/1237 821/1260/1236 822/1262/1238
f 864/1261/1237 822/1262/1238 863/1263/1239
f 863/1263/1239 822/1262/1238 862/1264/1240
f 862/1264/1240 822/1262/1238 823/1265/1241
f 862/1264/1240 823/1265/1241 861/1266/1242
f 861/1266/1242 823/1265/1241 824/1267/1243
f 861/1266/1242 824/1267/1243 860/1268/1244
f 860/1268/1244 824/1267/1243 825/1269/1245
f 860/1268/1244 825/1269/1245 859/1270/1246
f 859/1270/1246 825/1269/1245 826/1271/1247
f 859/1270/1246 826/1271/1247 858/1272/1248
f 858/1272/1248 826/1271/1247 827/1273/1249
f 858/1272/1248 827/1273/1249 857/1274/1250
f 857/1274/1250 827/1273/1249 828/1275/1251
f 857/1274/1250 828/1275/1251 856/1276/1252
f 856/1276/1252 828/1275/1251 829/1277/1253
f 856/1276/1252 829/1277/1253 855/1278/1254
f 855/1278/1254 829/1277/1253 914/1279/1255
f 914/1279/1255 829/1277/1253 830/1280/1256
f 914/1279/1255 830/1280/1256 913/1281/1257
f 913/1281/1257 830/1280/1256 831/1282/1258
f 913/1281/1257 831/1282/1258 912/1283/1259
f 912/1283/1259 831/1282/1258 832/1284/1260
f 912/1283/1259 832/1284/1260 911/1285/1261
f 911/1285/1261 832/1284/1260 833/1286/1262
f 911/1285/1261 833/1286/1262 910/1287/1263
f 910/1287/1263 833/1286/1262 834/1288/1264
f 910/1287/1263 834/1288/1264 909/1289/1265
f 909/1289/1265 834/1288/1264 835/1290/1266
f 909/1289/1265 835/1290/1266 908/1291/1267
f 908/1291/1267 835/1290/1266 836/1292/1268
f 908/1291/1267 836/1292/1268 907/1293/1269
f 907/1293/1269 836/1292/1268 906/1294/1270
f 906/1294/1270 836/1292/1268 837/1295/1271
f 906/1294/1270 837/1295/1271 905/1296/1272
f 905/1296/1272 837/1295/1271 838/1297/1273
f 905/1296/1272 838/1297/1273 904/1298/1274
f 904/1298/1274 838/1297/1273 839/1299/1275
f 904/1298/1274 839/1299/1275 903/1300/1276
f 903/1300/1276 839/1299/1275 840/1301/1277
f 903/1300/1276 840/1301/1277 902/1302/1278
f 902/1302/1278 840/1301/1277 841/1303/1279
f 902/1302/1278 841/1303/1279 901/1304/1280
f 901/1304/1280 841/1303/1279 842/1305/1281
f 901/1304/1280 842/1305/1281 900/1306/1282
f 900/1306/1282 842/1305/1281 899/1307/1283
f 899/1307/1283 842/1305/1281 843/1308/1284
f 899/1307/1283 843/1308/1284 898/1309/1285
f 898/1309/1285 843/1308/1284 844/1310/1286
f 898/1309/1285 844/1310/1286 897/1311/1287
f 897/1311/1287 844/1310/1286 845/1312/1288
f 897/1311/1287 845/1312/1288 896/1313/1289
f 896/1313/1289 845/1312/1288 846/1314/1290
f 896/1313/1289 846/1314/1290 895/1315/1291
f 895/1315/1291 846/1314/1290 847/1316/1292
f 895/1315/1291 847/1316/1292 894/1317/1293
f 894/1317/1293 847/1316/1292 848/1318/1294
f 894/1317/1293 848/1318/1294 893/1319/1295
f 893/1319/1295 848/1318/1294 892/1320/1296
f 892/1320/1296 848/1318/1294 849/1321/1297
f 892/1320/1296 849/1321/1297 891/1322/1298
f 891/1322/1298 849/1321/1297 850/1323/1299
f 891/1322/1298 850/1323/1299 890/1324/1300
f 890/1324/1300 850/1323/1299 851/1325/1301
f 890/1324/1300 851/1325/1301 889/1326/1302
f 889/1326/1302 851/1325/1301 852/1327/1303
f 889/1326/1302 852/1327/1303 888/1328/1304
f 888/1328/1304 852/1327/1303 853/1329/1305
f 888/1328/1304 853/1329/1305 887/1330/1306
f 887/1330/1306 853/1329/1305 854/1331/1307
f 887/1330/1306 854/1331/1307 886/1224/1200
f 886/1224/1200 854/1331/1307 803/1222/1198
f 916/1332/1308 804/1333/1309 915/1334/1310
f 915/1334/1310 804/1333/1309 803/1335/1311
f 915/1336/1310 803/1337/1311 966/1338/1312
f 966/1338/1312 803/1337/1311 854/1339/1313
f 966/1338/1312 854/1339/1313 965/1340/1314
f 965/1340/1314 854/1339/1313 853/1341/1315
f 965/1340/1314 853/1341/1315 964/1342/1316
f 964/1342/1316 853/1341/1315 852/1343/1317
f 964/1342/1316 852/1343/1317 963/1344/1318
f 963/1344/1318 852/1343/1317 851/1345/1319
f 963/1344/1318 851/1345/1319 962/1346/1320
f 962/1346/1320 851/1345/1319 850/1347/1321
f 962/1346/1320 850/1347/1321 961/1348/1322
f 961/1348/1322 850/1347/1321 849/1349/1323
f 961/1348/1322 849/1349/1323 960/1350/1324
f 960/1350/1324 849/1349/1323 848/1351/1325
f 960/1350/1324 848/1351/1325 959/1352/1326
f 959/1352/1326 848/1351/1325 847/1353/1327
f 959/1352/1326 847/1353/1327 958/1354/1328
f 958/1354/1328 847/1353/1327 846/1355/1329
f 958/1354/1328 846/1355/1329 957/1356/1330
f 957/1356/1330 846/1355/1329 845/1357/1331
f 957/1356/1330 845/1357/1331 956/1358/1332
f 956/1358/1332 845/1357/1331 844/1359/1333
f 956/1358/1332 844/1359/1333 955/1360/1334
f 955/1360/1334 844/1359/1333 843/1361/1335
f 955/1360/1334 843/1361/1335 954/1362/1336
f 954/1362/1336 843/1361/1335 842/1363/1337
f 954/1362/1336 842/1363/1337 953/1364/1338
f 953/1364/1338 842/1363/1337 841/1365/1339
f 953/1364/1338 841/1365/1339 952/1366/1340
f 952/1366/1340 841/1365/1339 840/1367/1341
f 952/1366/1340 840/1367/1341 951/1368/1342
f 951/1368/1342 840/1367/1341 839/1369/1343
f 951/1368/1342 839/1369/1343 950/1370/1344
f 950/1370/1344 839/1369/1343 838/1371/1345
f 950/1370/1344 838/1371/1345 949/1372/1346
f 949/1372/1346 838/1371/1345 837/1373/1347
f 949/1372/1346 837/1373/1347 948/1374/1348
f 948/1374/1348 837/1373/1347 836/1375/1349
f 948/1374/1348 836/1375/1349 947/1376/1350
f 947/1376/1350 836/1375/1349 835/1377/1351
f 947/1376/1350 835/1377/1351 946/1378/1352
f 946/1378/1352 835/1377/1351 834/1379/1353
f 946/1378/1352 834/1379/1353 945/1380/1354
f 945/1380/1354 834/1379/1353 833/1381/1355
f 945/1380/1354 833/1381/1355 944/1382/1356
f 944/1382/1356 833/1381/1355 832/1383/1357
f 944/1382/1356 832/1383/1357 943/1384/1358
f 943/1384/1358 832/1383/1357 831/1385/1359
f 943/1384/1358 831/1385/1359 942/1386/1360
f 942/1386/1360 831/1385/1359 830/1387/1361
f 942/1386/1360 830/1387/1361 941/1388/1362
f 941/1388/1362 830/1387/1361 829/1389/1363
f 941/1388/1362 829/1389/1363 940/1390/1364
f 940/1390/1364 829/1389/1363 828/1391/1365
f 940/1390/1364 828/1391/1365 939/1392/1366
f 939/1392/1366 828/1391/1365 827/1393/1367
f 939/1392/1366 827/1393/1367 938/1394/1368
f 938/1394/1368 827/1393/1367 826/1395/1369
f 938/1394/1368 826/1395/1369 937/1396/1370
f 937/1396/1370 826/1395/1369 825/1397/1371
f 937/1396/1370 825/1397/1371 936/1398/1372
f 936/1398/1372 825/1397/1371 824/1399/1373
f 936/1398/1372 824/1399/1373 935/1400/1374
f 935/1400/1374 824/1399/1373 823/1401/1375
f 935/1400/1374 823/1401/1375 934/1402/1376
f 934/1402/1376 823/1401/1375 822/1403/1377
f 934/1402/1376 822/1403/1377 933/1404/1378
f 933/1404/1378 822/1403/1377 821/1405/1379
f 933/1404/1378 821/1405/1379 932/1406/1380
f 932/1406/1380 821/1405/1379 820/1407/1381
f 932/1406/1380 820/1407/1381 931/1408/1382
f 931/1408/1382 820/1407/1381 819/1409/1383
f 931/1408/1382 819/1409/1383 930/1410/1384
f 930/1410/1384 819/1409/1383 818/1411/1385
f 930/1410/1384 818/1411/1385 929/1412/1386
f 929/1412/1386 818/1411/1385 817/1413/1387
f 929/1412/1386 817/1413/1387 928/1414/1388
f 928/1414/1388 817/1413/1387 816/1415/1389
f 928/1414/1388 816/1415/1389 927/1416/1390
f 927/1416/1390 816/1415/1389 815/1417/1391
f 927/1416/1390 815/1417/1391 926/1418/1392
f 926/1418/1392 815/1417/1391 814/1419/1393
f 926/1418/1392 814/1419/1393 925/1420/1394
f 925/1420/1394 814/1419/1393 813/1421/1395
f 925/1420/1394 813/1421/1395 924/1422/1396
f 924/1422/1396 813/1421/1395 812/1423/1397
f 924/1422/1396 812/1423/1397 923/1424/1398
f 923/1424/1398 812/1423/1397 811/1425/1399
f 923/1424/1398 811/1425/1399 922/1426/1400
f 922/1426/1400 811/1425/1399 810/1427/1401
f 922/1426/1400 810/1427/1401 921/1428/1402
f 921/1428/1402 810/1427/1401 809/1429/1403
f 921/1428/1402 809/1429/1403 920/1430/1404
f 920/1430/1404 809/1429/1403 808/1431/1405
f 920/1430/1404 808/1431/1405 919/1432/1406
f 919/1432/1406 808/1431/1405 807/1433/1407
f 919/1432/1406 807/1433/1407 918/1434/1408
f 918/1434/1408 807/1433/1407 806/1435/1409
f 918/1434/1408 806/1435/1409 917/1436/1410
f 917/1436/1410 806/1435/1409 805/1437/1411
f 917/1436/1410 805/1437/1411 916/1332/1308
f 916/1332/1308 805/1437/1411 804/1333/1309
f 916/1438/1412 915/1439/1413 983/1440/1414
f 983/1440/1414 915/1439/1413 966/1441/1415
f 983/1440/1414 966/1441/1415 965/1442/1416
f 965/1442/1416 964/1443/1417 983/1440/1414
f 983/1440/1414 964/1443/1417 963/1444/1418
f 983/1440/1414 963/1444/1418 962/1445/1419
f 962/1445/1419 961/1446/1420 983/1440/1414
f 983/1440/1414 961/1446/1420 960/1447/1421
f 983/1440/1414 960/1447/1421 959/1448/1422
f 959/1448/1422 958/1449/1423 983/1440/1414
f 983/1440/1414 958/1449/1423 957/1450/1424
f 983/1440/1414 957/1450/1424 980/1451/1425
f 980/1451/1425 957/1450/1424 979/1452/1426
f 979/1452/1426 957/1450/1424 956/1453/1427
f 979/1452/1426 956/1453/1427 978/1454/1428
f 978/1454/1428 956/1453/1427 975/1455/1429
f 978/1454/1428 975/1455/1429 977/1456/1430
f 977/1456/1430 975/1455/1429 976/1457/1431
f 956/1453/1427 955/1458/1432 975/1455/1429
f 975/1455/1429 955/1458/1432 954/1459/1433
f 975/1455/1429 954/1459/1433 953/1460/1434
f 953/1460/1434 952/1461/1435 975/1455/1429
f 975/1455/1429 952/1461/1435 951/1462/1436
f 975/1455/1429 951/1462/1436 950/1463/1437
f 950/1463/1437 949/1464/1438 975/1455/1429
f 975/1455/1429 949/1464/1438 948/1465/1439
f 975/1455/1429 948/1465/1439 947/1466/1440
f 947/1466/1440 946/1467/1441 975/1455/1429
f 975/1455/1429 946/1467/1441 945/1468/1442
f 975/1455/1429 945/1468/1442 944/1469/1443
f 943/1470/1444 971/1471/1445 944/1469/1443
f 944/1469/1443 971/1471/1445 972/1472/1446
f 944/1469/1443 972/1472/1446 975/1455/1429
f 975/1455/1429 972/1472/1446 973/1473/1447
f 975/1455/1429 973/1473/1447 974/1474/1448
f 942/1475/1449 967/1476/1450 943/1470/1444
f 943/1470/1444 967/1476/1450 970/1477/1451
f 943/1470/1444 970/1477/1451 971/1471/1445
f 942/1475/1449 941/1478/1452 967/1476/1450
f 967/1476/1450 941/1478/1452 940/1479/1453
f 967/1476/1450 940/1479/1453 939/1480/1454
f 939/1480/1454 938/1481/1455 967/1476/1450
f 967/1476/1450 938/1481/1455 937/1482/1456
f 967/1476/1450 937/1482/1456 936/1483/1457
f 936/1483/1457 935/1484/1458 967/1476/1450
f 967/1476/1450 935/1484/1458 934/1485/1459
f 967/1476/1450 934/1485/1459 933/1486/1460
f 933/1486/1460 932/1487/1461 967/1476/1450
f 967/1476/1450 932/1487/1461 931/1488/1462
f 967/1476/1450 931/1488/1462 996/1489/1463
f 996/1489/1463 931/1488/1462 995/1490/1464
f 995/1490/1464 931/1488/1462 930/1491/1465
f 995/1490/1464 930/1491/1465 994/1492/1466
f 994/1492/1466 930/1491/1465 991/1493/1467
f 994/1492/1466 991/1493/1467 993/1494/1468
f 993/1494/1468 991/1493/1467 992/1495/1469
f 930/1491/1465 929/1496/1470 991/1493/1467
f 991/1493/1467 929/1496/1470 928/1497/1471
f 991/1493/1467 928/1497/1471 927/1498/1472
f 927/1498/1472 926/1499/1473 991/1493/1467
f 991/1493/1467 926/1499/1473 925/1500/1474
f 991/1493/1467 925/1500/1474 924/1501/1475
f 924/1501/1475 923/1502/1476 991/1493/1467
f 991/1493/1467 923/1502/1476 922/1503/1477
f 991/1493/1467 922/1503/1477 921/1504/1478
f 921/1504/1478 920/1505/1479 991/1493/1467
f 991/1493/1467 920/1505/1479 919/1506/1480
f 991/1493/1467 919/1506/1480 918/1507/1481
f 917/1508/1482 987/1509/1483 918/1507/1481
f 918/1507/1481 987/1509/1483 988/1510/1484
f 918/1507/1481 988/1510/1484 991/1493/1467
f 991/1493/1467 988/1510/1484 989/1511/1485
f 991/1493/1467 989/1511/1485 990/1512/1486
f 916/1438/1412 983/1440/1414 917/1508/1482
f 917/1508/1482 983/1440/1414 986/1513/1487
f 917/1508/1482 986/1513/1487 987/1509/1483
f 968/1514/1488 969/1515/1489 967/1476/1450
f 967/1476/1450 969/1515/1489 970/1477/1451
f 980/1451/1425 981/1516/1490 983/1440/1414
f 983/1440/1414 981/1516/1490 982/1517/1491
f 984/1518/1492 985/1519/1493 983/1440/1414
f 983/1440/1414 985/1519/1493 986/1513/1487
f 996/1489/1463 997/1520/1494 967/1476/1450
f 967/1476/1450 997/1520/1494 998/1521/1495
f 1005/1522/1496 982/1523/1497 1004/1524/1498
f 1004/1524/1498 982/1523/1497 981/1525/1499
f 1004/1524/1498 981/1525/1499 980/1526/1500
f 1004/1524/1498 980/1526/1500 1003/1527/1501
f 1003/1527/1501 980/1526/1500 979/1528/1502
f 1003/1527/1501 979/1528/1502 1002/1529/1503
f 1002/1529/1503 979/1528/1502 978/1530/1504
f 1002/1529/1503 978/1530/1504 1001/1531/1505
f 1001/1531/1505 978/1530/1504 977/1532/1506
f 1001/1531/1505 977/1532/1506 1000/1533/1507
f 1000/1533/1507 977/1532/1506 999/1534/1508
f 999/1534/1508 977/1532/1506 976/1535/1509
f 1012/1536/1510 974/1537/1511 1011/1538/1512
f 1011/1538/1512 974/1537/1511 973/1539/1513
f 1011/1538/1512 973/1539/1513 972/1540/1514
f 1011/1538/1512 972/1540/1514 1010/1541/1515
f 1010/1541/1515 972/1540/1514 971/1542/1516
f 1010/1541/1515 971/1542/1516 1009/1543/1517
f 1009/1543/1517 971/1542/1516 970/1544/1518
f 1009/1543/1517 970/1544/1518 1008/1545/1519
f 1008/1545/1519 970/1544/1518 969/1546/1520
f 1008/1545/1519 969/1546/1520 1007/1547/1521
f 1007/1547/1521 969/1546/1520 1006/1548/1522
f 1006/1548/1522 969/1546/1520 968/1549/1523
f 914/1550/1524 704/1551/1525 855/1552/1526
f 855/1552/1526 704/1551/1525 703/1553/1527
f 855/1554/1526 703/1555/1527 856/1556/1528
f 856/1556/1528 703/1555/1527 762/1557/1529
f 856/1556/1528 762/1557/1529 857/1558/1530
f 857/1558/1530 762/1557/1529 761/1559/1531
f 857/1558/1530 761/1559/1531 858/1560/1532
f 858/1560/1532 761/1559/1531 760/1561/1533
f 858/1560/1532 760/1561/1533 859/1562/1534
f 859/1562/1534 760/1561/1533 759/1563/1535
f 859/1562/1534 759/1563/1535 860/1564/1536
f 860/1564/1536 759/1563/1535 758/1565/1537
f 860/1564/1536 758/1565/1537 861/1566/1538
f 861/1566/1538 758/1565/1537 757/1567/1539
f 861/1566/1538 757/1567/1539 862/1568/1540
f 862/1568/1540 757/1567/1539 756/1569/1541
f 862/1568/1540 756/1569/1541 863/1570/1542
f 863/1570/1542 756/1569/1541 755/1571/1543
f 863/1570/1542 755/1571/1543 864/1572/1544
f 864/1572/1544 755/1571/1543 754/1573/1545
f 864/1572/1544 754/1573/1545 865/1574/1546
f 865/1574/1546 754/1573/1545 753/1575/1547
f 865/1574/1546 753/1575/1547 866/1576/1548
f 866/1576/1548 753/1575/1547 752/1577/1549
f 866/1576/1548 752/1577/1549 867/1578/1550
f 867/1578/1550 752/1577/1549 751/1579/1551
f 867/1578/1550 751/1579/1551 868/1580/1552
f 868/1580/1552 751/1579/1551 750/1581/1553
f 868/1580/1552 750/1581/1553 869/1582/1554
f 869/1582/1554 750/1581/1553 749/1583/1555
f 869/1582/1554 749/1583/1555 870/1584/1556
f 870/1584/1556 749/1583/1555 748/1585/1557
f 870/1584/1556 748/1585/1557 871/1586/1558
f 871/1586/1558 748/1585/1557 747/1587/1559
f 871/1586/1558 747/1587/1559 872/1588/1560
f 872/1588/1560 747/1587/1559 746/1589/1561
f 872/1588/1560 746/1589/1561 873/1590/1562
f 873/1590/1562 746/1589/1561 745/1591/1563
f 873/1590/1562 745/1591/1563 874/1592/1564
f 874/1592/1564 745/1591/1563 744/1593/1565
f 874/1592/1564 744/1593/1565 875/1594/1566
f 875/1594/1566 744/1593/1565 743/1595/1567
f 875/1594/1566 743/1595/1567 876/1596/1568
f 876/1596/1568 743/1595/1567 742/1597/1569
f 876/1596/1568 742/1597/1569 877/1598/1570
f 877/1598/1570 742/1597/1569 741/1599/1571
f 877/1598/1570 741/1599/1571 878/1600/1572
f 878/1600/1572 741/1599/1571 740/1601/1573
f 878/1600/1572 740/1601/1573 879/1602/1574
f 879/1602/1574 740/1601/1573 739/1603/1575
f 879/1602/1574 739/1603/1575 880/1604/1576
f 880/1604/1576 739/1603/1575 738/1605/1577
f 880/1604/1576 738/1605/1577 881/1606/1578
f 881/1606/1578 738/1605/1577 737/1607/1579
f 881/1606/1578 737/1607/1579 882/1608/1580
f 882/1608/1580 737/1607/1579 736/1609/1581
f 882/1608/1580 736/1609/1581 883/1610/1582
f 883/1610/1582 736/1609/1581 735/1611/1583
f 883/1610/1582 735/1611/1583 884/1612/1584
f 884/1612/1584 735/1611/1583 734/1613/1585
f 884/1612/1584 734/1613/1585 885/1614/1586
f 885/1614/1586 734/1613/1585 733/1615/1587
f 885/1614/1586 733/1615/1587 886/1616/1588
f 886/1616/1588 733/1615/1587 732/1617/1589
f 886/1616/1588 732/1617/1589 887/1618/1590
f 887/1618/1590 732/1617/1589 731/1619/1591
f 887/1618/1590 731/1619/1591 888/1620/1592
f 888/1620/1592 731/1619/1591 730/1621/1593
f 888/1620/1592 730/1621/1593 889/1622/1594
f 889/1622/1594 730/1621/1593 729/1623/1595
f 889/1622/1594 729/1623/1595 890/1624/1596
f 890/1624/1596 729/1623/1595 728/1625/1597
f 890/1624/1596 728/1625/1597 891/1626/1598
f 891/1626/1598 728/1625/1597 727/1627/1599
f 891/1626/1598 727/1627/1599 892/1628/1600
f 892/1628/1600 727/1627/1599 726/1629/1601
f 892/1628/1600 726/1629/1601 893/1630/1602
f 893/1630/1602 726/1629/1601 725/1631/1603
f 893/1630/1602 725/1631/1603 894/1632/1604
f 894/1632/1604 725/1631/1603 724/1633/1605
f 894/1632/1604 724/1633/1605 895/1634/1606
f 895/1634/1606 724/1633/1605 723/1635/1607
f 895/1634/1606 723/1635/1607 896/1636/1608
f 896/1636/1608 723/1635/1607 722/1637/1609
f 896/1636/1608 722/1637/1609 897/1638/1610
f 897/1638/1610 722/1637/1609 721/1639/1611
f 897/1638/1610 721/1639/1611 898/1640/1612
f 898/1640/1612 721/1639/1611 720/1641/1613
f 898/1640/1612 720/1641/1613 899/1642/1614
f 899/1642/1614 720/1641/1613 719/1643/1615
f 899/1642/1614 719/1643/1615 900/1644/1616
f 900/1644/1616 719/1643/1615 718/1645/1617
f 900/1644/1616 718/1645/1617 901/1646/1618
f 901/1646/1618 718/1645/1617 717/1647/1619
f 901/1646/1618 717/1647/1619 902/1648/1620
f 902/1648/1620 717/1647/1619 716/1649/1621
f 902/1648/1620 716/1649/1621 903/1650/1622
f 903/1650/1622 716/1649/1621 715/1651/1623
f 903/1650/1622 715/1651/1623 904/1652/1624
f 904/1652/1624 715/1651/1623 714/1653/1625
f 904/1652/1624 714/1653/1625 905/1654/1626
f 905/1654/1626 714/1653/1625 713/1655/1627
f 905/1654/1626 713/1655/1627 906/1656/1628
f 906/1656/1628 713/1655/1627 712/1657/1629
f 906/1656/1628 712/1657/1629 907/1658/1630
f 907/1658/1630 712/1657/1629 711/1659/1631
f 907/1658/1630 711/1659/1631 908/1660/1632
f 908/1660/1632 711/1659/1631 710/1661/1633
f 908/1660/1632 710/1661/1633 909/1662/1634
f 909/1662/1634 710/1661/1633 709/1663/1635
f 909/1662/1634 709/1663/1635 910/1664/1636
f 910/1664/1636 709/1663/1635 708/1665/1637
f 910/1664/1636 708/1665/1637 911/1666/1638
f 911/1666/1638 708/1665/1637 707/1667/1639
f 911/1666/1638 707/1667/1639 912/1668/1640
f 912/1668/1640 707/1667/1639 706/1669/1641
f 912/1668/1640 706/1669/1641 913/1670/1642
f 913/1670/1642 706/1669/1641 705/1671/1643
f 913/1670/1642 705/1671/1643 914/1550/1524
f 914/1550/1524 705/1671/1643 704/1551/1525
f 791/1672/1644 790/1673/1645 967/1674/1646
f 967/1674/1646 790/1673/1645 968/1675/1647
f 792/1676/1648 791/1677/1649 998/1678/1650
f 998/1678/1650 791/1677/1649 967/1679/1651
f 801/1680/1652 800/1681/1653 991/1682/1654
f 991/1682/1654 800/1681/1653 992/1683/1655
f 802/1684/1656 801/1685/1657 990/1686/1658
f 990/1686/1658 801/1685/1657 991/1687/1659
f 771/1688/1660 770/1689/1661 983/1690/1662
f 983/1690/1662 770/1689/1661 984/1691/1663
f 772/1692/1664 771/1693/1665 982/1694/1666
f 982/1694/1666 771/1693/1665 983/1695/1667
f 781/1696/1668 780/1697/1669 975/1698/1670
f 975/1698/1670 780/1697/1669 976/1699/1671
f 782/1700/1672 781/1701/1673 974/1702/1674
f 974/1702/1674 781/1701/1673 975/1703/1675
f 1019/1704/1676 998/1705/1677 1018/1706/1678
f 1018/1706/1678 998/1705/1677 997/1707/1679
f 1018/1706/1678 997/1707/1679 996/1708/1680
f 1018/1706/1678 996/1708/1680 1017/1709/1681
f 1017/1709/1681 996/1708/1680 995/1710/1682
f 1017/1709/1681 995/1710/1682 1016/1711/1683
f 1016/1711/1683 995/1710/1682 994/1712/1684
f 1016/1711/1683 994/1712/1684 1015/1713/1685
f 1015/1713/1685 994/1712/1684 993/1714/1686
f 1015/1713/1685 993/1714/1686 1014/1715/1687
f 1014/1715/1687 993/1714/1686 1013/1716/1688
f 1013/1716/1688 993/1714/1686 992/1717/1689
f 1019/1718/1690 1020/1719/1691 998/1720/1692
f 998/1720/1692 1020/1719/1691 793/1721/1693
f 998/1720/1692 793/1721/1693 792/1722/1694
f 1013/1723/1695 992/1724/1696 1021/1725/1697
f 1021/1725/1697 992/1724/1696 799/1726/1698
f 799/1726/1698 992/1724/1696 800/1727/1699
f 793/1728/1700 1020/1729/1701 794/1730/1702
f 794/1730/1702 1020/1729/1701 1022/1731/1703
f 794/1730/1702 1022/1731/1703 795/1732/1704
f 795/1732/1704 1022/1731/1703 1023/1733/1705
f 795/1732/1704 1023/1733/1705 796/1734/1706
f 796/1734/1706 1023/1733/1705 1024/1735/1707
f 796/1734/1706 1024/1735/1707 797/1736/1708
f 797/1736/1708 1024/1735/1707 1025/1737/1709
f 797/1736/1708 1025/1737/1709 798/1738/1710
f 798/1738/1710 1025/1737/1709 1026/1739/1711
f 798/1738/1710 1026/1739/1711 799/1740/1712
f 799/1740/1712 1026/1739/1711 1021/1741/1713
f 29/1742/1714 28/1743/1715 1020/1744/1716
f 1020/1744/1716 28/1743/1715 54/1745/1717
f 1020/1744/1716 54/1745/1717 1022/1746/1718
f 1022/1746/1718 54/1745/1717 53/1747/1719
f 1022/1746/1718 53/1747/1719 52/1748/1720
f 1022/1746/1718 52/1748/1720 1023/1749/1721
f 1023/1749/1721 52/1748/1720 51/1750/1722
f 1023/1749/1721 51/1750/1722 50/1751/1723
f 1023/1749/1721 50/1751/1723 1024/1752/1724
f 1024/1752/1724 50/1751/1723 49/1753/1725
f 1024/1752/1724 49/1753/1725 48/1754/1726
f 48/1754/1726 47/1755/1727 1024/1752/1724
f 1024/1752/1724 47/1755/1727 1025/1756/1728
f 1025/1756/1728 47/1755/1727 46/1757/1729
f 1025/1756/1728 46/1757/1729 45/1758/1730
f 1025/1756/1728 45/1758/1730 1026/1759/1731
f 1026/1759/1731 45/1758/1730 44/1760/1732
f 1026/1759/1731 44/1760/1732 1021/1761/1733
f 1021/1761/1733 44/1760/1732 43/1762/1734
f 1021/1761/1733 43/1762/1734 1013/1763/1735
f 1013/1763/1735 43/1762/1734 42/1764/1736
f 1013/1763/1735 42/1764/1736 41/1765/1737
f 1013/1763/1735 41/1765/1737 1014/1766/1738
f 1014/1766/1738 41/1765/1737 40/1767/1739
f 1014/1766/1738 40/1767/1739 39/1768/1740
f 1014/1766/1738 39/1768/1740 1015/1769/1741
f 1015/1769/1741 39/1768/1740 38/1770/1742
f 1015/1769/1741 38/1770/1742 37/1771/1743
f 1015/1769/1741 37/1771/1743 1016/1772/1744
f 1016/1772/1744 37/1771/1743 36/1773/1745
f 1016/1772/1744 36/1773/1745 35/1774/1746
f 1016/1772/1744 35/1774/1746 1017/1775/1747
f 1017/1775/1747 35/1774/1746 34/1776/1748
f 1017/1775/1747 34/1776/1748 33/1777/1749
f 1017/1775/1747 33/1777/1749 1018/1778/1750
f 1018/1778/1750 33/1777/1749 32/1779/1751
f 1018/1778/1750 32/1779/1751 31/1780/1752
f 1018/1778/1750 31/1780/1752 1019/1781/1753
f 1019/1781/1753 31/1780/1752 30/1782/1754
f 1019/1781/1753 30/1782/1754 1020/1744/1716
f 1020/1744/1716 30/1782/1754 29/1742/1714
f 1006/1783/1755 968/1784/1756 1027/1785/1757
f 1027/1785/1757 968/1784/1756 789/1786/1758
f 789/1786/1758 968/1784/1756 790/1787/1759
f 783/1788/1760 1028/1789/1761 784/1790/1762
f 784/1790/1762 1028/1789/1761 1029/1791/1763
f 784/1790/1762 1029/1791/1763 785/1792/1764
f 785/1792/1764 1029/1791/1763 1030/1793/1765
f 785/1792/1764 1030/1793/1765 786/1794/1766
f 786/1794/1766 1030/1793/1765 1031/1795/1767
f 786/1794/1766 1031/1795/1767 787/1796/1768
f 787/1796/1768 1031/1795/1767 1032/1797/1769
f 787/1796/1768 1032/1797/1769 788/1798/1770
f 788/1798/1770 1032/1797/1769 1033/1799/1771
f 788/1798/1770 1033/1799/1771 789/1800/1772
f 789/1800/1772 1033/1799/1771 1027/1801/1773
f 1012/1802/1774 1028/1803/1775 974/1804/1776
f 974/1804/1776 1028/1803/1775 783/1805/1777
f 974/1804/1776 783/1805/1777 782/1806/1778
f 340/1807/1779 339/1808/1780 1031/1809/1781
f 1031/1809/1781 339/1808/1780 364/1810/1782
f 1031/1809/1781 364/1810/1782 1032/1811/1783
f 1032/1811/1783 364/1810/1782 363/1812/1784
f 1032/1811/1783 363/1812/1784 362/1813/1785
f 1032/1811/1783 362/1813/1785 1033/1814/1786
f 1033/1814/1786 362/1813/1785 361/1815/1787
f 1033/1814/1786 361/1815/1787 360/1816/1788
f 359/1817/1789 1006/1818/1790 360/1816/1788
f 360/1816/1788 1006/1818/1790 1027/1819/1791
f 360/1816/1788 1027/1819/1791 1033/1814/1786
f 359/1817/1789 358/1820/1792 1006/1818/1790
f 1006/1818/1790 358/1820/1792 1007/1821/1793
f 1007/1821/1793 358/1820/1792 357/1822/1794
f 1007/1821/1793 357/1822/1794 1008/1823/1795
f 1008/1823/1795 357/1822/1794 356/1824/1796
f 1008/1823/1795 356/1824/1796 355/1825/1797
f 1008/1823/1795 355/1825/1797 1009/1826/1798
f 1009/1826/1798 355/1825/1797 354/1827/1799
f 1009/1826/1798 354/1827/1799 353/1828/1800
f 353/1828/1800 352/1829/1801 1009/1826/1798
f 1009/1826/1798 352/1829/1801 1010/1830/1802
f 1010/1830/1802 352/1829/1801 351/1831/1803
f 1010/1830/1802 351/1831/1803 350/1832/1804
f 1010/1830/1802 350/1832/1804 1011/1833/1805
f 1011/1833/1805 350/1832/1804 349/1834/1806
f 1011/1833/1805 349/1834/1806 1012/1835/1807
f 1012/1835/1807 349/1834/1806 348/1836/1808
f 1012/1835/1807 348/1836/1808 347/1837/1809
f 1012/1835/1807 347/1837/1809 1028/1838/1810
f 1028/1838/1810 347/1837/1809 346/1839/1811
f 1028/1838/1810 346/1839/1811 345/1840/1812
f 1028/1838/1810 345/1840/1812 1029/1841/1813
f 1029/1841/1813 345/1840/1812 344/1842/1814
f 1029/1841/1813 344/1842/1814 343/1843/1815
f 1029/1841/1813 343/1843/1815 1030/1844/1816
f 1030/1844/1816 343/1843/1815 342/1845/1817
f 1030/1844/1816 342/1845/1817 341/1846/1818
f 341/1846/1818 340/1807/1779 1030/1844/1816
f 1030/1844/1816 340/1807/1779 1031/1809/1781
f 1005/1847/1819 1034/1848/1820 982/1849/1821
f 982/1849/1821 1034/1848/1820 773/1850/1822
f 982/1849/1821 773/1850/1822 772/1851/1823
f 999/1852/1824 976/1853/1825 1035/1854/1826
f 1035/1854/1826 976/1853/1825 779/1855/1827
f 779/1855/1827 976/1853/1825 780/1856/1828
f 773/1857/1829 1034/1858/1830 774/1859/1831
f 774/1859/1831 1034/1858/1830 1036/1860/1832
f 774/1859/1831 1036/1860/1832 775/1861/1833
f 775/1861/1833 1036/1860/1832 1037/1862/1834
f 775/1861/1833 1037/1862/1834 776/1863/1835
f 776/1863/1835 1037/1862/1834 1038/1864/1836
f 776/1863/1835 1038/1864/1836 777/1865/1837
f 777/1865/1837 1038/1864/1836 1039/1866/1838
f 777/1865/1837 1039/1866/1838 778/1867/1839
f 778/1867/1839 1039/1866/1838 1040/1868/1840
f 778/1867/1839 1040/1868/1840 779/1869/1841
f 779/1869/1841 1040/1868/1840 1035/1870/1842
f 262/1871/1843 1000/1872/1844 237/1873/1845
f 237/1873/1845 1000/1872/1844 999/1874/1846
f 237/1873/1845 999/1874/1846 238/1875/1847
f 238/1875/1847 999/1874/1846 1035/1876/1848
f 238/1875/1847 1035/1876/1848 239/1877/1849
f 239/1877/1849 1035/1876/1848 1040/1878/1850
f 239/1877/1849 1040/1878/1850 240/1879/1851
f 240/1879/1851 1040/1878/1850 241/1880/1852
f 241/1880/1852 1040/1878/1850 1039/1881/1853
f 241/1880/1852 1039/1881/1853 242/1882/1854
f 242/1882/1854 1039/1881/1853 243/1883/1855
f 243/1883/1855 1039/1881/1853 1038/1884/1856
f 243/1883/1855 1038/1884/1856 244/1885/1857
f 244/1885/1857 1038/1884/1856 245/1886/1858
f 245/1886/1858 1038/1884/1856 1037/1887/1859
f 245/1886/1858 1037/1887/1859 246/1888/1860
f 246/1888/1860 1037/1887/1859 247/1889/1861
f 247/1889/1861 1037/1887/1859 1036/1890/1862
f 247/1889/1861 1036/1890/1862 248/1891/1863
f 248/1891/1863 1036/1890/1862 249/1892/1864
f 249/1892/1864 1036/1890/1862 250/1893/1865
f 250/1893/1865 1036/1890/1862 1034/1894/1866
f 250/1893/1865 1034/1894/1866 251/1895/1867
f 251/1895/1867 1034/1894/1866 252/1896/1868
f 252/1896/1868 1034/1894/1866 1005/1897/1869
f 252/1896/1868 1005/1897/1869 253/1898/1870
f 253/1898/1870 1005/1897/1869 1004/1899/1871
f 253/1898/1870 1004/1899/1871 254/1900/1872
f 254/1900/1872 1004/1899/1871 255/1901/1873
f 255/1901/1873 1004/1899/1871 1003/1902/1874
f 255/1901/1873 1003/1902/1874 256/1903/1875
f 256/1903/1875 1003/1902/1874 257/1904/1876
f 257/1904/1876 1003/1902/1874 1002/1905/1877
f 257/1904/1876 1002/1905/1877 258/1906/1878
f 258/1906/1878 1002/1905/1877 259/1907/1879
f 259/1907/1879 1002/1905/1877 1001/1908/1880
f 259/1907/1879 1001/1908/1880 260/1909/1881
f 260/1909/1881 1001/1908/1880 261/1910/1882
f 261/1910/1882 1001/1908/1880 1000/1872/1844
f 261/1910/1882 1000/1872/1844 262/1871/1843
f 1047/1911/1883 990/1912/1884 1046/1913/1885
f 1046/1913/1885 990/1912/1884 989/1914/1886
f 1046/1913/1885 989/1914/1886 988/1915/1887
f 1046/1913/1885 988/1915/1887 1045/1916/1888
f 1045/1916/1888 988/1915/1887 987/1917/1889
f 1045/1916/1888 987/1917/1889 1044/1918/1890
f 1044/1918/1890 987/1917/1889 986/1919/1891
f 1044/1918/1890 986/1919/1891 1043/1920/1892
f 1043/1920/1892 986/1919/1891 985/1921/1893
f 1043/1920/1892 985/1921/1893 1042/1922/1894
f 1042/1922/1894 985/1921/1893 1041/1923/1895
f 1041/1923/1895 985/1921/1893 984/1924/1896
f 1047/1925/1897 1048/1926/1898 990/1927/1899
f 990/1927/1899 1048/1926/1898 763/1928/1900
f 990/1927/1899 763/1928/1900 802/1929/1901
f 1041/1930/1902 984/1931/1903 1049/1932/1904
f 1049/1932/1904 984/1931/1903 769/1933/1905
f 769/1933/1905 984/1931/1903 770/1934/1906
f 763/1935/1907 1048/1936/1908 764/1937/1909
f 764/1937/1909 1048/1936/1908 1050/1938/1910
f 764/1937/1909 1050/1938/1910 765/1939/1911
f 765/1939/1911 1050/1938/1910 1051/1940/1912
f 765/1939/1911 1051/1940/1912 766/1941/1913
f 766/1941/1913 1051/1940/1912 1052/1942/1914
f 766/1941/1913 1052/1942/1914 767/1943/1915
f 767/1943/1915 1052/1942/1914 1053/1944/1916
f 767/1943/1915 1053/1944/1916 768/1945/1917
f 768/1945/1917 1053/1944/1916 1054/1946/1918
f 768/1945/1917 1054/1946/1918 769/1947/1919
f 769/1947/1919 1054/1946/1918 1049/1948/1920
f 160/1949/1921 1045/1950/1922 135/1951/1923
f 135/1951/1923 1045/1950/1922 1044/1952/1924
f 135/1951/1923 1044/1952/1924 136/1953/1925
f 136/1953/1925 1044/1952/1924 137/1954/1926
f 137/1954/1926 1044/1952/1924 138/1955/1927
f 138/1955/1927 1044/1952/1924 1043/1956/1928
f 138/1955/1927 1043/1956/1928 139/1957/1929
f 139/1957/1929 1043/1956/1928 140/1958/1930
f 140/1958/1930 1043/1956/1928 1042/1959/1931
f 140/1958/1930 1042/1959/1931 141/1960/1932
f 141/1960/1932 1042/1959/1931 1041/1961/1933
f 141/1960/1932 1041/1961/1933 142/1962/1934
f 142/1962/1934 1041/1961/1933 143/1963/1935
f 143/1963/1935 1041/1961/1933 1049/1964/1936
f 143/1963/1935 1049/1964/1936 1054/1965/1937
f 160/1949/1921 159/1966/1938 1045/1950/1922
f 1045/1950/1922 159/1966/1938 1046/1967/1939
f 1046/1967/1939 159/1966/1938 158/1968/1940
f 1046/1967/1939 158/1968/1940 1047/1969/1941
f 1047/1969/1941 158/1968/1940 157/1970/1942
f 1047/1969/1941 157/1970/1942 156/1971/1943
f 1047/1969/1941 156/1971/1943 1048/1972/1944
f 1048/1972/1944 156/1971/1943 155/1973/1945
f 1048/1972/1944 155/1973/1945 154/1974/1946
f 1048/1972/1944 154/1974/1946 1050/1975/1947
f 1050/1975/1947 154/1974/1946 153/1976/1948
f 1050/1975/1947 153/1976/1948 152/1977/1949
f 1050/1975/1947 152/1977/1949 1051/1978/1950
f 1051/1978/1950 152/1977/1949 151/1979/1951
f 1051/1978/1950 151/1979/1951 150/1980/1952
f 150/1980/1952 149/1981/1953 1051/1978/1950
f 1051/1978/1950 149/1981/1953 1052/1982/1954
f 1052/1982/1954 149/1981/1953 148/1983/1955
f 1052/1982/1954 148/1983/1955 147/1984/1956
f 1052/1982/1954 147/1984/1956 1053/1985/1957
f 1053/1985/1957 147/1984/1956 146/1986/1958
f 1053/1985/1957 146/1986/1958 145/1987/1959
f 1053/1985/1957 145/1987/1959 1054/1965/1937
f 1054/1965/1937 145/1987/1959 144/1988/1960
f 1054/1965/1937 144/1988/1960 143/1963/1935
# 1054 vertices
# 1988 texture params
# 1960 normals
# 2124 facets

# 1 groups
